participant_id,latent_engagement
P0001,-1.550440007891
P0002,-1.702156932375
P0003,1.268918355400
P0004,-1.298559889686
P0005,2.026683674406
P0006,0.832262482259
P0007,0.774521592457
P0008,-1.081821418432
P0009,0.844805111586
P0010,0.706337056486
P0011,-0.511935029217
P0012,0.159926630994
P0013,-2.046615974304
P0014,1.457497894724
P0015,0.041425576242
P0016,-1.467181139472
P0017,0.096399649510
P0018,0.801849609638
P0019,-1.088395873749
P0020,1.530877887742
P0021,-0.859484713278
P0022,0.085566115042
P0023,-0.589854804752
P0024,-1.039901910642
P0025,1.294682962127
P0026,1.934169265396
P0027,-0.605179641080
P0028,0.047321835005
P0029,0.523971094950
P0030,-0.339066754681
P0031,-0.943299280449
P0032,1.055778515340
P0033,-0.421664406255
P0034,-0.369721939430
P0035,1.035071255449
P0036,-0.098656833905
P0037,-1.797639478321
P0038,-1.104305663423
P0039,-0.789155501264
P0040,-0.359181429867
P0041,-0.897336587237
P0042,0.376096501877
P0043,0.676887853023
P0044,-0.521485071553
P0045,0.722034010451
P0046,1.308004301821
P0047,1.013290584859
P0048,-0.408075249172
P0049,-0.287571162635
P0050,1.862535859709
P0051,1.647970098944
P0052,0.144832666763
P0053,0.513534687889
P0054,-0.763351105535
P0055,-1.174799436873
P0056,-1.116876541171
P0057,-0.776728576676
P0058,-1.063081698843
P0059,-0.781876551038
P0060,-1.606663604634
P0061,-1.092256787479
P0062,-0.034536200462
P0063,-2.362648705914
P0064,1.328948964178
P0065,0.171993390455
P0066,0.604543529884
P0067,-0.201996653602
P0068,-0.794647719468
P0069,-0.865861141579
P0070,-1.133599482220
P0071,-0.512767234277
P0072,-0.844634833921
P0073,-1.131822107434
P0074,-0.161144396903
P0075,0.998791492829
P0076,2.565830867871
P0077,0.607608372067
P0078,1.557555263427
P0079,-0.437277805145
P0080,-0.083821196587
P0081,0.217017339669
P0082,2.419593874917
P0083,-1.285097509720
P0084,1.595136496852
P0085,0.878102208222
P0086,-0.336258455640
P0087,-1.136647285481
P0088,-0.085208266638
P0089,-0.340897316774
P0090,0.283138749798
P0091,-0.669247096511
P0092,-0.174322398844
P0093,-1.785470230739
P0094,1.065070298300
P0095,-0.770114895930
P0096,0.808356377183
P0097,-0.059444898158
P0098,0.052990282594
P0099,-1.349723996365
P0100,0.135191775007
P0101,-2.021871575353
P0102,1.387590788412
P0103,0.429988510159
P0104,-2.059358614225
P0105,-0.039470116105
P0106,-0.586087706485
P0107,-0.701139540847
P0108,-1.344607084181
P0109,0.065200780804
P0110,-0.513510933762
P0111,-0.414899880521
P0112,0.233685018677
P0113,0.000151984012
P0114,-0.256325935705
P0115,0.641544450539
P0116,-0.378519834067
P0117,-0.136136740888
P0118,-1.334087106045
P0119,-0.043131682181
P0120,1.762210057666
P0121,-1.280783893578
P0122,-0.425538344394
P0123,-1.801882538706
P0124,-0.198340613040
P0125,1.144439376171
P0126,0.176360974521
P0127,0.810882334083
P0128,1.183343810481
P0129,-0.604131018561
P0130,-0.452070070886
P0131,-1.733249619807
P0132,2.254637127405
P0133,-0.290293546108
P0134,-1.541502976882
P0135,-1.037582317639
P0136,0.960078927912
P0137,0.163113481027
P0138,0.108320388624
P0139,-0.008274727716
P0140,0.495336463537
P0141,0.270193268357
P0142,-0.707613061947
P0143,-1.939668042499
P0144,-0.066399399366
P0145,-1.575172400164
P0146,-1.513199659019
P0147,1.507960878515
P0148,1.206720272503
P0149,0.855912095710
P0150,0.278789509122
P0151,0.973094046535
P0152,-0.330269465863
P0153,-0.773081368886
P0154,-0.645269134192
P0155,0.638082050315
P0156,-1.390937259007
P0157,1.639595402830
P0158,-0.207043974598
P0159,-0.550499707169
P0160,0.242844259587
P0161,-0.893897262590
P0162,-1.088518591395
P0163,-0.525810011526
P0164,0.829627430834
P0165,-0.605206012261
P0166,0.793626835176
P0167,-0.983136677353
P0168,-1.640667208358
P0169,0.984813904391
P0170,-2.075235688518
P0171,-1.196128526548
P0172,-1.427269058297
P0173,2.469160530614
P0174,1.469209376654
P0175,0.767287585342
P0176,-0.481889985196
P0177,-0.821923345718
P0178,-3.379965337677
P0179,-0.123315373441
P0180,0.480620581111
P0181,0.604827191391
P0182,-0.815123710868
P0183,0.413837931192
P0184,-0.796300092364
P0185,1.757867585890
P0186,0.846403804498
P0187,-0.854081711589
P0188,-0.906615370231
P0189,1.564898249055
P0190,0.525943946450
P0191,-1.083730142090
P0192,-1.249148350920
P0193,0.837202552030
P0194,0.256783779472
P0195,-1.622783673516
P0196,-1.066004782590
P0197,-0.879955460329
P0198,0.719479063497
P0199,0.974318689260
P0200,-0.434208328993
P0201,-2.124888006901
P0202,-0.341994886181
P0203,-1.326945437426
P0204,0.651801628606
P0205,0.608686741419
P0206,0.405531462242
P0207,1.972506390532
P0208,0.595611127023
P0209,0.649116924916
P0210,0.685982811490
P0211,2.828341218398
P0212,0.769337370288
P0213,0.830259299864
P0214,-1.189949173284
P0215,-0.608025585924
P0216,-0.197956611863
P0217,0.203509862989
P0218,-0.516201415404
P0219,-0.292400096448
P0220,0.269696940940
P0221,-0.573993352324
P0222,-1.302555420351
P0223,-1.341445138123
P0224,0.697622465489
P0225,-0.424534384687
P0226,-1.107641811994
P0227,-0.749251582173
P0228,0.445334505548
P0229,-0.450422741601
P0230,0.004907962327
P0231,0.983288690726
P0232,0.272246620466
P0233,0.039035692689
P0234,1.209537919644
P0235,1.796058338592
P0236,-0.457304770960
P0237,-0.702423402355
P0238,0.429032449217
P0239,1.054041472698
P0240,1.492437587837
P0241,1.027600207974
P0242,-0.907448919695
P0243,1.217790113138
P0244,-1.242823471460
P0245,0.244152461421
P0246,-0.043307499074
P0247,0.929820033077
P0248,-0.585653963202
P0249,0.587025663944
P0250,1.325100755434
P0251,1.452204524726
P0252,0.403251341750
P0253,-0.038849881600
P0254,-0.211759829359
P0255,-0.177753154316
P0256,1.412359458785
P0257,-1.622608925412
P0258,1.171719837723
P0259,0.691571984360
P0260,0.035628620650
P0261,-1.487229440418
P0262,0.606080479729
P0263,0.006265482410
P0264,0.240754718665
P0265,-0.998803949343
P0266,1.782524554370
P0267,0.565243311410
P0268,-0.702231055345
P0269,0.053165489373
P0270,-1.000422799520
P0271,-1.230491901514
P0272,0.357633871995
P0273,0.184681876792
P0274,-0.464987537218
P0275,0.011406025718
P0276,0.322394762354
P0277,-0.554917070094
P0278,1.733779585385
P0279,2.170501757028
P0280,-0.397394678494
P0281,0.590704739850
P0282,0.336333943061
P0283,-0.286614655690
P0284,0.858467535825
P0285,0.067534125681
P0286,1.057831960443
P0287,0.364440235219
P0288,-0.204846878675
P0289,-1.563384253709
P0290,-1.223916217394
P0291,-0.031868372120
P0292,-0.334470654548
P0293,-1.136711850772
P0294,0.297628212993
P0295,-0.536941012719
P0296,-2.352265877630
P0297,-0.155061156699
P0298,-0.164311816427
P0299,-0.574048006436
P0300,-0.126574891088
P0301,0.133354519910
P0302,0.569168875044
P0303,1.176689795011
P0304,1.446608894502
P0305,-1.722045636098
P0306,0.529242029916
P0307,0.582465353867
P0308,0.219776246889
P0309,-1.391947466775
P0310,-0.312415363661
P0311,-0.407824267953
P0312,-0.842435138769
P0313,0.868633714326
P0314,-0.160787299521
P0315,0.002552335166
P0316,-0.369250277528
P0317,-0.836371452419
P0318,0.476627750646
P0319,-1.910473441698
P0320,0.655258092273
P0321,-0.172193113204
P0322,0.407454060977
P0323,1.047024283272
P0324,-0.213443353849
P0325,1.970341067531
P0326,1.096976733318
P0327,0.155867735055
P0328,0.205856359126
P0329,-1.420128747355
P0330,-0.450880585501
P0331,1.716602866100
P0332,-2.014420732661
P0333,0.839103517930
P0334,-0.323042358195
P0335,0.628506920328
P0336,0.796099474194
P0337,0.471397289911
P0338,-1.192125689518
P0339,0.369607050150
P0340,1.224706053740
P0341,-1.924236216394
P0342,0.719004998697
P0343,-0.758568975490
P0344,1.385852371387
P0345,0.638829664239
P0346,0.434733477537
P0347,-2.328056458835
P0348,0.220093199504
P0349,0.791323968003
P0350,-0.633843476138
P0351,-1.168448756054
P0352,-1.005974452864
P0353,0.488288645011
P0354,-0.402582970219
P0355,1.465034047070
P0356,-1.513143673022
P0357,-0.945391883232
P0358,-1.457864442124
P0359,-2.105161561011
P0360,-1.269336426984
P0361,-1.258792511873
P0362,0.016993164443
P0363,0.673839790824
P0364,-0.557197805684
P0365,1.444809422393
P0366,-0.156392315502
P0367,-0.618432087526
P0368,-0.471393419975
P0369,0.592806670737
P0370,0.413538690042
P0371,1.650437761856
P0372,-1.542693967550
P0373,0.123192729511
P0374,0.870475396298
P0375,0.612420503056
P0376,-0.657024552633
P0377,-2.064627088602
P0378,0.018248336662
P0379,0.278117196478
P0380,-0.886719809410
P0381,-0.116629865366
P0382,-0.357181299556
P0383,0.904760233665
P0384,-0.575215633397
P0385,-0.348931183013
P0386,-0.823169548866
P0387,0.651018968364
P0388,-1.591235782750
P0389,1.473717759528
P0390,-0.798709617819
P0391,1.396508498558
P0392,-0.254993259570
P0393,0.981147266674
P0394,-1.056561412230
P0395,0.622861333559
P0396,0.218111919748
P0397,0.282072760202
P0398,0.115841607918
P0399,0.363353296990
P0400,0.525854740189
P0401,1.496436363931
P0402,0.138857219550
P0403,-0.083357626414
P0404,-1.013316774811
P0405,0.301184679881
P0406,-1.268995707145
P0407,-0.735875098881
P0408,2.143805771833
P0409,1.632057822198
P0410,0.664824393791
P0411,0.199406143669
P0412,-0.143536604494
P0413,-1.681595094676
P0414,-0.815638082457
P0415,-0.600097072644
P0416,-0.771781635910
P0417,-0.145206609363
P0418,0.438056572999
P0419,0.981785399546
P0420,-1.076243678491
P0421,-0.699935083684
P0422,1.239535222696
P0423,-0.302034347818
P0424,-0.138450883731
P0425,1.951432751054
P0426,0.569199489170
P0427,-1.623058623447
P0428,-0.835191274192
P0429,0.176158823024
P0430,-1.863933922957
P0431,-0.801585392916
P0432,-1.774109762215
P0433,-0.892833740228
P0434,-0.962528241507
P0435,-1.851372753233
P0436,0.381648219619
P0437,0.109337380163
P0438,0.770242918563
P0439,0.351240261377
P0440,0.971490586395
P0441,-0.461506452825
P0442,0.340787436674
P0443,0.629304526049
P0444,0.982094115042
P0445,0.379347538989
P0446,-1.352284281914
P0447,-1.508705882182
P0448,-0.381227924883
P0449,-0.947026740270
P0450,0.560171894378
P0451,-0.334515480793
P0452,-1.149759553571
P0453,-0.040281767243
P0454,0.559789705310
P0455,0.926437906540
P0456,-0.887414910401
P0457,-0.772318689932
P0458,-0.592889812117
P0459,0.143487857897
P0460,-1.888193983138
P0461,1.217729362739
P0462,0.933312132349
P0463,1.515031065327
P0464,-0.911202475049
P0465,-0.340018682100
P0466,1.066039972469
P0467,-0.837865283761
P0468,-1.865444702795
P0469,0.158663178512
P0470,0.336104475483
P0471,0.692552660163
P0472,0.374811855251
P0473,-1.089992468695
P0474,-1.208066955220
P0475,-1.466269864155
P0476,0.633918078131
P0477,-1.205161583905
P0478,0.846839700591
P0479,3.325907897141
P0480,-1.215772602739
P0481,-0.848440692936
P0482,0.468038792633
P0483,-0.622655669775
P0484,-0.781652970851
P0485,0.224524558484
P0486,0.146564565393
P0487,0.213725807652
P0488,0.748826174802
P0489,0.318756649908
P0490,-0.390071646074
P0491,2.517794984165
P0492,-0.874205181084
P0493,0.261909251362
P0494,0.177676814499
P0495,1.580008881135
P0496,0.444402531801
P0497,2.420781767341
P0498,0.127882552232
P0499,1.332125289445
P0500,0.476697283277
P0501,-0.170099262369
P0502,0.742132914527
P0503,-0.021084926552
P0504,-0.808040270124
P0505,1.552230159138
P0506,0.585159351171
P0507,1.044924527250
P0508,-0.301744279793
P0509,-0.624174258382
P0510,0.656099621722
P0511,-0.089179767748
P0512,-1.857660896487
P0513,0.512486455224
P0514,0.806092875358
P0515,-0.867042966944
P0516,-0.109577707234
P0517,1.287987742668
P0518,-1.582023226007
P0519,-0.692657743124
P0520,-0.193978168054
P0521,0.425166668262
P0522,-1.583362556780
P0523,0.920965422405
P0524,1.482271191223
P0525,-0.345384972526
P0526,0.602640989369
P0527,1.027637469708
P0528,1.342535007453
P0529,0.839043439702
P0530,0.915876714640
P0531,-1.242239268897
P0532,-0.117752093271
P0533,0.909259396149
P0534,-0.899350411586
P0535,-0.945903071560
P0536,-0.349699821877
P0537,-0.170968427706
P0538,-0.841470567078
P0539,-0.292019706791
P0540,1.592375789135
P0541,-0.403331450991
P0542,-0.581643989709
P0543,-1.266267201398
P0544,-0.068575650733
P0545,-0.076350755112
P0546,0.027526283822
P0547,-0.697839894119
P0548,-0.305309379747
P0549,1.734381264650
P0550,-0.987886981545
P0551,-0.015910797880
P0552,-0.228995593933
P0553,-1.934319833340
P0554,0.340922544675
P0555,0.852719007185
P0556,0.781488923007
P0557,0.740550190794
P0558,1.251075512670
P0559,-0.041371174054
P0560,0.201672124795
P0561,0.795054752298
P0562,1.625296329602
P0563,1.751401806936
P0564,1.588728423151
P0565,-0.051849481843
P0566,0.738053552559
P0567,0.121857313873
P0568,1.904970816108
P0569,-0.116203059136
P0570,-1.468151243363
P0571,1.217033710306
P0572,0.062860996488
P0573,0.894666197867
P0574,0.498847478708
P0575,-0.479583087100
P0576,0.858119960211
P0577,-2.932822376381
P0578,-0.716107918551
P0579,1.841624219862
P0580,-0.130839879284
P0581,-0.839953606643
P0582,1.503599767976
P0583,0.979775622502
P0584,1.237851350366
P0585,1.123110053134
P0586,0.481983463886
P0587,-0.937725912626
P0588,0.005090964484
P0589,-0.469888330939
P0590,0.356918550137
P0591,-0.980461420598
P0592,-1.616980035567
P0593,1.353226701949
P0594,-0.441457841188
P0595,0.186361465268
P0596,-0.668607033306
P0597,-0.809481812689
P0598,-0.616327989193
P0599,0.631246568571
P0600,1.150912754080
P0601,0.966160212625
P0602,1.231684240612
P0603,1.134469183307
P0604,-0.249177864947
P0605,0.394031263440
P0606,-0.381866096725
P0607,0.444172662152
P0608,-0.118556497699
P0609,0.096147609487
P0610,0.590541307875
P0611,-0.916253541815
P0612,0.065526126002
P0613,-0.604872959966
P0614,0.278979708852
P0615,-0.261777146528
P0616,-0.774785578071
P0617,0.529546618030
P0618,0.630407401870
P0619,-1.754019888301
P0620,1.128692873607
P0621,0.440814124002
P0622,-2.739815192077
P0623,-0.059434115123
P0624,1.164175789599
P0625,1.481492834415
P0626,-0.783846858923
P0627,1.507223545203
P0628,-2.428877030063
P0629,-0.602299559311
P0630,-1.901348313082
P0631,-1.748052463295
P0632,1.336838439636
P0633,0.487667802767
P0634,-1.849463043290
P0635,-0.149699518063
P0636,1.410303093174
P0637,0.795016603213
P0638,0.137064564837
P0639,-1.623818407630
P0640,0.169818795491
P0641,0.642109698555
P0642,1.573304448586
P0643,-2.256334627287
P0644,0.683099344051
P0645,-0.168402859242
P0646,-1.589008881854
P0647,0.461301987704
P0648,-0.320128874221
P0649,-0.755236481647
P0650,-0.832467240623
P0651,-1.772190895491
P0652,0.471949188779
P0653,-1.453033190953
P0654,-0.368586038961
P0655,-0.427389487774
P0656,1.134614580005
P0657,-0.595047899306
P0658,-1.267740666952
P0659,0.547606818011
P0660,0.437461872622
P0661,-0.501924126808
P0662,-0.917874089969
P0663,-0.580092283476
P0664,1.720402932701
P0665,0.179691535979
P0666,-0.583335699305
P0667,0.616304043389
P0668,1.074172397180
P0669,-0.269759496128
P0670,1.255356211420
P0671,-0.411304684323
P0672,0.047018892563
P0673,2.199836940671
P0674,0.570678692800
P0675,1.053443062137
P0676,-0.131654802428
P0677,-0.310934876193
P0678,-1.650356558077
P0679,-0.030966375775
P0680,-0.044113596919
P0681,0.545180730883
P0682,0.628940356108
P0683,0.379471380359
P0684,0.380035871337
P0685,-0.727360628416
P0686,-1.698626147375
P0687,0.275116974413
P0688,0.393150981357
P0689,-0.096125519391
P0690,-1.397675513073
P0691,-0.460288871858
P0692,0.830693892437
P0693,-0.586614882082
P0694,-0.560503978513
P0695,-0.792588071870
P0696,0.647210584937
P0697,-1.210137592675
P0698,-2.084845616483
P0699,1.084604442875
P0700,0.527047629310
P0701,-0.463545950634
P0702,1.493251599281
P0703,1.506773198717
P0704,-0.141367039000
P0705,0.895317690989
P0706,0.880581876376
P0707,0.326125408225
P0708,0.437649508076
P0709,2.101295186083
P0710,0.165819052291
P0711,0.549335070174
P0712,0.589934084343
P0713,0.440015118814
P0714,-0.811345830603
P0715,-0.590480353826
P0716,-0.243205360473
P0717,-0.647362573334
P0718,0.286344469278
P0719,-0.035862345981
P0720,-0.110029535447
P0721,-1.191132106032
P0722,-0.073222636259
P0723,1.177217408023
P0724,-1.773692802433
P0725,-1.931924623716
P0726,0.468496773603
P0727,-0.616191126990
P0728,1.699524415222
P0729,1.171222486984
P0730,-2.090379699934
P0731,-0.987608774689
P0732,0.785920676190
P0733,0.275317336107
P0734,0.289264791308
P0735,-1.639763404158
P0736,1.302524624950
P0737,-0.961118595980
P0738,-0.003991379351
P0739,-0.002188493035
P0740,-0.468928868745
P0741,-1.061901575059
P0742,-1.964449357694
P0743,-1.114554012594
P0744,-0.290949985662
P0745,-0.148691057537
P0746,-0.103043235422
P0747,0.494363724917
P0748,-1.133093670963
P0749,-0.048277156707
P0750,-1.624361415680
P0751,0.111294150992
P0752,0.613404619180
P0753,0.215015653776
P0754,0.769717786927
P0755,-1.964022059496
P0756,1.196538893462
P0757,-1.018698788885
P0758,1.155571851609
P0759,0.510612169778
P0760,-1.368162292122
P0761,1.500963879948
P0762,0.771277742247
P0763,0.446599578521
P0764,-0.252922015273
P0765,0.792802429537
P0766,0.751157694215
P0767,0.775519137751
P0768,1.568660220330
P0769,-0.594760832403
P0770,-1.378134126068
P0771,-0.174707285588
P0772,0.179332538534
P0773,2.085984919605
P0774,0.245085647676
P0775,-0.666185856509
P0776,0.140426508931
P0777,-0.634215636272
P0778,-0.798019518607
P0779,0.763187789442
P0780,-0.692554497019
P0781,-0.152832137862
P0782,0.475963516177
P0783,0.243306592123
P0784,0.065287343032
P0785,0.445950443343
P0786,-0.891126679174
P0787,-2.021578932632
P0788,0.205410883116
P0789,-0.016204054839
P0790,-0.840087949041
P0791,-1.212871604231
P0792,-0.448784153357
P0793,-0.137773746029
P0794,0.502122066589
P0795,-0.821105543659
P0796,0.661705132907
P0797,-0.476714000863
P0798,1.808963612303
P0799,-0.669680003210
P0800,0.842013381706
P0801,-0.672421531716
P0802,-0.526868446497
P0803,0.167619830717
P0804,-2.187558489084
P0805,0.351635053412
P0806,0.373135385400
P0807,0.154415492320
P0808,0.804303076334
P0809,-0.363577051730
P0810,0.499123076001
P0811,-1.110797771180
P0812,-0.426466755533
P0813,0.498143732169
P0814,0.548405697647
P0815,0.725602731107
P0816,-0.366118657890
P0817,-1.512593541464
P0818,0.393027701753
P0819,-0.706509348021
P0820,-0.319873317930
P0821,-0.725513851564
P0822,2.082021128004
P0823,0.374292557670
P0824,0.158477011969
P0825,-1.089827779385
P0826,1.494030545234
P0827,-0.437941538354
P0828,0.917824680504
P0829,0.025953280397
P0830,1.111947515906
P0831,0.511217358980
P0832,-0.056775399345
P0833,-0.301322199455
P0834,0.382815514980
P0835,-1.264393690389
P0836,0.970897760607
P0837,-0.257758200006
P0838,-0.436248653068
P0839,0.150956920509
P0840,-0.562047377182
P0841,0.571366694336
P0842,1.416217198993
P0843,-0.482724612807
P0844,-2.841377399070
P0845,-1.374172659184
P0846,-0.644331286987
P0847,0.961925998114
P0848,1.508218369029
P0849,-0.149907087245
P0850,2.033149076803
P0851,-1.146277487565
P0852,0.195517408894
P0853,0.224724561810
P0854,-1.406769782150
P0855,0.900557670158
P0856,-0.911535531650
P0857,-1.266930318899
P0858,-0.875819603122
P0859,0.247956438822
P0860,1.276003647486
P0861,-0.991251719441
P0862,0.218820907158
P0863,0.814395040459
P0864,1.621972680605
P0865,-1.252493948096
P0866,-1.612776694836
P0867,-0.667397347755
P0868,-0.063537173667
P0869,1.424198512006
P0870,-0.609834092030
P0871,1.664220301573
P0872,0.370551751447
P0873,-0.187394489231
P0874,-0.476132254356
P0875,-0.815185186643
P0876,0.789344892692
P0877,-0.855908975859
P0878,0.046126860559
P0879,-1.296484255828
P0880,-1.459260835856
P0881,0.964994758732
P0882,-0.254025771961
P0883,2.120573816085
P0884,1.751312366025
P0885,0.500729529977
P0886,0.853288285902
P0887,-0.218944399342
P0888,0.277655941051
P0889,0.437770644048
P0890,1.240676387072
P0891,0.866115882344
P0892,-0.142958681005
P0893,-1.852901109999
P0894,-0.512998425158
P0895,0.147399619316
P0896,-0.160765993720
P0897,1.155539527638
P0898,-0.645998860885
P0899,2.260822774047
P0900,1.220958329292
P0901,-1.369443048202
P0902,0.306026102204
P0903,0.452167760440
P0904,-1.467357794582
P0905,0.660470098913
P0906,-0.071329775991
P0907,-1.159383005206
P0908,-1.769293648286
P0909,1.096841326582
P0910,0.477867517037
P0911,-0.638303605434
P0912,0.420024775903
P0913,0.434182996526
P0914,-1.913147970965
P0915,-0.197356081761
P0916,0.889902328109
P0917,0.087778441778
P0918,0.578475010132
P0919,-0.551981102765
P0920,0.106745290944
P0921,-0.754889534743
P0922,-0.871960355877
P0923,0.234175178686
P0924,1.067390398542
P0925,-1.660489798586
P0926,-0.956807329468
P0927,1.176825617913
P0928,-1.368410017054
P0929,-0.850799141468
P0930,-0.198819393670
P0931,0.517007939235
P0932,-0.880330642941
P0933,0.682206702247
P0934,0.560248847733
P0935,0.261417271123
P0936,1.880060789624
P0937,-1.889182302811
P0938,-0.878475347908
P0939,0.510191939897
P0940,1.175421953148
P0941,-0.389261107961
P0942,-1.090329890020
P0943,1.317491115486
P0944,1.057440367766
P0945,0.946320472908
P0946,0.145326880417
P0947,0.347864646697
P0948,0.485791972989
P0949,-0.277878088626
P0950,0.569118531005
P0951,2.203899902554
P0952,-0.446382008329
P0953,-1.476346332802
P0954,-0.734505766730
P0955,-1.578229562799
P0956,-1.419412986878
P0957,-0.363652477570
P0958,0.464614467362
P0959,-0.180843818161
P0960,-0.390483738850
P0961,-1.429620266245
P0962,0.466913849179
P0963,-0.600654207570
P0964,0.665857752832
P0965,-0.686158278518
P0966,1.419739245325
P0967,0.658732724413
P0968,-0.701264993115
P0969,0.851799095945
P0970,-0.989383640557
P0971,-0.605937225320
P0972,-0.853486776730
P0973,-0.693170008320
P0974,0.863399018716
P0975,-0.176294265944
P0976,-0.531034995716
P0977,-0.152388070353
P0978,-0.928661692355
P0979,0.466654221078
P0980,-0.461791039251
P0981,-0.922741659097
P0982,-1.574372890684
P0983,1.324258462246
P0984,0.006394034975
P0985,1.165069824271
P0986,-0.015669161344
P0987,-0.044132909736
P0988,0.440622749242
P0989,0.455719794777
P0990,-0.837648970613
P0991,-1.531190319227
P0992,0.510439851142
P0993,0.291498517056
P0994,0.785056525385
P0995,-0.119074845314
P0996,1.825168530545
P0997,0.355633337390
P0998,-0.774717953587
P0999,-0.005019755656
P1000,-0.373986350644
P1001,1.022242970437
P1002,-0.465097591081
P1003,-0.154692740700
P1004,-0.664587088528
P1005,-1.165925362513
P1006,-0.439555157102
P1007,1.211499054232
P1008,-0.285841486642
P1009,-0.520327018017
P1010,1.131656613052
P1011,0.476169824651
P1012,-0.251439478982
P1013,0.150729733013
P1014,-0.182088166083
P1015,-0.343948010704
P1016,0.804377079732
P1017,-1.284003032172
P1018,-0.561823774751
P1019,-1.410031169867
P1020,0.592326711734
P1021,-0.254937718994
P1022,-0.411806799957
P1023,1.107785404350
P1024,-0.549172912338
P1025,1.935401967151
P1026,0.126525116516
P1027,0.601647854662
P1028,1.509621358949
P1029,-1.387978728051
P1030,-1.477963599456
P1031,0.833581313831
P1032,-0.794574906358
P1033,-2.161972363429
P1034,-0.996110209250
P1035,1.114316369029
P1036,1.590407882987
P1037,-0.717025185105
P1038,0.141043375312
P1039,-0.183268362664
P1040,-0.534843392441
P1041,0.532938688208
P1042,1.310893733502
P1043,1.134825551116
P1044,0.927124954713
P1045,0.563615721338
P1046,-0.305428083316
P1047,1.286993732696
P1048,0.345850999815
P1049,-0.172090079029
P1050,-0.682816056226
P1051,1.202086813708
P1052,-0.981219869344
P1053,1.237205285006
P1054,-0.375946419801
P1055,-1.981725111728
P1056,-0.436951113770
P1057,-0.810966290715
P1058,1.245989241332
P1059,0.888689367062
P1060,0.847984410208
P1061,0.025162262528
P1062,0.832697099312
P1063,-0.648972949911
P1064,0.641379147598
P1065,-0.793588771016
P1066,-0.200872312171
P1067,1.897490263004
P1068,0.711634330631
P1069,0.946232156277
P1070,-0.529414548097
P1071,-0.227114765441
P1072,0.681816247543
P1073,1.925746061077
P1074,-1.134693496058
P1075,-0.719674334928
P1076,0.183546013435
P1077,0.931427928901
P1078,-0.556512139545
P1079,1.901507345459
P1080,-0.938608308106
P1081,1.002948223683
P1082,0.548138374093
P1083,-1.482104624438
P1084,-0.805855132893
P1085,1.241370197900
P1086,0.817728360020
P1087,-0.831373954040
P1088,-0.527993792728
P1089,-1.032855961776
P1090,1.369430749698
P1091,-0.652457990620
P1092,-0.374669145613
P1093,-0.696510523142
P1094,-1.928530031593
P1095,0.673502647244
P1096,0.660424348173
P1097,0.274505097968
P1098,-0.520025362436
P1099,1.172730079993
P1100,-0.229702712137
P1101,0.300282900438
P1102,-0.024946927642
P1103,-2.096714602806
P1104,-0.438181700121
P1105,-0.367196366854
P1106,-0.165898603404
P1107,0.521140598383
P1108,-0.078486650590
P1109,0.437229015025
P1110,0.186234731976
P1111,-0.377830086900
P1112,-0.072292245680
P1113,2.230673988693
P1114,0.424115655560
P1115,0.035863856409
P1116,-0.391942903508
P1117,-0.138893511065
P1118,-0.315438122930
P1119,-0.700905574603
P1120,1.876478588042
P1121,-2.393777181523
P1122,0.751548525833
P1123,-0.369640709638
P1124,0.957050327708
P1125,0.477659106996
P1126,-1.427203643321
P1127,-0.505067490079
P1128,0.005967450201
P1129,-0.200378042335
P1130,1.527062438472
P1131,-0.182964925908
P1132,0.219209148800
P1133,0.003137582025
P1134,-1.105026383790
P1135,-0.592195035320
P1136,-0.093180531292
P1137,-0.330002494005
P1138,-1.010995821646
P1139,-0.498496542985
P1140,-1.315987644248
P1141,-0.408538903060
P1142,1.435379852675
P1143,0.982705424945
P1144,0.799037610044
P1145,0.401189912177
P1146,-1.285931322483
P1147,0.076176962266
P1148,-1.229915374573
P1149,-0.613095015826
P1150,-1.406464387862
P1151,-0.341440903334
P1152,-0.513067826343
P1153,0.664375252005
P1154,1.358172948766
P1155,1.329780670030
P1156,-1.192799973141
P1157,0.597123866304
P1158,0.764222116771
P1159,-0.437147313380
P1160,0.356799926243
P1161,-0.410715395003
P1162,1.474873320849
P1163,0.023730379802
P1164,0.231356545679
P1165,-0.281684808213
P1166,0.408170962524
P1167,-0.746662309012
P1168,0.558957645848
P1169,0.215734409458
P1170,2.372285638336
P1171,2.850388960201
P1172,0.546887883193
P1173,-0.785772020227
P1174,-0.901197712076
P1175,-0.710827222758
P1176,1.417635521713
P1177,-2.048184839073
P1178,1.080931743499
P1179,1.287971805374
P1180,-0.025298622645
P1181,-0.396744181925
P1182,-0.914151931998
P1183,-1.325053175224
P1184,0.725569776259
P1185,0.529741073852
P1186,0.932712404536
P1187,0.209759150391
P1188,0.678136261846
P1189,-0.275133015570
P1190,0.347420099424
P1191,0.210189888295
P1192,-0.697313765728
P1193,-0.855188372201
P1194,-0.873465627783
P1195,0.819430070538
P1196,1.429323585492
P1197,-0.018296496836
P1198,1.286420673038
P1199,-0.245952592504
P1200,0.122967430831
P1201,-0.455179136614
P1202,0.320573627408
P1203,-1.291369912365
P1204,1.984075255244
P1205,-0.316569770040
P1206,0.440355885388
P1207,-0.526642377409
P1208,-0.780754981413
P1209,0.222411520282
P1210,1.965990503904
P1211,1.000806983262
P1212,-0.169220666308
P1213,0.968390465698
P1214,0.731156193171
P1215,-0.461475203614
P1216,-1.305186325909
P1217,-1.081623140532
P1218,-0.136156887294
P1219,-0.316402786496
P1220,0.884032316036
P1221,0.544627321114
P1222,-0.912057394516
P1223,-0.097044699219
P1224,-1.849335276468
P1225,0.383047888713
P1226,0.222025707303
P1227,-0.854510352455
P1228,0.458296669865
P1229,-1.196172702429
P1230,0.041319856212
P1231,-1.264945167637
P1232,-0.055156813120
P1233,-0.259323433524
P1234,-0.349875525096
P1235,-1.955738282320
P1236,-2.030752045646
P1237,0.065882546183
P1238,-0.811903912457
P1239,-0.257435109449
P1240,-1.434060661616
P1241,-0.861626592760
P1242,-0.565727262724
P1243,0.733118191495
P1244,0.315582231305
P1245,2.553789610114
P1246,-0.943964133565
P1247,-0.972138579689
P1248,-0.672501534440
P1249,-1.700868305016
P1250,0.280999931527
P1251,-0.465438645489
P1252,0.759261267516
P1253,1.464496852947
P1254,-0.219093031621
P1255,1.139467038013
P1256,1.216998821043
P1257,-0.581168186921
P1258,0.816629868814
P1259,0.217457169939
P1260,-1.167606343621
P1261,0.461301949200
P1262,-0.241009820654
P1263,-0.465295256910
P1264,0.473533665253
P1265,-0.411782830104
P1266,-0.577598133227
P1267,-0.516046341614
P1268,0.698537116809
P1269,-0.731548672343
P1270,-0.036983591548
P1271,1.217642694377
P1272,0.610167951755
P1273,-1.015274813435
P1274,-0.777979208553
P1275,-1.618171857393
P1276,1.847789505650
P1277,-1.372506579186
P1278,0.317676638215
P1279,-0.717616249295
P1280,-0.172637125779
P1281,0.246761814910
P1282,0.720176807086
P1283,-0.222059527699
P1284,-0.611363809847
P1285,0.153605021019
P1286,-0.321581945428
P1287,0.173102677624
P1288,-0.123174362119
P1289,-1.242606822274
P1290,-0.952896234606
P1291,0.168379645694
P1292,-0.370522275541
P1293,1.085303569793
P1294,-0.331296507920
P1295,0.522855497997
P1296,1.231508103768
P1297,0.096526568295
P1298,1.165707264721
P1299,0.990843626498
P1300,-0.870389754566
P1301,0.186896634084
P1302,0.262618465555
P1303,0.192334821079
P1304,-0.314566270102
P1305,0.564722526639
P1306,0.485198459060
P1307,-0.540571562950
P1308,-0.226544269855
P1309,0.318471766866
P1310,-1.567826375815
P1311,0.352427200016
P1312,-1.529973944482
P1313,0.354716520032
P1314,-0.302618484950
P1315,-1.135028215167
P1316,0.134112791042
P1317,1.666816908017
P1318,1.518101340753
P1319,0.424014029435
P1320,0.455792597412
P1321,-1.286475064783
P1322,0.536157205769
P1323,-0.239817322898
P1324,0.298851532474
P1325,-1.272806493564
P1326,-0.376624004245
P1327,-1.206370205503
P1328,-0.018231274076
P1329,-0.348205702981
P1330,-0.927820401910
P1331,-1.193612522938
P1332,0.089621759234
P1333,-0.793499890962
P1334,-0.461287427007
P1335,0.251859861980
P1336,-0.996976521922
P1337,-0.064940093921
P1338,-0.507575196515
P1339,0.198240104839
P1340,0.914183893965
P1341,1.276818833685
P1342,-0.485710737830
P1343,1.327925530822
P1344,0.871198757154
P1345,0.178953046407
P1346,0.428691498170
P1347,0.004560564511
P1348,-0.127123484915
P1349,0.857595953473
P1350,-0.045027794467
P1351,0.002378881695
P1352,-1.720098604505
P1353,-1.419968964154
P1354,-0.762626270511
P1355,0.353826205826
P1356,0.202420266626
P1357,-0.298027001144
P1358,-0.948645591092
P1359,0.149384138825
P1360,1.444611982979
P1361,0.674637386420
P1362,-0.955544495134
P1363,-0.765922635942
P1364,1.053365547248
P1365,0.447401900145
P1366,-0.396343194770
P1367,-1.257216209772
P1368,-0.518415878004
P1369,-0.151410566210
P1370,0.522680719807
P1371,-0.972605266951
P1372,-2.008358191631
P1373,-0.347211084210
P1374,0.631526556402
P1375,0.251262139195
P1376,0.468501298561
P1377,0.195706780290
P1378,0.848021642585
P1379,-0.398495399526
P1380,-2.689514563042
P1381,-1.215993950102
P1382,-2.254747695848
P1383,0.993228542826
P1384,1.392448399386
P1385,-1.291064193336
P1386,0.297740110760
P1387,-1.187975999173
P1388,-0.616165023610
P1389,1.683939514472
P1390,0.824605299811
P1391,0.393466082720
P1392,-0.419385641772
P1393,-0.892930564106
P1394,0.834361848537
P1395,-0.852197951337
P1396,1.440826954944
P1397,0.820037994257
P1398,-2.172405255043
P1399,2.641802828134
P1400,1.768976513899
P1401,-0.134873490606
P1402,-0.769831989373
P1403,-0.359505666467
P1404,-0.463880526706
P1405,0.328599469371
P1406,2.672629151326
P1407,-0.414650961972
P1408,0.593089533140
P1409,-0.956709736873
P1410,-0.971449635378
P1411,0.864735034883
P1412,-0.179303073919
P1413,0.598648646098
P1414,0.404425125167
P1415,0.150727996051
P1416,-1.237447437009
P1417,1.599815490907
P1418,-0.982075227007
P1419,-0.442845881035
P1420,0.354002011340
P1421,-0.193164985851
P1422,-0.118124590518
P1423,1.595203147253
P1424,-0.027842425100
P1425,-1.570738636386
P1426,0.035019890959
P1427,-0.260023757086
P1428,-0.850196284651
P1429,0.181967870520
P1430,-0.737788845218
P1431,0.055640538025
P1432,0.499273340371
P1433,1.005332380506
P1434,-0.075185707675
P1435,-0.472077246831
P1436,0.177747853715
P1437,-1.505418706523
P1438,0.885146545648
P1439,1.072618015363
P1440,-1.280407350381
P1441,0.852206290730
P1442,-0.573149297615
P1443,-0.743123317995
P1444,-0.262813228744
P1445,-0.254214843825
P1446,1.158437288131
P1447,0.045688259918
P1448,-0.669255712815
P1449,-1.724185691046
P1450,-0.392505827012
P1451,-0.418531063724
P1452,-1.114741201678
P1453,-1.729150922187
P1454,-0.818932228386
P1455,-1.491524124236
P1456,-0.713471946081
P1457,1.813925208363
P1458,0.890191913645
P1459,-0.609991828780
P1460,1.700452288429
P1461,-1.353818290377
P1462,1.105137404168
P1463,1.129430178411
P1464,-0.318479830569
P1465,-0.610294561610
P1466,-0.042508512865
P1467,1.073419465990
P1468,1.435395187679
P1469,0.177518985931
P1470,-0.299142831626
P1471,-0.396783214647
P1472,0.212547306373
P1473,1.617175795522
P1474,-0.282681201588
P1475,-0.179852219944
P1476,0.105894856552
P1477,-0.433412315909
P1478,0.751926782623
P1479,1.109326857792
P1480,-0.112490566541
P1481,-0.588730481652
P1482,0.002015553230
P1483,0.258041925626
P1484,-1.674288426046
P1485,-1.025432338557
P1486,0.929687043630
P1487,0.232149933032
P1488,-1.479920915629
P1489,-0.016697673079
P1490,0.253731061814
P1491,1.819915346069
P1492,0.460338871588
P1493,-0.299360489831
P1494,-2.262114280014
P1495,1.009805450265
P1496,0.755830570511
P1497,-0.085045251371
P1498,-0.562481078808
P1499,-0.038479077364
P1500,0.677936388760
P1501,1.581256387137
P1502,0.746183769212
P1503,-0.788270233488
P1504,-0.962599612957
P1505,-2.188993252377
P1506,-0.083291902697
P1507,0.887303338170
P1508,-0.061581058451
P1509,-0.066213524964
P1510,0.194760404829
P1511,0.435720202556
P1512,0.212713694219
P1513,-0.515029341647
P1514,0.909900363757
P1515,0.545565426802
P1516,-1.475440152323
P1517,-1.652083394954
P1518,0.386113290987
P1519,0.406826229019
P1520,0.131167996370
P1521,-0.965907449948
P1522,-0.105088558753
P1523,0.042329947453
P1524,-0.135185238707
P1525,0.453161504327
P1526,0.138350724252
P1527,1.301691672898
P1528,1.225435701971
P1529,-0.157492315038
P1530,-0.036711702665
P1531,0.625858402548
P1532,-0.169407284126
P1533,0.030078431230
P1534,0.409046131899
P1535,1.242640537216
P1536,0.895695016500
P1537,-0.851112923010
P1538,0.182564934602
P1539,-0.138678370643
P1540,-0.145706915387
P1541,-0.282717139904
P1542,0.476225862420
P1543,-1.367860546890
P1544,0.444711341397
P1545,-1.759065839977
P1546,-3.062502898260
P1547,-0.334077336061
P1548,-0.218049542330
P1549,0.121043483293
P1550,-1.382362515695
P1551,0.971334372923
P1552,0.725385068664
P1553,-0.231610113379
P1554,-1.409525575633
P1555,0.165673959957
P1556,0.230281194780
P1557,1.237830270226
P1558,1.853940631563
P1559,0.465146708551
P1560,0.634739798081
P1561,0.833974184377
P1562,-1.492746069782
P1563,-1.259019886229
P1564,0.242854543130
P1565,0.978888012420
P1566,-0.440939397463
P1567,-0.473295656807
P1568,0.738908559746
P1569,0.433527964167
P1570,0.688751891864
P1571,1.368052951399
P1572,2.441938733222
P1573,1.804010437208
P1574,0.549367809516
P1575,-1.235651246637
P1576,-1.389941056991
P1577,-0.792876345899
P1578,-0.560779785042
P1579,-0.190743372330
P1580,-0.345268703522
P1581,1.326558654741
P1582,-2.319311195933
P1583,-1.034456515176
P1584,-0.912048592056
P1585,-0.839287625590
P1586,1.199832431688
P1587,-0.377287943427
P1588,-1.646798737260
P1589,1.992132829736
P1590,-1.098602884198
P1591,1.855347477068
P1592,-1.055147910100
P1593,-0.161433871482
P1594,-0.501476698619
P1595,-1.572753146351
P1596,-0.648487198487
P1597,-1.399327546620
P1598,0.028365143152
P1599,-0.166951603937
P1600,-0.425073061003
P1601,0.906358527134
P1602,-1.850691575480
P1603,1.177755888564
P1604,-0.395325652303
P1605,0.611864883940
P1606,2.092621259793
P1607,-0.583540023916
P1608,-1.206488329976
P1609,-0.364313956798
P1610,-0.420056713365
P1611,0.250621496552
P1612,0.632024760778
P1613,0.292259262700
P1614,0.527720210587
P1615,-0.557534024319
P1616,-0.204922055452
P1617,-0.192413313164
P1618,0.331863486067
P1619,1.493036287185
P1620,1.067600849245
P1621,0.066191723121
P1622,-0.651550113874
P1623,-0.143446256805
P1624,-1.544826563900
P1625,-1.036608280206
P1626,-0.058523054773
P1627,0.300694164834
P1628,0.457325210803
P1629,-0.998108648015
P1630,1.092512391301
P1631,0.121936008525
P1632,-0.716425976173
P1633,0.365719658774
P1634,0.459597311736
P1635,-1.356761655195
P1636,0.092094653557
P1637,1.724347814858
P1638,0.073602920582
P1639,0.348538662035
P1640,0.865011457927
P1641,-0.536638807635
P1642,0.348336904001
P1643,1.663230445545
P1644,-0.311612187767
P1645,-0.068514126232
P1646,-0.137049331241
P1647,0.377558505370
P1648,0.221158900530
P1649,1.012115482589
P1650,0.524900280170
P1651,-1.340029368655
P1652,-1.925091909084
P1653,-0.194720617760
P1654,0.197978826182
P1655,0.857656838326
P1656,-1.225014069358
P1657,1.356009890604
P1658,2.481901151318
P1659,-0.866674084455
P1660,0.057163449339
P1661,1.072657434180
P1662,-1.079200188888
P1663,0.005103204109
P1664,0.800219829727
P1665,-1.165143430439
P1666,0.517632112287
P1667,2.049567655166
P1668,-0.713785609820
P1669,0.068705290056
P1670,-1.205247465703
P1671,-0.019885442138
P1672,0.792444634840
P1673,0.219769947267
P1674,-0.325584030038
P1675,-0.032717956802
P1676,0.201321637093
P1677,-0.702130059107
P1678,-1.346002592465
P1679,-1.984225336489
P1680,2.115789971746
P1681,0.700398113375
P1682,-0.037693862298
P1683,-0.001267142366
P1684,1.282567178056
P1685,0.126093799940
P1686,2.031834232728
P1687,0.545286410564
P1688,-0.946529344242
P1689,-1.801273356234
P1690,0.213622678367
P1691,0.314297417472
P1692,0.296787314693
P1693,-2.704814238540
P1694,0.973895015816
P1695,-0.167531675205
P1696,-0.475342898533
P1697,-1.184884460298
P1698,0.156382602381
P1699,0.779231285117
P1700,0.959153428027
P1701,1.010025677127
P1702,0.699671531715
P1703,0.417541208250
P1704,1.021707158064
P1705,0.026160776674
P1706,1.108765839897
P1707,0.604860555821
P1708,0.887629626275
P1709,-0.186131839967
P1710,1.130727971977
P1711,-1.589863352466
P1712,-0.610777154563
P1713,1.667079356963
P1714,0.209952425889
P1715,-1.315113769358
P1716,-0.868929769557
P1717,1.136949844257
P1718,-1.138043198001
P1719,-0.023355864161
P1720,-1.110572565011
P1721,0.645050688375
P1722,0.844847498327
P1723,-0.806337583864
P1724,0.860195471686
P1725,0.082450749526
P1726,0.882418850514
P1727,-1.956309042580
P1728,-0.542958464304
P1729,-0.441271157563
P1730,-1.955971625005
P1731,-1.113454583576
P1732,0.493916351174
P1733,1.692185329425
P1734,1.509907677994
P1735,-0.542917664720
P1736,-0.905339631999
P1737,0.799092987322
P1738,-0.062738939957
P1739,-0.150409082661
P1740,-0.875822160820
P1741,-0.129603152331
P1742,0.722012272958
P1743,-0.478152753516
P1744,1.150564931233
P1745,1.370151294429
P1746,-0.104399928817
P1747,0.912404608160
P1748,-2.214595735128
P1749,0.059310630379
P1750,1.498907807197
P1751,0.169831106859
P1752,-0.693376011299
P1753,-1.023934176440
P1754,-0.376644026662
P1755,-0.311411596507
P1756,-0.813283956641
P1757,-0.298298868443
P1758,-0.813070281762
P1759,1.397381070286
P1760,1.313575337399
P1761,-0.962958203862
P1762,-0.371593378654
P1763,0.125874241703
P1764,-0.031226191953
P1765,2.332921582076
P1766,-0.534012506305
P1767,-0.423969470417
P1768,1.095439060182
P1769,1.501737427817
P1770,0.356999250362
P1771,2.296574347614
P1772,2.309279477102
P1773,0.298687012412
P1774,-1.712177450720
P1775,-0.996330472886
P1776,0.978008696892
P1777,-1.040081487168
P1778,-0.486381141907
P1779,1.185992857676
P1780,0.903886713104
P1781,-1.065251588229
P1782,-1.642830546079
P1783,-0.283650532140
P1784,0.426913263067
P1785,-0.127134795302
P1786,0.118929366164
P1787,-0.750357967729
P1788,0.757709553778
P1789,-1.675422375775
P1790,-0.451720048501
P1791,-0.694207379998
P1792,1.917044854157
P1793,-1.078270240587
P1794,0.083584610468
P1795,1.385708258474
P1796,-1.180356958017
P1797,0.594844362287
P1798,0.252076647393
P1799,-0.424545333318
P1800,-1.124287015896
P1801,-1.382569827243
P1802,-0.450355883901
P1803,-0.242973247768
P1804,-1.787747899628
P1805,-1.606741816801
P1806,-0.816293862599
P1807,2.739949552011
P1808,0.933074299287
P1809,0.522333583146
P1810,-0.772877791703
P1811,-2.167689145787
P1812,0.606490111681
P1813,0.457226953989
P1814,1.261102752211
P1815,0.339778491497
P1816,0.109098566313
P1817,1.712301092969
P1818,0.226250899654
P1819,1.170295256443
P1820,0.228775801313
P1821,-0.155509502799
P1822,0.353122745408
P1823,1.564765381445
P1824,-1.500888288629
P1825,0.032859187033
P1826,1.199611396573
P1827,-0.374132898693
P1828,0.232929461104
P1829,-1.148412773322
P1830,0.538715531743
P1831,-0.841624355310
P1832,1.052378183978
P1833,0.205140739537
P1834,0.624800091561
P1835,-0.506878974814
P1836,0.840198035360
P1837,-0.435785771093
P1838,-0.604093527076
P1839,1.617436904082
P1840,-0.415305288257
P1841,0.498698852143
P1842,0.560309650587
P1843,-0.193771126047
P1844,-0.493559822230
P1845,-0.651309072980
P1846,0.631998110846
P1847,1.738523024959
P1848,-0.938526231820
P1849,-0.929337101774
P1850,1.042916387301
P1851,1.302886178664
P1852,-1.409782991684
P1853,-1.418937568125
P1854,-1.008717561088
P1855,1.027869729723
P1856,0.756463358334
P1857,0.630542362928
P1858,-0.218779246389
P1859,0.613579329321
P1860,0.621757291273
P1861,-1.241251478674
P1862,-0.649407467564
P1863,0.545997442851
P1864,1.117229829754
P1865,-0.985281725066
P1866,0.865780674547
P1867,-1.980014927135
P1868,0.159754026743
P1869,-1.368699203633
P1870,1.580849816807
P1871,-0.396559263588
P1872,-1.407341670401
P1873,2.467285380427
P1874,-1.964954030850
P1875,-0.005783666493
P1876,-1.724616700378
P1877,1.083378186238
P1878,1.581998349323
P1879,0.193154181502
P1880,0.619215745897
P1881,-0.254257757918
P1882,0.456417515402
P1883,0.504342848866
P1884,-0.528264906251
P1885,1.324325355151
P1886,-0.461188292335
P1887,-1.862097049369
P1888,2.140149120207
P1889,0.777040841101
P1890,-0.593987593595
P1891,-0.263732773871
P1892,0.348035705236
P1893,0.399134244650
P1894,0.815750985300
P1895,-1.666706824434
P1896,1.709826662122
P1897,-0.456425881797
P1898,0.234352224746
P1899,-1.250096032599
P1900,-1.243236306521
P1901,-0.178459217356
P1902,-0.300596605226
P1903,0.874231119640
P1904,-0.455678192684
P1905,0.637251548769
P1906,0.569507998286
P1907,0.610770662679
P1908,-0.346332233972
P1909,-1.975198961708
P1910,-0.871840755203
P1911,-0.386909206076
P1912,-1.560426525881
P1913,0.134540061053
P1914,-1.602604701108
P1915,0.686828214767
P1916,-0.230903315070
P1917,-0.852857993192
P1918,1.249387679508
P1919,-0.099275933181
P1920,2.143378630573
P1921,-1.428591126218
P1922,0.813950113555
P1923,-1.340409504959
P1924,1.509507432196
P1925,-0.663887723091
P1926,0.767203011338
P1927,0.326568477903
P1928,-1.118952449897
P1929,-0.883826549402
P1930,0.652072179739
P1931,-1.239724730958
P1932,1.186639141298
P1933,-0.437428087538
P1934,-0.398802634533
P1935,-0.149366202374
P1936,-1.007002062948
P1937,-2.047354929625
P1938,-0.536702236047
P1939,0.526746990183
P1940,0.689339065214
P1941,-0.179286224106
P1942,0.788547454019
P1943,0.226445850611
P1944,-0.691723948565
P1945,-0.032855383967
P1946,0.055692812988
P1947,1.403091538946
P1948,-0.251016109981
P1949,-0.609066972411
P1950,1.274376806276
P1951,0.176259776687
P1952,-0.209921608068
P1953,-0.954744606791
P1954,1.058302945097
P1955,1.604954061228
P1956,0.754219136889
P1957,1.114429272395
P1958,0.826464777929
P1959,0.658506089788
P1960,0.215084053431
P1961,2.148397385361
P1962,-1.651061735202
P1963,0.124698362136
P1964,0.390363490696
P1965,-1.128393702195
P1966,-1.394674962525
P1967,0.941433738197
P1968,-0.062560885683
P1969,0.336956262535
P1970,-0.489023736479
P1971,2.279978113091
P1972,-0.402295120741
P1973,-0.110079629897
P1974,-0.462550364081
P1975,1.081708914629
P1976,-0.885154661540
P1977,0.004638060205
P1978,0.694788902001
P1979,1.597243484263
P1980,-0.719669273074
P1981,-0.034269908383
P1982,-0.811009842182
P1983,-0.193930861593
P1984,0.303764974316
P1985,0.097154106081
P1986,1.891557899173
P1987,-0.179315493493
P1988,-0.128012256909
P1989,0.377740020148
P1990,-0.791412221778
P1991,-0.669059670541
P1992,-0.902938969454
P1993,-0.045535393914
P1994,-0.829447062338
P1995,-0.203405924516
P1996,-0.133873578656
P1997,0.563698741388
P1998,-1.341802936286
P1999,0.490725797137
P2000,-1.751341997063
P2001,0.088648996484
P2002,-0.102396919818
P2003,1.195145786483
P2004,0.714824476056
P2005,-0.906964544725
P2006,0.038102730552
P2007,-0.877566681995
P2008,0.389147723773
P2009,0.598671009865
P2010,-1.016075264910
P2011,-0.693369562809
P2012,-0.083992574874
P2013,-1.399514306464
P2014,-0.790822830082
P2015,0.788317091023
P2016,-0.457274676142
P2017,0.422798377175
P2018,0.970741658629
P2019,-0.531647134476
P2020,-0.187973316601
P2021,0.516542929746
P2022,0.828218602166
P2023,-1.109548006364
P2024,-0.155466725237
P2025,-0.840478705850
P2026,-0.087667722697
P2027,0.886136415765
P2028,1.037714054012
P2029,0.055220144774
P2030,-1.214418217948
P2031,-0.122806600076
P2032,-0.449816124770
P2033,0.836983102017
P2034,0.198261444831
P2035,-0.171618546184
P2036,-3.214660346572
P2037,0.018703883903
P2038,-0.359415381835
P2039,-0.427607434811
P2040,0.912381463797
P2041,1.486762520617
P2042,0.294132903575
P2043,-0.908869658367
P2044,-0.184837189777
P2045,-0.167595664566
P2046,-0.648774926485
P2047,-0.822302749881
P2048,1.545919819259
P2049,-0.110416304473
P2050,0.103099000232
P2051,-0.944455830957
P2052,-1.029336772017
P2053,3.466006417436
P2054,1.757581843711
P2055,-0.537645029248
P2056,1.013003864036
P2057,0.058220686589
P2058,-0.251105592717
P2059,0.129957836347
P2060,0.215263788571
P2061,-0.381636685255
P2062,0.600160356184
P2063,-0.608876413841
P2064,0.166231969297
P2065,-0.416090229337
P2066,0.635835400583
P2067,-2.215866384748
P2068,0.507469938619
P2069,1.773813178215
P2070,-0.081862335149
P2071,0.806085122903
P2072,0.791638377565
P2073,0.665964793215
P2074,-0.785202168162
P2075,-1.655586394388
P2076,0.561715064463
P2077,-0.965355964341
P2078,-1.001633796072
P2079,0.714438116311
P2080,0.316123172964
P2081,-0.883884442273
P2082,-0.260829321790
P2083,-0.729204680341
P2084,-1.709962671456
P2085,1.696792398713
P2086,-1.189780405591
P2087,-1.423318791161
P2088,0.919837615058
P2089,1.707852196243
P2090,1.172498891731
P2091,-0.270953712995
P2092,0.211815730839
P2093,0.425245530395
P2094,-0.737484026039
P2095,0.414469072284
P2096,0.768385653078
P2097,-0.093114974498
P2098,0.362559185989
P2099,0.757020082340
P2100,0.350875543682
P2101,0.216441572264
P2102,0.370865290887
P2103,0.772640338340
P2104,-0.232703968455
P2105,1.337897493033
P2106,-1.269355464842
P2107,-1.240266710064
P2108,-1.768641805022
P2109,0.776247445766
P2110,-0.526206633529
P2111,-0.023279792400
P2112,1.869639662458
P2113,-1.022134443992
P2114,-0.142977216636
P2115,1.624733673150
P2116,0.213763070182
P2117,-0.875227191406
P2118,0.777971325476
P2119,0.759104868473
P2120,-1.862279924372
P2121,1.600699890420
P2122,0.204959550367
P2123,-0.518835845425
P2124,-1.093357825910
P2125,0.316966942914
P2126,-0.154177238540
P2127,-0.895137715772
P2128,-0.417964981065
P2129,-0.011260675097
P2130,-0.548187676449
P2131,-0.516102271674
P2132,-1.740550522423
P2133,-0.128864712311
P2134,1.329815538528
P2135,-1.525968379405
P2136,2.241520456051
P2137,-1.406050386362
P2138,-0.011348966526
P2139,1.319301919868
P2140,1.047107603371
P2141,-0.834518608616
P2142,-0.484581334964
P2143,1.369083226680
P2144,0.638272357935
P2145,1.105298380412
P2146,1.019761631398
P2147,0.991923912966
P2148,1.902804232385
P2149,1.639611759451
P2150,0.353501420002
P2151,1.133776987158
P2152,-0.805577789772
P2153,-1.430303228970
P2154,-1.227352952478
P2155,1.559493213718
P2156,-1.071233327838
P2157,0.851048624964
P2158,-0.801666181824
P2159,-0.462384246696
P2160,0.035465148095
P2161,-0.224716406666
P2162,2.290082302266
P2163,0.206441054745
P2164,1.298987182774
P2165,-0.262763079570
P2166,0.530300959199
P2167,-0.033993225933
P2168,0.504921876618
P2169,-0.524460111756
P2170,-0.746286156277
P2171,2.157634416738
P2172,1.142266727598
P2173,-0.580392411975
P2174,-0.176120096679
P2175,-1.155049811449
P2176,-1.792631948518
P2177,1.174941020285
P2178,-0.677654009411
P2179,0.081915449865
P2180,0.306088915786
P2181,1.818327703106
P2182,0.229339922821
P2183,1.476712588698
P2184,1.012620375880
P2185,0.138187163380
P2186,1.646986297886
P2187,-0.947136543998
P2188,-1.668789262715
P2189,2.304819133485
P2190,1.041181042825
P2191,0.492545794004
P2192,0.181118918040
P2193,0.435890198101
P2194,-0.051294881832
P2195,-0.699294492754
P2196,0.238328887931
P2197,-0.296005352448
P2198,0.492540066885
P2199,0.409719528036
P2200,-0.169320170375
P2201,-0.569770501898
P2202,0.445673030716
P2203,1.198786974907
P2204,0.526953146999
P2205,2.060287248814
P2206,-2.218707128434
P2207,-0.884148092905
P2208,1.036746573386
P2209,-0.326941128657
P2210,-0.201595872804
P2211,-0.863752171835
P2212,-0.428722914010
P2213,1.271946484809
P2214,1.377650167299
P2215,0.813972925620
P2216,0.441044234562
P2217,0.207374790491
P2218,0.433612823809
P2219,0.653918950281
P2220,0.645240092847
P2221,0.956903895694
P2222,0.683838096404
P2223,-0.388664196921
P2224,-1.303992676862
P2225,-0.602671259200
P2226,-0.876463922877
P2227,0.425626386203
P2228,-0.422500031972
P2229,0.374654423649
P2230,0.072388686541
P2231,-0.437831400521
P2232,-0.006328360370
P2233,0.683044964618
P2234,-0.943785986197
P2235,1.637756041867
P2236,0.800278317100
P2237,0.256423114161
P2238,0.883763745897
P2239,-0.833426248157
P2240,0.667338489365
P2241,0.162078513720
P2242,0.813555752505
P2243,0.812361485530
P2244,-1.185667350278
P2245,-0.685901944755
P2246,-1.801685041320
P2247,0.094262419753
P2248,1.230815151663
P2249,-1.278023404258
P2250,0.465820212512
P2251,-0.523558118446
P2252,-2.656294237843
P2253,2.244806236913
P2254,0.368869546211
P2255,-0.690699762210
P2256,-0.090021186969
P2257,0.594928726143
P2258,0.988880422084
P2259,0.723885381915
P2260,-1.094350772424
P2261,-0.591708016380
P2262,-1.198608522690
P2263,-0.868315635179
P2264,-1.617147952326
P2265,-0.069712013291
P2266,-0.908434816749
P2267,0.070426210740
P2268,0.865508010914
P2269,-2.522536655611
P2270,1.147066951130
P2271,1.015053520466
P2272,1.311117710006
P2273,0.262561971918
P2274,0.641191309821
P2275,1.010055058078
P2276,1.201786897051
P2277,0.034966001346
P2278,-0.634626132582
P2279,-0.504784530410
P2280,0.146697187692
P2281,-2.519291254485
P2282,-1.038059364743
P2283,-0.887060188238
P2284,0.139489692546
P2285,0.461532225925
P2286,-1.116443332647
P2287,-1.235705890550
P2288,-0.694709984691
P2289,0.762044524959
P2290,-0.599333740915
P2291,-0.009943585764
P2292,0.785486956113
P2293,-0.401999662803
P2294,-0.922606786501
P2295,0.244969021204
P2296,0.049014396108
P2297,1.127185856728
P2298,0.732140090175
P2299,-1.552120726874
P2300,-0.701461537192
P2301,-0.351810495094
P2302,-1.357409381045
P2303,-0.123616397439
P2304,-0.547540474182
P2305,0.570143609331
P2306,-0.373782421189
P2307,1.400384679225
P2308,-0.165577943408
P2309,-0.142499665304
P2310,1.623564893840
P2311,-0.972323813940
P2312,-0.297389710120
P2313,1.760156211025
P2314,-0.246599713422
P2315,-0.278604496039
P2316,-2.361492347827
P2317,2.520171063961
P2318,0.095808346755
P2319,0.556814793898
P2320,1.159507905219
P2321,0.349010579637
P2322,0.825779120788
P2323,0.959995897499
P2324,0.972202333515
P2325,0.690612259110
P2326,-0.048339765856
P2327,0.110271550973
P2328,-0.286416090866
P2329,0.642015108398
P2330,0.074296219730
P2331,2.369904836736
P2332,1.116208799130
P2333,-0.986554564630
P2334,0.583363431666
P2335,-1.450168887128
P2336,0.821744388907
P2337,1.109453105679
P2338,-2.748068900325
P2339,1.111458592951
P2340,-1.397637222748
P2341,-0.815999645103
P2342,0.094068096103
P2343,-0.411553857167
P2344,-0.514397213793
P2345,1.503865951415
P2346,0.582490633124
P2347,-1.095981851971
P2348,0.586136247998
P2349,0.073257523537
P2350,1.233127104885
P2351,0.997480026609
P2352,0.493265747576
P2353,-0.127959212870
P2354,0.521971512442
P2355,0.367956258570
P2356,-0.526955255656
P2357,0.399596279592
P2358,0.778529368934
P2359,-0.606524194979
P2360,0.762379372925
P2361,2.504086425742
P2362,0.704228877475
P2363,-0.444623871641
P2364,0.541800310911
P2365,-1.937304453615
P2366,0.020123937092
P2367,-0.365152422894
P2368,-1.329804262608
P2369,0.258479503869
P2370,-1.215746464306
P2371,-0.196018104250
P2372,0.677941909314
P2373,0.811948814917
P2374,0.543345809808
P2375,1.497335141065
P2376,-0.307729611541
P2377,1.134912603945
P2378,-0.262044778338
P2379,0.603291932589
P2380,0.859090509599
P2381,-0.239354244796
P2382,-0.860986115716
P2383,-0.283328001294
P2384,-0.556979643217
P2385,-0.408733255684
P2386,0.652478895617
P2387,0.747707695408
P2388,-1.868635507700
P2389,0.644253965433
P2390,-1.886458759803
P2391,-0.734412447690
P2392,0.791701556387
P2393,0.394510428358
P2394,2.175909876608
P2395,0.718375423084
P2396,0.730146919719
P2397,-0.975926681053
P2398,0.219522686629
P2399,-1.499165024071
P2400,1.745322102530
P2401,-0.477720414780
P2402,-2.075343652003
P2403,0.006141025650
P2404,-1.483419397251
P2405,-0.784836473384
P2406,-1.251811850000
P2407,-0.270937567905
P2408,-0.246603712314
P2409,-1.253177479358
P2410,-0.202971850019
P2411,0.240884984147
P2412,-0.635286682136
P2413,-1.682300829177
P2414,-0.877073556875
P2415,-1.766996289046
P2416,1.172719103549
P2417,0.480884078721
P2418,0.805247588195
P2419,-0.658309745499
P2420,2.303813386065
P2421,0.491024310475
P2422,-0.648320601472
P2423,-0.165533994491
P2424,-1.361018558623
P2425,0.285996316700
P2426,1.725452809007
P2427,-0.539371415504
P2428,1.089944720511
P2429,-1.210770509208
P2430,0.032907005984
P2431,1.566280150896
P2432,-0.794859511094
P2433,-0.168423433753
P2434,1.168467728011
P2435,0.204085466360
P2436,-1.482204169228
P2437,0.320047219804
P2438,-0.141361845051
P2439,0.119685247833
P2440,-0.551266525864
P2441,0.567708811904
P2442,-1.115239793534
P2443,0.561503266640
P2444,0.002997559445
P2445,0.582081402987
P2446,-1.636399167744
P2447,0.253126970127
P2448,-0.973042195886
P2449,-1.035107329306
P2450,0.371951525012
P2451,1.581182761216
P2452,0.134245036123
P2453,-0.202154696070
P2454,-2.225063486365
P2455,-0.843298627713
P2456,1.109929183825
P2457,1.728351304709
P2458,0.841329119434
P2459,0.966166864817
P2460,-0.124232016651
P2461,-1.760195171556
P2462,0.577283382227
P2463,0.730388444861
P2464,-0.013914599796
P2465,0.210809515857
P2466,-1.580752643025
P2467,0.850945449821
P2468,0.412116277886
P2469,1.375548076930
P2470,-1.151145943473
P2471,0.490354773501
P2472,-0.139107454355
P2473,-0.211068070980
P2474,0.825450750929
P2475,-1.997230674276
P2476,-1.056767284022
P2477,-0.329112589938
P2478,0.157778887873
P2479,0.704492538273
P2480,0.478768870294
P2481,-0.471735947880
P2482,-0.763860006156
P2483,-0.509979691667
P2484,0.646287951778
P2485,-1.079416229740
P2486,-0.641657445083
P2487,-0.499218011279
P2488,-0.082337571469
P2489,1.082863496283
P2490,-1.085133817583
P2491,1.263714080398
P2492,-1.311465934536
P2493,-1.781836831665
P2494,-1.685095272830
P2495,-0.769122536916
P2496,0.085004057554
P2497,-0.011688271431
P2498,0.522278275706
P2499,0.528096373443
P2500,-0.300775347436
P2501,-0.047682131276
P2502,0.300012851226
P2503,-0.768357770569
P2504,1.454770587840
P2505,0.656549424958
P2506,0.388006128903
P2507,-0.909141915000
P2508,-0.663882062406
P2509,0.670384588452
P2510,1.686897973668
P2511,0.217370526710
P2512,1.287765255111
P2513,-1.330889350529
P2514,0.165133040035
P2515,-0.347167155839
P2516,-0.480506566909
P2517,-2.358950937181
P2518,0.497988972539
P2519,0.421819852950
P2520,1.069962642055
P2521,-1.658948484363
P2522,0.976374345284
P2523,-0.110918556335
P2524,-0.022687420350
P2525,-0.423564860496
P2526,1.149597071117
P2527,-0.166909324863
P2528,-1.953520479858
P2529,0.375937540816
P2530,-1.871690575646
P2531,0.071162346900
P2532,-0.726127953058
P2533,-0.043906001923
P2534,0.247873990990
P2535,-0.112698261228
P2536,0.185228517861
P2537,1.726838157150
P2538,0.034241240300
P2539,0.751943368758
P2540,-0.777742974357
P2541,-0.086639322906
P2542,0.736971031648
P2543,-0.139714226857
P2544,0.025772913723
P2545,-1.003841554023
P2546,-0.604471898989
P2547,1.352958350827
P2548,-1.536351342378
P2549,-0.376514839320
P2550,-0.099755334428
P2551,1.046501587331
P2552,0.278038389531
P2553,0.577894628666
P2554,-1.165956440941
P2555,0.534075692494
P2556,0.113611958311
P2557,-1.341627015924
P2558,-0.020834489801
P2559,-0.730812464413
P2560,1.345649832676
P2561,0.330563396900
P2562,1.038796119056
P2563,0.998769462670
P2564,1.211726305743
P2565,1.669548209606
P2566,-1.247629948989
P2567,0.181331608496
P2568,-2.043386686732
P2569,-1.472603687739
P2570,-0.028912142506
P2571,1.225831079604
P2572,-1.206540031894
P2573,-0.859257911577
P2574,0.339962722741
P2575,0.138432626088
P2576,1.304523775652
P2577,2.443508561461
P2578,-1.148675409678
P2579,1.328266216663
P2580,0.891854435414
P2581,-1.952371994343
P2582,-0.295886579548
P2583,-1.733249277650
P2584,0.089968450978
P2585,-0.249973779658
P2586,-1.731023709589
P2587,1.302277641405
P2588,0.515006759864
P2589,-0.782388234736
P2590,-1.507327687344
P2591,0.295813304056
P2592,-0.554486876014
P2593,-0.201804032435
P2594,0.362657418766
P2595,0.878256571102
P2596,2.205481923665
P2597,0.472039427232
P2598,-0.734255580602
P2599,1.041787108947
P2600,0.232663721349
P2601,1.314663655603
P2602,-0.183616951785
P2603,0.119594637673
P2604,-1.744279279030
P2605,0.076956699061
P2606,0.231219397413
P2607,-1.705365497932
P2608,0.180722602585
P2609,0.086313991743
P2610,-0.788434967538
P2611,-1.861396850462
P2612,0.840092584230
P2613,0.634090758340
P2614,-0.613396650407
P2615,0.355531365355
P2616,-1.139952824774
P2617,1.392909158951
P2618,-0.309546804563
P2619,-1.644532561436
P2620,-1.145760348622
P2621,0.361788779298
P2622,-0.044693369520
P2623,1.228876472059
P2624,1.540551552669
P2625,0.285067643831
P2626,-1.003962255682
P2627,0.045733372815
P2628,0.110855037969
P2629,-0.657845797941
P2630,1.244143967800
P2631,0.599020707303
P2632,0.406802931433
P2633,-0.800896622247
P2634,-0.866029002572
P2635,0.524293804738
P2636,0.450806801532
P2637,-0.024804297639
P2638,-0.986865086500
P2639,-0.898104582132
P2640,-1.005903538968
P2641,-0.035688422536
P2642,-0.978324100677
P2643,1.598694237539
P2644,-0.069565143595
P2645,-0.981978559067
P2646,0.594775186045
P2647,0.044281947662
P2648,-0.465318280081
P2649,1.770529500188
P2650,0.802646421616
P2651,0.585469753959
P2652,1.164915790232
P2653,1.088315627459
P2654,1.055034563284
P2655,2.565466857491
P2656,0.115505999055
P2657,0.348798398486
P2658,-3.385108786942
P2659,1.334225121923
P2660,-0.626598391284
P2661,1.537313884291
P2662,-1.498990482259
P2663,1.210866001147
P2664,-1.091170860203
P2665,0.523944553932
P2666,-0.971771244332
P2667,1.379538295882
P2668,-1.226788969208
P2669,0.711347958975
P2670,-0.106199961466
P2671,0.580901067028
P2672,-1.840821158222
P2673,-0.198110393209
P2674,1.058212039627
P2675,0.224284668600
P2676,2.781976701816
P2677,0.129353847365
P2678,1.237441566207
P2679,-0.159674660441
P2680,0.034942286145
P2681,1.704417386793
P2682,-1.001890804334
P2683,-0.521667598590
P2684,-1.223777434451
P2685,-0.234716862287
P2686,-0.244359324330
P2687,-0.513988242335
P2688,-1.429060005952
P2689,-1.130448576790
P2690,-1.713364408487
P2691,-0.572688362882
P2692,-1.008379562928
P2693,1.102554094490
P2694,0.768029020114
P2695,-1.549724787173
P2696,-0.035733471756
P2697,0.468974420609
P2698,0.196871932705
P2699,-0.349732611290
P2700,0.613144136879
P2701,0.876963882657
P2702,-1.702084882348
P2703,-0.736229148928
P2704,-0.030554617183
P2705,-1.173361899534
P2706,-0.804896071848
P2707,-0.079537312140
P2708,0.410308100945
P2709,-2.419033332546
P2710,3.058219192465
P2711,0.672266948700
P2712,1.105474564780
P2713,0.444479127759
P2714,1.179234629929
P2715,0.612803400925
P2716,1.137042089114
P2717,-0.787614842688
P2718,-0.104113370291
P2719,1.935235735712
P2720,-0.690618168907
P2721,-0.048892216865
P2722,-0.022367875082
P2723,-1.219218953504
P2724,-1.866748084304
P2725,0.557120846922
P2726,-0.112532409251
P2727,-0.567388655426
P2728,0.912017073873
P2729,-0.556860930698
P2730,1.404437314880
P2731,0.286219673585
P2732,2.090002693429
P2733,1.288120917794
P2734,0.951309663335
P2735,0.027226126581
P2736,-0.506685303625
P2737,0.515153663903
P2738,-0.739423924003
P2739,0.623987466076
P2740,0.679680355018
P2741,0.415570091788
P2742,0.711453555779
P2743,0.316425815731
P2744,-0.934095441850
P2745,-0.865166000312
P2746,1.181674832911
P2747,0.620812558477
P2748,0.459197444588
P2749,0.132870510559
P2750,1.480094214511
P2751,-1.555484330490
P2752,-0.978758148284
P2753,1.467833895277
P2754,0.768305765239
P2755,1.308661450406
P2756,1.154114374420
P2757,-0.845878597823
P2758,-1.184104662170
P2759,-0.565752182239
P2760,0.507106445085
P2761,0.922416588242
P2762,0.609615000289
P2763,-1.119455746648
P2764,0.203466585162
P2765,0.416445866777
P2766,0.605750175117
P2767,-0.507451177459
P2768,-0.327844865063
P2769,-1.978226260323
P2770,0.617873085339
P2771,0.937716028695
P2772,-1.258101108852
P2773,-0.685815870280
P2774,1.706474853648
P2775,0.231110477006
P2776,1.051975067055
P2777,-0.528547892341
P2778,-2.143506187576
P2779,0.020168610074
P2780,0.010460209345
P2781,-0.599061248627
P2782,0.417378091054
P2783,-0.994222515414
P2784,0.221775605429
P2785,0.447373940150
P2786,1.440261725432
P2787,0.770830930809
P2788,0.535330555806
P2789,-0.289442376382
P2790,-0.253721200879
P2791,-0.317680663766
P2792,-0.977743289925
P2793,-2.259384142267
P2794,1.630043890471
P2795,1.436698930031
P2796,0.791436608921
P2797,0.332343412129
P2798,-0.202689693536
P2799,-0.356270820408
P2800,-0.254136010373
P2801,1.572511627500
P2802,-1.097080774330
P2803,1.717889747877
P2804,-1.053298446454
P2805,0.034706498751
P2806,1.827961394475
P2807,-0.661397677746
P2808,0.463042197007
P2809,0.859378955478
P2810,0.115145998203
P2811,0.045743960787
P2812,0.179884605643
P2813,0.308337541702
P2814,0.012565052239
P2815,-0.147209818172
P2816,0.154080551511
P2817,-0.494697891158
P2818,-0.155131240542
P2819,0.064174220698
P2820,-0.722111876537
P2821,-0.734576375385
P2822,1.007420100312
P2823,-0.158862255604
P2824,1.451284197428
P2825,-0.607304072983
P2826,1.181014894906
P2827,1.083465738101
P2828,-0.175441236837
P2829,1.199079729109
P2830,-1.230911545816
P2831,-0.314929376764
P2832,-0.873232337250
P2833,1.488794336621
P2834,1.137031190516
P2835,0.217299217276
P2836,0.865628160118
P2837,0.481799688915
P2838,-1.316590264972
P2839,0.825025633244
P2840,-0.020290699344
P2841,-0.195306726728
P2842,-1.073380590845
P2843,-1.146149272426
P2844,1.567996755120
P2845,-0.897847426790
P2846,-0.716020902962
P2847,-2.162064574857
P2848,0.383359400832
P2849,-0.318319591472
P2850,0.533623925257
P2851,0.244718330932
P2852,-1.324581834260
P2853,-1.205899400414
P2854,0.311656568719
P2855,-0.147986114997
P2856,-0.364690025653
P2857,0.664741782334
P2858,1.057978474588
P2859,0.289781212222
P2860,-0.209158198060
P2861,-0.464731313258
P2862,-0.320730543957
P2863,0.049226132620
P2864,-0.339424229666
P2865,0.704801183520
P2866,-0.203129925749
P2867,0.669069756750
P2868,0.363412921513
P2869,-1.063326305699
P2870,1.959737052805
P2871,-0.741432037404
P2872,1.853581631367
P2873,0.727793603660
P2874,-0.204108699408
P2875,1.482573925543
P2876,-0.086093655392
P2877,-0.826210894181
P2878,-1.649420346757
P2879,0.934728468095
P2880,-1.062960108305
P2881,0.343308649585
P2882,-1.002442735977
P2883,-1.150838303940
P2884,0.202903832405
P2885,1.474138659782
P2886,0.719816417819
P2887,-0.098851748625
P2888,1.046494605638
P2889,-0.062510188218
P2890,-0.171403369482
P2891,0.081507865751
P2892,1.244625506304
P2893,-0.935827185069
P2894,-0.557288384879
P2895,-0.069465648686
P2896,-1.044359134644
P2897,-0.981028455516
P2898,0.321847474934
P2899,0.513837859324
P2900,-2.127614606832
P2901,0.123019470064
P2902,-1.139535395303
P2903,-0.912985110535
P2904,-0.583000895462
P2905,-0.787740210198
P2906,0.178584184331
P2907,-0.312162541515
P2908,1.840926147845
P2909,0.858440511007
P2910,0.650559657264
P2911,-0.667881874368
P2912,-0.300846985152
P2913,1.151270632673
P2914,0.041915640097
P2915,0.311545406561
P2916,-0.026699394875
P2917,1.268057348641
P2918,0.173252813794
P2919,-0.373184374996
P2920,-0.904596406532
P2921,0.294934323791
P2922,-1.535087338114
P2923,2.336252630170
P2924,1.621805617054
P2925,2.381076857677
P2926,-0.535602675600
P2927,-0.405110919741
P2928,0.776046482185
P2929,0.310989853544
P2930,-0.487295095509
P2931,0.268061871218
P2932,0.917334242053
P2933,0.533162771412
P2934,-0.067889514955
P2935,-1.205525470673
P2936,0.833395562506
P2937,-0.332240960609
P2938,-1.180749746640
P2939,0.378911382900
P2940,0.499719360336
P2941,-0.022521829805
P2942,1.630594075041
P2943,-0.597077062561
P2944,-0.840080054604
P2945,-0.632127558130
P2946,0.777793192151
P2947,-0.829059856359
P2948,0.100972441299
P2949,-1.971407261444
P2950,-0.814086025443
P2951,-0.276863147833
P2952,-0.350763652851
P2953,1.377772029933
P2954,1.190807651700
P2955,0.260261975686
P2956,-0.421105550451
P2957,-1.065878459884
P2958,0.114104897878
P2959,0.483324052340
P2960,0.358382438771
P2961,0.015802622268
P2962,-0.463841086176
P2963,2.059138635531
P2964,0.528981522102
P2965,-0.816645529189
P2966,1.824891000229
P2967,1.170635194728
P2968,1.739226028019
P2969,-1.141543905037
P2970,-0.067061108142
P2971,0.532838743090
P2972,0.176132909718
P2973,0.360096334648
P2974,0.471637312669
P2975,1.642283437594
P2976,0.625306648268
P2977,1.420123379504
P2978,-1.568784242725
P2979,-1.988637427902
P2980,-0.129244806063
P2981,-0.191777235958
P2982,-1.277429386570
P2983,0.372635880179
P2984,-0.145396439062
P2985,0.268015234690
P2986,0.167784306565
P2987,1.755910889852
P2988,0.890993714221
P2989,-0.465309070521
P2990,-0.190962980183
P2991,-0.468137872477
P2992,-1.330621521372
P2993,0.711586223479
P2994,0.068935440320
P2995,0.849587061363
P2996,0.624614352145
P2997,-0.551802510351
P2998,-0.070094914918
P2999,1.072215710946
P3000,-2.221697992351
P3001,-0.077687703724
P3002,-1.552586591278
P3003,-0.174549351690
P3004,-0.046758232984
P3005,-1.491625283474
P3006,0.605686083989
P3007,0.866278082547
P3008,-0.508195433439
P3009,0.574195974639
P3010,0.358417823705
P3011,-0.340749396773
P3012,1.244886675942
P3013,0.992060160788
P3014,-0.452557052443
P3015,0.520207641639
P3016,-0.425249531982
P3017,0.531261122096
P3018,-1.452388354886
P3019,0.106324040712
P3020,-0.918288264726
P3021,1.836455088751
P3022,-0.051369225939
P3023,1.460500406931
P3024,0.794344334563
P3025,0.632682245498
P3026,0.133702837458
P3027,0.755168857185
P3028,-0.664795143312
P3029,-0.281203844948
P3030,-0.799537494912
P3031,-1.274705578836
P3032,1.154280173238
P3033,0.668523487691
P3034,0.251473083852
P3035,-1.021425336708
P3036,-0.706266845903
P3037,-1.750811315416
P3038,-0.534610594937
P3039,-0.656447056040
P3040,0.992768842400
P3041,1.013553684837
P3042,-1.029833925730
P3043,-0.104212633592
P3044,0.441235134564
P3045,0.003936646972
P3046,-0.386512139593
P3047,0.129901559513
P3048,-0.865050446394
P3049,0.277458971559
P3050,-2.210300953187
P3051,-0.315172714668
P3052,-0.577339709089
P3053,-0.095206313629
P3054,0.904359546212
P3055,0.801158207228
P3056,-0.745877412062
P3057,0.651384720617
P3058,0.925011921814
P3059,-0.418512774377
P3060,-0.066458285454
P3061,-0.572832264928
P3062,0.852552181450
P3063,-0.064688811853
P3064,-1.370092446926
P3065,-0.479612117850
P3066,0.928045813024
P3067,0.704679388844
P3068,2.553739011335
P3069,-0.049569940876
P3070,1.815805828592
P3071,1.093885730967
P3072,-1.118004132655
P3073,-0.470952827363
P3074,-0.062600409231
P3075,0.062314507738
P3076,-0.266011866344
P3077,-2.115945593245
P3078,-0.380160025119
P3079,-1.467315899390
P3080,-0.147166483417
P3081,0.128073949933
P3082,0.837541798830
P3083,0.642739752254
P3084,-1.457914873859
P3085,1.178967718170
P3086,0.225851365794
P3087,0.610986197853
P3088,0.050334177124
P3089,-1.492257836787
P3090,0.966310606898
P3091,1.992462680824
P3092,0.865344478175
P3093,0.875029522059
P3094,0.318101270345
P3095,-0.537458754586
P3096,-0.515749063381
P3097,0.601085309727
P3098,-0.425737211066
P3099,-0.048472630840
P3100,-0.771388829087
P3101,-0.066199924800
P3102,0.200564310760
P3103,-2.064642126634
P3104,0.789853035356
P3105,0.727536288692
P3106,-0.969742288582
P3107,-0.437160505413
P3108,-0.337730254325
P3109,0.086898212743
P3110,1.688063483333
P3111,-1.227561068219
P3112,0.260629962167
P3113,-0.958357183384
P3114,0.111688865590
P3115,-1.866417631165
P3116,-1.450764717199
P3117,-1.011708955009
P3118,0.857697320272
P3119,-0.225650655309
P3120,0.092076875850
P3121,-0.846407268988
P3122,-0.413215963152
P3123,1.296350304179
P3124,1.058104947009
P3125,-0.094045185566
P3126,0.421255826763
P3127,0.584474902199
P3128,1.581104816366
P3129,-1.671846377364
P3130,1.416040366560
P3131,-0.562652369116
P3132,0.567198918820
P3133,0.959810280111
P3134,-1.011329110854
P3135,0.839275671400
P3136,0.266790441674
P3137,-0.459150236579
P3138,0.644777921893
P3139,0.251825658158
P3140,-2.313774954263
P3141,0.067579810665
P3142,-0.488138202181
P3143,-1.259507692706
P3144,-2.012867097553
P3145,0.742339867804
P3146,0.015746844864
P3147,0.554177788420
P3148,-0.480957601049
P3149,-1.349492555752
P3150,-0.377455717118
P3151,-0.341219149140
P3152,-0.922742608782
P3153,-1.631784299657
P3154,-0.800070267187
P3155,0.581094058861
P3156,-0.298919381031
P3157,1.801288996510
P3158,-1.407680104606
P3159,-1.399363799492
P3160,-0.738936700081
P3161,0.115589380621
P3162,-0.059751533786
P3163,-0.623400304028
P3164,1.658021215072
P3165,-0.533680641768
P3166,0.695566350869
P3167,-0.237250518355
P3168,2.454246768116
P3169,0.549728072693
P3170,-1.776054936679
P3171,0.363622525742
P3172,1.018707188264
P3173,-1.156402410191
P3174,0.108512172765
P3175,-0.713669141953
P3176,-0.356694225621
P3177,0.997890036701
P3178,-1.841174160251
P3179,0.531177594271
P3180,0.842918757492
P3181,1.247578311557
P3182,0.047448929274
P3183,0.981254197548
P3184,1.601548113336
P3185,-1.231154026143
P3186,-2.185540141930
P3187,-0.587248171163
P3188,-1.181343297925
P3189,-0.036576794939
P3190,-1.005437360329
P3191,0.062233244251
P3192,-0.564588041230
P3193,-1.112190410667
P3194,2.165548033009
P3195,0.681033323678
P3196,-0.354782908634
P3197,1.253614340849
P3198,1.539077267433
P3199,0.544674048583
P3200,0.711147964398
