student_id,encouragement_assignment,tutoring_received,baseline_math_score,end_term_math_score
IV0001,1,1,63.181775,82.638416
IV0002,1,1,41.564975,81.25352
IV0003,0,0,60.880318,86.472484
IV0004,1,0,52.09081,81.691442
IV0005,1,1,67.343464,95.513324
IV0006,1,1,71.840404,91.68032
IV0007,0,0,62.316013,66.442159
IV0008,0,0,72.631296,77.676686
IV0009,0,0,63.283308,75.088515
IV0010,0,0,47.197797,62.359425
IV0011,1,1,62.690425,90.440581
IV0012,0,0,58.381094,83.625535
IV0013,1,1,47.671172,67.368778
IV0014,0,0,52.440548,79.195414
IV0015,0,0,64.613698,92.719803
IV0016,0,0,53.715853,76.404811
IV0017,1,1,68.920687,93.389922
IV0018,1,1,61.666869,95.785579
IV0019,0,0,79.568416,83.603907
IV0020,1,1,54.940049,83.963296
IV0021,0,0,53.701765,75.915122
IV0022,1,0,58.704275,65.214158
IV0023,1,1,65.969416,80.954161
IV0024,1,1,68.556907,91.580606
IV0025,1,1,44.653678,83.710086
IV0026,0,0,60.683674,77.07142
IV0027,1,1,72.417277,91.442211
IV0028,0,1,62.181221,85.709337
IV0029,0,0,64.557098,85.960082
IV0030,0,0,82.903091,83.024906
IV0031,1,0,71.173068,78.212408
IV0032,0,0,69.317264,84.697005
IV0033,0,0,58.552898,73.666406
IV0034,1,1,50.705642,78.717999
IV0035,1,1,45.942208,77.147388
IV0036,1,0,65.112707,78.817504
IV0037,0,0,80.212881,83.635946
IV0038,0,0,51.687779,74.299333
IV0039,1,1,75.288243,79.511388
IV0040,0,0,60.264065,84.068305
IV0041,0,0,78.651303,85.092629
IV0042,0,0,57.666543,73.636037
IV0043,1,1,53.244748,84.034534
IV0044,0,0,63.998918,70.259058
IV0045,0,0,62.500576,86.9515
IV0046,0,0,73.873959,76.716253
IV0047,0,0,68.486504,80.517023
IV0048,0,0,66.404336,89.869334
IV0049,1,1,77.339406,92.03926
IV0050,1,0,68.604158,78.286827
IV0051,1,1,67.805281,89.071766
IV0052,1,0,77.373285,86.611121
IV0053,0,0,78.274323,83.751809
IV0054,1,0,43.637949,72.283523
IV0055,0,0,66.512686,75.512679
IV0056,1,0,59.836143,82.762686
IV0057,1,1,60.042976,90.931563
IV0058,0,0,61.494367,76.450352
IV0059,0,0,64.100597,76.94335
IV0060,0,0,60.488095,82.117917
IV0061,1,1,72.98345,92.854225
IV0062,1,1,53.004665,76.890017
IV0063,0,0,57.444757,85.042899
IV0064,1,1,64.295072,92.196346
IV0065,0,0,52.116155,78.850019
IV0066,1,1,62.374613,88.734979
IV0067,1,1,56.157302,93.548643
IV0068,1,1,60.011452,96.767755
IV0069,0,0,68.168019,81.196234
IV0070,0,0,57.835313,64.784962
IV0071,0,0,62.511224,73.741053
IV0072,1,1,69.145808,86.240905
IV0073,0,0,69.63215,74.211726
IV0074,0,0,75.473952,82.853457
IV0075,1,1,69.566455,73.427552
IV0076,0,0,79.146936,91.572811
IV0077,1,1,54.761606,66.688992
IV0078,0,0,48.922293,80.291425
IV0079,0,0,72.815219,83.413229
IV0080,1,0,55.213693,72.91357
IV0081,1,1,60.680107,93.65409
IV0082,0,0,79.900163,92.478199
IV0083,1,1,68.850432,91.408411
IV0084,0,1,63.195461,76.132648
IV0085,1,1,54.037543,70.098766
IV0086,1,0,52.497415,64.416746
IV0087,1,1,71.178518,90.323028
IV0088,1,1,70.756746,87.037785
IV0089,0,1,64.409428,82.608398
IV0090,0,0,55.954023,78.840269
IV0091,0,0,62.697492,73.069275
IV0092,1,1,73.893363,100.691857
IV0093,0,0,73.968528,87.284416
IV0094,1,1,66.585472,81.74028
IV0095,1,1,62.160951,85.988189
IV0096,0,0,60.94288,73.049859
IV0097,0,1,64.639228,81.412983
IV0098,1,0,75.733179,84.844126
IV0099,0,1,64.715192,94.564425
IV0100,0,1,78.092994,88.547784
IV0101,0,0,65.943952,74.080596
IV0102,1,1,55.221937,87.422285
IV0103,0,0,60.975301,87.861308
IV0104,1,1,75.288443,90.478987
IV0105,0,0,70.926475,85.480258
IV0106,0,0,69.820613,79.993483
IV0107,1,1,59.397847,87.85317
IV0108,0,0,53.224114,74.865049
IV0109,0,0,66.854382,87.343689
IV0110,0,0,45.482819,82.363748
IV0111,0,1,71.329757,90.423281
IV0112,1,1,61.399963,87.092163
IV0113,1,1,66.067698,75.81283
IV0114,1,0,74.901831,86.469815
IV0115,0,0,66.370724,79.181462
IV0116,1,1,55.210391,89.736535
IV0117,1,0,90.036647,101.790692
IV0118,0,0,54.301391,67.358371
IV0119,0,0,55.583702,73.263602
IV0120,1,1,74.523313,99.115971
IV0121,1,0,59.461957,76.980981
IV0122,0,0,64.636152,87.878429
IV0123,0,0,58.731639,91.208338
IV0124,1,1,71.347923,87.159598
IV0125,1,1,68.172557,102.491752
IV0126,0,0,57.589834,82.426437
IV0127,1,1,62.753288,76.767699
IV0128,0,0,66.290243,68.225827
IV0129,1,1,54.552393,79.520369
IV0130,0,0,69.240922,80.466333
IV0131,0,0,60.966026,95.214829
IV0132,1,1,88.133558,94.066614
IV0133,0,0,54.289024,74.816704
IV0134,0,1,68.20608,93.636294
IV0135,1,0,57.932978,87.160659
IV0136,0,0,52.647931,82.135632
IV0137,0,0,69.111658,74.634132
IV0138,0,1,76.116259,81.441517
IV0139,1,1,66.543325,83.891052
IV0140,1,1,50.339152,84.002723
IV0141,0,0,56.390347,75.646699
IV0142,1,0,60.561201,78.605526
IV0143,1,1,63.13771,81.918717
IV0144,0,0,73.61469,75.432547
IV0145,0,0,72.591976,71.065868
IV0146,1,1,62.039603,91.01853
IV0147,1,1,42.82093,85.056118
IV0148,0,0,62.884378,81.519054
IV0149,0,0,79.137398,92.721018
IV0150,0,1,76.843415,96.885139
IV0151,1,1,63.858779,87.973771
IV0152,1,1,71.009725,95.579925
IV0153,0,0,65.283423,73.507176
IV0154,1,1,55.093257,78.592719
IV0155,0,0,69.440926,79.360768
IV0156,1,1,57.851998,92.520182
IV0157,0,0,72.998603,87.772362
IV0158,1,0,60.649827,84.585988
IV0159,1,1,53.990581,89.742576
IV0160,1,1,74.246061,97.833974
IV0161,0,0,74.051625,97.989397
IV0162,0,1,49.000045,86.706057
IV0163,0,0,65.306122,84.941555
IV0164,1,1,58.800654,83.835726
IV0165,0,1,63.044859,83.512981
IV0166,0,0,57.624429,73.936607
IV0167,1,0,55.716341,78.635807
IV0168,0,0,43.42286,65.355678
IV0169,1,1,41.157261,77.914204
IV0170,1,1,56.872719,75.792626
IV0171,1,0,64.938555,85.605402
IV0172,1,1,77.555398,95.352833
IV0173,1,1,74.255411,80.552953
IV0174,0,0,62.855328,78.365796
IV0175,1,0,52.331031,89.089026
IV0176,0,0,69.738288,99.404462
IV0177,0,0,59.250326,88.669027
IV0178,0,0,70.592836,80.748691
IV0179,1,1,64.234625,88.657403
IV0180,0,0,77.364972,95.28917
IV0181,1,1,71.953843,93.482158
IV0182,1,1,66.608062,78.784856
IV0183,0,0,74.361038,83.925877
IV0184,1,1,54.818153,90.503027
IV0185,1,1,75.066668,108.183663
IV0186,0,0,53.973464,95.210059
IV0187,1,0,55.196448,78.034206
IV0188,0,0,71.673906,85.890691
IV0189,0,0,73.206231,96.364071
IV0190,0,0,78.800659,85.559556
IV0191,1,1,79.362285,95.594769
IV0192,0,0,64.498764,75.470236
IV0193,0,0,67.747663,95.600867
IV0194,0,0,77.161489,82.11348
IV0195,1,1,53.329393,88.505242
IV0196,1,1,72.70586,82.128634
IV0197,1,0,64.563451,80.901064
IV0198,1,0,75.599181,87.275083
IV0199,1,1,65.629121,82.948384
IV0200,0,0,83.141787,90.116002
IV0201,1,1,62.916938,85.325377
IV0202,1,0,52.644908,87.772493
IV0203,1,1,60.952505,87.262903
IV0204,0,0,51.835502,73.696633
IV0205,1,1,93.052378,109.063407
IV0206,0,0,71.579952,78.350272
IV0207,1,0,63.926862,92.280699
IV0208,1,1,62.426087,99.220375
IV0209,0,0,75.75583,83.43294
IV0210,1,1,63.298602,78.084021
IV0211,1,1,73.177032,93.468791
IV0212,0,0,59.74129,74.547569
IV0213,1,1,55.162297,65.267951
IV0214,0,0,61.940515,62.977122
IV0215,0,0,79.399678,85.74233
IV0216,1,1,73.512318,84.117691
IV0217,1,1,53.378689,86.020756
IV0218,1,1,49.518864,72.878231
IV0219,0,0,77.024192,72.800958
IV0220,1,0,58.333784,77.927166
IV0221,1,1,62.646148,80.896402
IV0222,1,0,61.437023,82.833122
IV0223,1,0,60.673605,83.702932
IV0224,0,0,57.375964,73.177924
IV0225,1,1,62.381101,73.871507
IV0226,0,0,59.302135,79.787676
IV0227,1,0,72.15882,84.921578
IV0228,0,0,75.330912,97.467008
IV0229,1,1,54.884293,74.290639
IV0230,0,0,42.852366,77.19887
IV0231,1,0,65.273156,76.088787
IV0232,0,0,62.709718,89.995684
IV0233,1,1,68.660999,97.513434
IV0234,0,0,80.865863,85.778628
IV0235,1,1,70.049181,102.2177
IV0236,1,1,74.344582,89.082129
IV0237,1,0,77.75633,86.928132
IV0238,1,0,76.265331,79.223384
IV0239,1,1,75.848813,103.330541
IV0240,0,1,89.109042,87.918726
IV0241,0,0,70.272061,92.901886
IV0242,0,0,69.390678,95.845428
IV0243,0,0,60.369601,75.237155
IV0244,1,1,67.358267,85.827161
IV0245,0,0,56.92281,89.156637
IV0246,1,0,69.372239,92.148995
IV0247,0,0,70.602772,93.335879
IV0248,1,1,64.496558,97.13373
IV0249,0,1,79.516135,94.977402
IV0250,0,0,61.007961,78.158855
IV0251,0,0,65.88559,83.144758
IV0252,0,1,76.194188,100.19389
IV0253,1,1,50.310772,75.516347
IV0254,1,1,62.169499,95.622907
IV0255,0,0,49.46036,86.413844
IV0256,1,0,67.291704,87.912367
IV0257,0,1,61.020126,92.312392
IV0258,0,0,69.025341,91.702481
IV0259,1,1,64.636033,90.423209
IV0260,0,0,68.932995,95.080471
IV0261,1,1,69.70599,82.376376
IV0262,1,1,81.213988,92.162733
IV0263,1,1,45.765386,82.364689
IV0264,0,0,69.925467,68.953406
IV0265,1,1,72.046269,81.549333
IV0266,0,0,68.528892,74.914443
IV0267,0,0,67.71502,83.917329
IV0268,1,0,72.545671,97.86742
IV0269,0,0,65.773858,101.483459
IV0270,0,0,62.0719,75.445091
IV0271,1,1,68.722029,90.237734
IV0272,0,0,62.799613,70.278423
IV0273,1,1,51.539946,79.058615
IV0274,0,0,78.5285,89.306559
IV0275,1,1,69.389888,92.615246
IV0276,0,0,66.955566,77.536321
IV0277,1,1,68.396795,98.581915
IV0278,1,0,63.330258,85.948547
IV0279,0,0,54.267693,84.477008
IV0280,1,0,72.246277,78.87848
IV0281,1,1,68.073106,86.569561
IV0282,1,1,52.246692,56.670487
IV0283,1,1,52.959882,85.093609
IV0284,0,0,62.46632,87.221852
IV0285,1,0,75.598747,89.234991
IV0286,1,0,57.877866,81.262148
IV0287,1,1,59.195688,77.308023
IV0288,0,0,65.856727,82.244738
IV0289,0,0,64.419996,83.846427
IV0290,1,1,56.240396,80.358709
IV0291,0,0,64.185917,84.506043
IV0292,0,0,56.336347,74.650575
IV0293,0,0,41.247199,69.048145
IV0294,0,0,59.515764,74.007942
IV0295,0,0,52.399821,90.947067
IV0296,0,1,65.062362,95.023045
IV0297,1,1,63.96153,85.033952
IV0298,0,0,67.305482,80.0546
IV0299,0,0,60.24233,84.953148
IV0300,1,1,68.911004,84.987974
IV0301,1,1,58.067602,93.479209
IV0302,0,0,71.994911,78.150169
IV0303,1,1,57.938703,81.256866
IV0304,0,0,70.323865,86.584898
IV0305,0,0,66.820322,93.553347
IV0306,0,0,76.872818,75.129164
IV0307,1,1,59.126563,85.493495
IV0308,0,0,45.916087,77.333703
IV0309,1,1,50.146035,82.042098
IV0310,0,1,54.214427,77.81222
IV0311,1,0,65.862471,87.739618
IV0312,0,0,52.464399,70.290498
IV0313,0,1,73.527921,99.573834
IV0314,1,0,60.844281,76.517664
IV0315,0,0,68.417192,71.884771
IV0316,1,1,75.668107,90.13063
IV0317,0,0,68.765789,94.458167
IV0318,0,0,54.944942,82.659046
IV0319,0,0,63.066896,76.106085
IV0320,0,0,68.940355,89.616866
IV0321,0,0,62.11832,76.404944
IV0322,1,1,65.280694,84.17812
IV0323,0,0,64.001809,92.285693
IV0324,0,0,75.83117,90.407993
IV0325,1,0,54.451549,88.862626
IV0326,1,1,67.344847,91.135916
IV0327,0,0,66.79718,81.582462
IV0328,1,0,71.215868,86.754355
IV0329,0,0,71.878773,77.485159
IV0330,1,1,66.649598,92.802224
IV0331,0,0,62.15324,88.974664
IV0332,0,0,66.305534,90.770307
IV0333,0,0,55.275673,77.988197
IV0334,1,1,57.943116,101.056782
IV0335,1,0,71.09028,85.604246
IV0336,1,0,68.465361,64.394069
IV0337,0,0,62.695754,77.723724
IV0338,0,0,62.424238,83.000135
IV0339,0,0,73.046286,87.040542
IV0340,0,0,56.320157,91.052743
IV0341,1,1,45.927207,73.359298
IV0342,0,0,57.059349,70.735253
IV0343,1,0,59.31363,75.574749
IV0344,1,0,90.545851,93.779811
IV0345,0,0,73.526695,82.940524
IV0346,1,1,68.463717,85.000112
IV0347,0,0,55.464355,69.5269
IV0348,1,1,67.017273,88.060864
IV0349,0,0,49.759175,81.692513
IV0350,1,1,60.99297,89.372607
IV0351,1,1,74.487651,95.740797
IV0352,1,0,79.59384,88.864034
IV0353,0,0,63.932839,76.282789
IV0354,0,0,67.485707,96.461129
IV0355,0,0,58.99351,63.606914
IV0356,0,0,56.371484,78.157516
IV0357,0,0,53.911815,77.741981
IV0358,0,0,62.167188,76.564726
IV0359,0,0,74.494696,86.190413
IV0360,0,0,56.372988,71.960291
IV0361,1,1,50.589735,79.312274
IV0362,1,1,53.100158,80.397077
IV0363,0,0,72.548173,80.449837
IV0364,1,0,66.247031,83.327779
IV0365,1,0,70.507093,89.729334
IV0366,1,1,63.828221,100.595154
IV0367,1,1,56.611026,80.089676
IV0368,1,1,64.872946,98.747338
IV0369,1,1,59.811963,94.06382
IV0370,1,1,67.42665,87.275294
IV0371,1,0,68.363005,81.056976
IV0372,1,0,63.606399,85.865979
IV0373,0,0,69.809889,86.764731
IV0374,1,0,59.856707,74.723611
IV0375,0,1,72.026035,88.299473
IV0376,0,0,54.484179,75.732276
IV0377,1,1,53.652098,91.572057
IV0378,1,1,65.237471,91.821902
IV0379,1,1,66.458456,82.984785
IV0380,0,0,82.55081,90.720658
IV0381,0,0,65.051451,86.802709
IV0382,1,0,68.043672,93.29878
IV0383,1,0,62.37938,83.667064
IV0384,1,1,53.720984,92.856596
IV0385,1,1,74.771179,82.212427
IV0386,1,0,64.61586,89.165644
IV0387,1,1,60.428074,90.413901
IV0388,1,0,43.655339,70.35708
IV0389,0,0,79.580478,103.911224
IV0390,1,1,63.083199,89.472138
IV0391,1,1,46.547601,78.414516
IV0392,1,1,72.027191,85.9846
IV0393,1,0,82.670487,94.54498
IV0394,1,0,50.490104,67.991917
IV0395,1,1,61.399619,86.252417
IV0396,0,0,63.450997,76.963195
IV0397,1,1,80.540356,89.353979
IV0398,1,1,73.243787,90.597505
IV0399,1,1,70.105956,78.070686
IV0400,1,0,67.728429,89.182004
IV0401,0,0,55.29157,81.869557
IV0402,1,1,57.29468,93.54995
IV0403,1,0,58.609916,69.594252
IV0404,0,0,59.860064,71.63837
IV0405,0,1,74.483856,85.494154
IV0406,0,0,49.523959,65.158638
IV0407,1,0,62.866619,81.155047
IV0408,0,0,59.320529,79.203298
IV0409,1,0,52.920447,72.800999
IV0410,1,1,69.267443,85.005452
IV0411,1,1,71.859557,99.280469
IV0412,0,0,70.871471,83.383447
IV0413,1,0,68.16141,91.944109
IV0414,0,0,84.443774,87.563373
IV0415,0,0,70.012914,94.793581
IV0416,0,0,57.989217,84.555875
IV0417,1,0,69.979416,85.003676
IV0418,0,0,69.453204,86.32203
IV0419,1,1,69.663315,75.260554
IV0420,0,0,73.007599,87.135955
IV0421,1,0,68.289878,90.292424
IV0422,0,0,69.03674,77.103708
IV0423,1,1,71.669366,87.099914
IV0424,1,0,72.080975,82.323407
IV0425,0,0,57.586037,86.012762
IV0426,0,0,64.711063,73.953672
IV0427,1,1,65.720274,97.573354
IV0428,1,1,79.213195,93.294498
IV0429,1,0,60.127495,84.784139
IV0430,1,1,70.899208,92.64975
IV0431,1,1,83.098551,95.653015
IV0432,1,0,63.414548,73.942203
IV0433,0,0,77.263132,86.152844
IV0434,0,0,53.42184,81.78889
IV0435,0,0,65.150176,77.664692
IV0436,0,0,68.509077,79.799936
IV0437,0,0,49.000378,78.596598
IV0438,0,1,74.315512,99.139474
IV0439,1,1,59.90413,95.798359
IV0440,0,0,60.117201,73.080356
IV0441,1,1,67.548182,75.281459
IV0442,1,1,58.923399,75.342883
IV0443,1,0,58.689437,91.445118
IV0444,1,0,55.187309,83.086671
IV0445,0,0,68.739296,78.255891
IV0446,0,0,59.427307,83.663431
IV0447,1,0,68.701048,83.445907
IV0448,0,0,75.089415,92.825741
IV0449,0,0,56.786274,80.111418
IV0450,1,1,59.818469,79.979872
IV0451,0,0,71.447564,86.911619
IV0452,0,0,57.418997,80.895263
IV0453,1,1,69.04294,87.564905
IV0454,1,0,73.270088,76.730287
IV0455,1,0,61.41074,88.238869
IV0456,1,0,75.010305,80.068869
IV0457,0,0,54.899809,69.69489
IV0458,0,0,64.993205,83.850109
IV0459,0,0,56.727198,85.278887
IV0460,1,1,67.315168,87.084927
IV0461,1,1,65.41598,87.3956
IV0462,1,1,54.254299,94.057057
IV0463,0,0,68.872545,92.144331
IV0464,1,1,75.356488,96.143097
IV0465,1,1,74.529261,96.619111
IV0466,0,0,53.976903,76.913676
IV0467,1,1,52.951039,81.898441
IV0468,1,1,67.944575,81.164611
IV0469,0,1,63.252719,80.999059
IV0470,1,0,66.001778,95.91973
IV0471,0,0,53.846297,81.391335
IV0472,1,1,64.442881,86.416991
IV0473,1,1,64.721047,86.870472
IV0474,1,1,63.357445,85.183652
IV0475,0,1,70.641583,95.686233
IV0476,0,0,58.53606,88.858879
IV0477,1,0,57.152327,76.204712
IV0478,0,0,79.211477,87.888938
IV0479,0,1,49.888417,73.796642
IV0480,0,1,69.548544,92.942219
IV0481,1,1,55.322193,85.784799
IV0482,0,0,46.631644,69.459412
IV0483,0,0,65.123168,84.281125
IV0484,1,1,53.414349,76.086474
IV0485,1,0,75.745536,81.497249
IV0486,1,0,61.564337,75.461165
IV0487,0,0,60.335114,81.413348
IV0488,1,0,76.841293,82.447951
IV0489,1,0,62.082052,78.275669
IV0490,0,0,66.468227,78.957057
IV0491,1,0,54.06684,69.456719
IV0492,1,0,63.629468,81.223437
IV0493,1,1,58.82589,90.630758
IV0494,0,0,53.750997,69.895012
IV0495,0,0,43.95313,81.863913
IV0496,1,1,46.786772,72.71336
IV0497,1,0,60.30579,79.518185
IV0498,0,0,70.966732,86.737616
IV0499,0,0,67.313116,73.870191
IV0500,0,0,61.889421,75.510289
IV0501,0,1,88.632269,91.715429
IV0502,1,1,57.086816,91.790698
IV0503,1,1,65.131749,85.487533
IV0504,1,1,60.168576,90.067794
IV0505,1,1,70.69373,99.838115
IV0506,1,0,74.58781,83.954833
IV0507,1,0,84.06631,90.777283
IV0508,1,1,60.511898,88.606305
IV0509,0,0,73.679927,83.732021
IV0510,1,1,64.270239,87.899058
IV0511,1,0,46.984857,76.714825
IV0512,0,0,53.193381,71.676354
IV0513,1,1,83.205239,102.471744
IV0514,1,0,58.278528,85.696465
IV0515,1,1,57.214339,80.452525
IV0516,1,1,73.990608,89.162059
IV0517,0,0,61.793237,74.056259
IV0518,1,1,79.93863,100.40502
IV0519,1,0,62.867239,82.896419
IV0520,0,0,72.520437,86.625579
IV0521,1,0,47.758909,74.915851
IV0522,0,0,57.064345,81.467323
IV0523,1,1,62.290496,82.72606
IV0524,1,1,55.648882,73.013994
IV0525,0,0,53.164824,65.360127
IV0526,0,0,60.88482,57.425618
IV0527,0,0,68.405541,81.011087
IV0528,0,0,64.340127,73.34918
IV0529,1,1,71.525529,102.15177
IV0530,0,0,56.363735,73.711042
IV0531,1,0,65.874707,83.133603
IV0532,0,1,71.943943,94.665607
IV0533,1,1,51.755726,85.319064
IV0534,1,1,43.955062,85.707056
IV0535,1,0,66.90774,88.983776
IV0536,0,0,64.355184,96.188958
IV0537,1,1,67.899189,86.122438
IV0538,1,0,69.92531,91.96211
IV0539,0,0,70.429989,83.471463
IV0540,0,0,89.010827,81.612281
IV0541,1,1,65.343074,87.169929
IV0542,1,1,62.963546,72.787581
IV0543,1,1,58.323577,80.000141
IV0544,0,0,82.002894,94.796255
IV0545,0,0,70.971235,84.450896
IV0546,0,0,73.742036,83.382408
IV0547,0,0,58.48433,84.955632
IV0548,0,0,80.099892,93.983031
IV0549,1,1,90.247034,101.180756
IV0550,0,0,57.41843,80.272771
IV0551,0,0,67.611953,83.956635
IV0552,0,0,73.384138,97.259634
IV0553,1,1,69.3764,84.451505
IV0554,0,0,55.419426,94.205977
IV0555,1,1,60.032407,92.765433
IV0556,0,0,68.214606,73.932006
IV0557,0,0,43.152383,69.676785
IV0558,1,1,71.55851,97.199808
IV0559,1,1,73.776594,86.787118
IV0560,0,0,82.200798,84.882776
IV0561,0,0,61.391331,80.727109
IV0562,0,0,67.947476,78.306142
IV0563,0,0,62.423442,88.283775
IV0564,1,1,50.947947,73.99428
IV0565,1,0,53.663856,69.172714
IV0566,0,1,59.024169,87.160318
IV0567,0,0,53.565232,87.56698
IV0568,1,1,60.010859,97.870339
IV0569,0,0,74.923872,78.399973
IV0570,0,0,60.661347,78.191593
IV0571,1,1,59.335966,99.178337
IV0572,0,0,72.47545,100.968731
IV0573,1,1,58.372077,81.826359
IV0574,0,0,63.175817,83.343684
IV0575,1,0,62.67798,83.521003
IV0576,0,0,80.688647,92.944568
IV0577,0,0,57.445058,71.563617
IV0578,1,1,56.461573,76.351032
IV0579,0,0,65.86366,96.938466
IV0580,1,0,74.941726,90.862795
IV0581,1,1,83.336696,82.263857
IV0582,0,0,55.054756,72.818429
IV0583,1,1,77.800507,94.456818
IV0584,1,0,65.89741,80.244791
IV0585,1,1,65.466301,79.270604
IV0586,0,0,75.238177,86.395439
IV0587,1,0,76.250806,87.802546
IV0588,1,1,62.741321,99.160904
IV0589,0,0,71.606598,80.144
IV0590,0,1,76.266983,100.758656
IV0591,1,1,87.32493,97.290336
IV0592,0,0,61.438838,73.566956
IV0593,1,1,60.802784,89.692833
IV0594,1,1,63.40244,89.865041
IV0595,1,0,65.661528,84.418675
IV0596,1,1,53.705471,77.225299
IV0597,0,0,70.064007,80.565343
IV0598,1,1,77.510304,100.608635
IV0599,0,0,63.648193,89.152236
IV0600,1,0,70.731538,93.171194
IV0601,1,0,65.592669,89.690943
IV0602,0,0,64.128845,83.69383
IV0603,0,0,57.581247,72.433398
IV0604,1,1,58.551936,78.48401
IV0605,1,0,68.296524,88.060223
IV0606,1,1,71.080373,96.307011
IV0607,0,1,76.050199,94.676044
IV0608,1,1,74.381344,89.558433
IV0609,1,0,66.112703,71.566413
IV0610,0,0,78.834633,85.614937
IV0611,1,0,53.956125,78.814205
IV0612,1,1,76.358086,98.679481
IV0613,0,0,44.63484,81.074406
IV0614,1,1,70.782276,90.146286
IV0615,1,0,47.628966,76.266147
IV0616,1,1,67.2241,93.317754
IV0617,0,0,55.579582,70.300971
IV0618,0,0,67.893342,86.301013
IV0619,1,0,42.169539,72.717552
IV0620,1,1,52.489247,65.294703
IV0621,1,1,64.988629,89.478626
IV0622,1,1,63.1564,86.440592
IV0623,0,0,57.033685,71.973069
IV0624,0,0,78.596962,93.028511
IV0625,1,1,58.322982,86.632482
IV0626,0,0,69.574994,86.158973
IV0627,1,1,67.560382,95.742548
IV0628,1,0,82.179916,90.056242
IV0629,0,0,63.883231,71.368449
IV0630,0,0,74.680287,85.721338
IV0631,0,0,71.017485,84.820064
IV0632,0,0,76.526768,94.576933
IV0633,1,1,67.817176,91.121738
IV0634,1,0,65.735496,92.626693
IV0635,0,0,84.167626,92.410437
IV0636,1,1,65.642629,85.54817
IV0637,0,0,56.569409,81.760827
IV0638,1,1,78.277606,84.64158
IV0639,1,1,71.374768,96.446274
IV0640,0,0,81.017908,89.62816
IV0641,1,0,62.153025,74.958334
IV0642,0,0,65.250516,75.336019
IV0643,0,0,59.118101,73.447879
IV0644,1,1,54.783449,89.076644
IV0645,0,1,55.900875,83.462658
IV0646,1,1,68.868684,96.039104
IV0647,0,0,52.931508,88.783135
IV0648,1,0,69.526553,77.967893
IV0649,0,0,57.715326,72.210624
IV0650,0,0,67.907215,89.055784
IV0651,0,1,61.314257,82.762354
IV0652,1,1,84.234179,96.25519
IV0653,0,0,76.595311,87.82447
IV0654,0,0,72.524473,79.282442
IV0655,1,0,66.01836,88.77937
IV0656,1,1,81.185024,91.466478
IV0657,1,1,66.794934,77.866137
IV0658,0,0,70.142318,90.589402
IV0659,0,1,51.249994,90.515716
IV0660,0,0,50.732626,71.127052
IV0661,1,0,61.076328,89.9335
IV0662,1,1,58.468102,78.128979
IV0663,0,0,79.620468,86.077771
IV0664,0,0,69.631471,76.661006
IV0665,1,0,67.638833,80.391727
IV0666,1,1,64.771745,74.317303
IV0667,0,0,72.65859,75.617025
IV0668,0,0,74.958171,82.49381
IV0669,0,0,72.735914,92.199222
IV0670,0,0,64.944223,78.616142
IV0671,1,0,79.904829,96.516106
IV0672,0,0,73.091943,81.298818
IV0673,0,0,71.644094,96.096744
IV0674,1,0,63.992267,78.031334
IV0675,1,1,62.222824,88.965329
IV0676,1,1,52.535009,69.720833
IV0677,0,1,59.763115,87.787437
IV0678,0,1,72.181258,90.846302
IV0679,1,0,54.296458,73.655176
IV0680,0,0,78.506042,76.223551
IV0681,1,1,48.576348,75.839064
IV0682,1,1,75.28194,91.371603
IV0683,0,0,65.275624,72.703295
IV0684,1,1,65.674887,91.331554
IV0685,0,1,68.899444,92.539846
IV0686,0,0,60.141802,79.788202
IV0687,0,0,59.332371,69.620284
IV0688,0,0,56.447438,77.581369
IV0689,0,0,66.248276,83.852889
IV0690,0,0,73.470202,91.664884
IV0691,0,0,60.296647,80.533076
IV0692,0,0,59.008622,82.440943
IV0693,1,1,66.784674,87.905229
IV0694,1,1,61.43701,89.89544
IV0695,0,0,46.474642,70.358019
IV0696,1,1,64.617776,93.956724
IV0697,0,0,77.964025,93.371469
IV0698,1,1,60.177718,94.571498
IV0699,0,0,81.699942,96.888313
IV0700,0,0,82.287557,86.051371
IV0701,1,1,67.00686,81.075152
IV0702,1,1,56.657146,73.605117
IV0703,1,0,58.502394,78.025667
IV0704,0,0,61.5978,80.793073
IV0705,0,0,77.829365,86.424719
IV0706,0,0,48.395821,64.801443
IV0707,0,0,79.150405,97.456477
IV0708,1,0,59.515358,87.7248
IV0709,1,1,63.812123,85.395859
IV0710,0,0,45.257328,68.789365
IV0711,1,1,59.407788,82.497718
IV0712,0,0,84.990873,93.677903
IV0713,0,0,57.739299,85.459121
IV0714,0,0,61.85764,91.841028
IV0715,1,1,66.551079,101.529238
IV0716,0,0,54.894203,73.960013
IV0717,1,0,55.144367,79.064916
IV0718,1,0,63.844069,77.923428
IV0719,1,0,64.77486,85.543783
IV0720,0,0,69.718161,69.477526
IV0721,1,1,81.159669,87.315778
IV0722,0,0,57.169219,75.587516
IV0723,0,0,46.146911,76.251594
IV0724,1,1,56.285877,79.126942
IV0725,0,0,44.175391,74.165689
IV0726,0,1,67.440101,100.28286
IV0727,1,1,51.123485,86.241696
IV0728,0,0,62.344559,76.757683
IV0729,1,1,56.112681,79.81409
IV0730,1,0,72.446572,96.891504
IV0731,1,1,64.16697,101.501688
IV0732,0,0,49.714967,67.963504
IV0733,0,0,59.562061,75.762214
IV0734,1,0,74.52626,89.349583
IV0735,0,0,64.30273,72.613437
IV0736,0,0,57.248093,84.188928
IV0737,1,1,74.829658,95.76536
IV0738,1,0,81.885119,86.291816
IV0739,0,1,62.495662,82.110486
IV0740,1,0,61.766759,63.924957
IV0741,0,0,67.143785,82.929569
IV0742,0,0,71.55474,81.43829
IV0743,1,1,79.016053,90.708192
IV0744,1,1,66.39511,85.810344
IV0745,0,0,87.81223,93.296061
IV0746,0,0,61.342788,70.456604
IV0747,0,0,65.2081,72.829426
IV0748,0,0,52.136984,82.214963
IV0749,0,1,61.275656,85.35235
IV0750,1,1,70.016418,91.408516
IV0751,1,0,56.329053,79.901511
IV0752,0,0,61.763648,75.607564
IV0753,1,0,58.128973,78.410693
IV0754,1,1,56.181178,97.798399
IV0755,0,0,58.878347,74.001263
IV0756,1,1,55.957785,86.607348
IV0757,0,0,73.995056,87.154322
IV0758,1,0,52.785657,68.640518
IV0759,0,0,74.367348,81.782609
IV0760,1,1,68.459899,100.569633
IV0761,0,0,76.395578,93.449851
IV0762,0,0,54.652555,64.299457
IV0763,1,1,57.367346,83.818274
IV0764,0,0,53.807128,75.245557
IV0765,0,0,66.970302,90.895022
IV0766,0,0,56.032999,86.662319
IV0767,0,0,65.798875,75.054016
IV0768,0,0,78.549064,86.445687
IV0769,1,1,56.523539,86.390421
IV0770,0,0,59.542887,71.513425
IV0771,1,1,63.949524,86.242315
IV0772,1,1,61.118487,86.367047
IV0773,1,1,67.533436,81.196444
IV0774,1,1,51.267769,76.136589
IV0775,1,1,75.157281,83.831362
IV0776,0,1,59.79719,83.23488
IV0777,0,0,64.421402,76.857533
IV0778,0,0,65.907962,73.592815
IV0779,0,0,58.758632,82.558894
IV0780,1,1,82.176633,91.121726
IV0781,1,1,75.755979,92.532643
IV0782,1,1,70.612615,87.354148
IV0783,0,0,62.457911,86.926965
IV0784,0,1,51.541808,81.12159
IV0785,0,0,75.186234,92.37588
IV0786,0,0,72.186804,79.110802
IV0787,0,0,69.840588,69.845317
IV0788,0,0,69.278971,82.003812
IV0789,1,1,75.6882,99.886552
IV0790,0,1,77.583134,84.034839
IV0791,0,1,70.643176,80.800258
IV0792,0,0,53.778674,79.900524
IV0793,1,0,81.760223,99.227428
IV0794,0,0,61.49302,85.95878
IV0795,1,1,72.009878,98.319106
IV0796,1,1,65.245582,90.554043
IV0797,0,0,41.405059,71.347771
IV0798,1,1,56.854644,88.870092
IV0799,1,0,64.324397,81.814401
IV0800,0,0,58.232283,69.796908
IV0801,1,1,54.072178,75.658751
IV0802,0,0,50.143672,68.211435
IV0803,1,1,59.650596,76.121748
IV0804,1,1,49.939346,81.945705
IV0805,1,1,80.461904,92.659605
IV0806,1,0,66.200982,64.303909
IV0807,1,1,52.663149,65.215279
IV0808,1,1,73.955028,80.34564
IV0809,0,0,45.821392,75.610066
IV0810,0,0,57.348757,77.130815
IV0811,1,1,58.95633,79.909831
IV0812,0,0,57.981934,69.241426
IV0813,0,0,76.220034,96.423758
IV0814,0,0,75.254752,83.517981
IV0815,0,0,76.324488,95.035623
IV0816,0,0,58.104846,69.938555
IV0817,1,0,63.681307,89.025961
IV0818,1,1,69.473977,96.96128
IV0819,1,1,62.947443,92.839215
IV0820,0,0,49.733471,86.167192
IV0821,1,0,59.707774,61.149835
IV0822,1,0,74.350033,74.755626
IV0823,0,0,48.505216,76.555946
IV0824,0,0,58.354581,67.354197
IV0825,1,1,70.867166,93.436229
IV0826,0,0,79.78287,87.18969
IV0827,1,1,75.436204,94.781575
IV0828,1,1,51.819027,80.149767
IV0829,0,0,67.041332,91.318458
IV0830,1,1,67.190763,85.067259
IV0831,0,0,64.272719,76.709895
IV0832,1,1,57.401209,84.795632
IV0833,0,0,69.394118,74.992286
IV0834,0,0,76.165489,86.116418
IV0835,0,0,83.726951,89.754698
IV0836,0,0,61.353367,88.809941
IV0837,0,0,70.622859,84.703482
IV0838,0,0,54.042209,82.786498
IV0839,1,1,61.30219,91.462276
IV0840,1,0,68.879522,87.846511
IV0841,1,1,59.325843,73.48803
IV0842,0,0,71.232458,79.446697
IV0843,0,0,62.281219,77.249122
IV0844,1,1,71.867553,84.488364
IV0845,1,1,56.281708,94.775495
IV0846,1,1,58.645588,89.353891
IV0847,0,0,67.505983,71.016348
IV0848,1,0,65.715913,82.53199
IV0849,0,0,68.90252,86.667595
IV0850,0,0,70.353923,94.177638
IV0851,0,0,59.029364,88.549536
IV0852,1,1,78.473789,101.471207
IV0853,0,0,65.291783,76.371748
IV0854,1,0,56.218524,73.255619
IV0855,1,0,77.143126,81.167848
IV0856,0,0,64.236087,88.817478
IV0857,1,1,80.030895,105.759649
IV0858,1,0,67.665876,89.160576
IV0859,1,0,61.987288,74.772745
IV0860,0,0,88.121715,95.5294
IV0861,1,1,52.738221,83.468287
IV0862,1,1,63.079682,76.528501
IV0863,0,1,76.591346,91.19071
IV0864,1,1,66.090991,87.869161
IV0865,1,1,82.690968,99.857445
IV0866,1,1,49.52267,67.33357
IV0867,0,0,73.612877,90.04859
IV0868,0,0,71.992126,102.789541
IV0869,1,1,67.820762,91.623476
IV0870,0,0,61.548837,85.627838
IV0871,0,0,60.586366,83.116946
IV0872,1,1,73.837151,96.561081
IV0873,0,0,64.087779,79.605243
IV0874,0,0,48.961485,61.578234
IV0875,0,0,60.634107,84.876683
IV0876,0,0,62.257602,82.383286
IV0877,1,1,81.218709,95.512542
IV0878,1,1,69.342261,80.084064
IV0879,0,1,60.855118,92.534436
IV0880,1,0,57.493552,74.990091
IV0881,0,0,53.88072,84.283729
IV0882,0,0,66.992541,76.885906
IV0883,0,0,49.945448,77.715612
IV0884,1,1,45.90892,73.389728
IV0885,1,1,83.496977,93.146903
IV0886,1,1,70.437092,90.237182
IV0887,0,0,52.705416,74.940574
IV0888,1,1,74.614265,92.022505
IV0889,1,0,61.155154,70.915585
IV0890,0,0,53.121633,77.261936
IV0891,0,1,57.997659,89.783969
IV0892,1,1,77.470417,84.968441
IV0893,1,1,57.485991,77.901432
IV0894,0,0,81.524546,83.504271
IV0895,1,0,53.87388,74.204222
IV0896,0,0,53.445421,67.417475
IV0897,0,0,73.97306,85.610734
IV0898,0,0,74.2112,83.472593
IV0899,0,1,65.671258,90.541541
IV0900,0,1,60.135655,84.893504
IV0901,1,0,59.386244,77.19243
IV0902,0,0,56.292436,69.128672
IV0903,0,0,61.793985,84.868178
IV0904,0,0,56.23101,74.41873
IV0905,0,0,70.412072,83.107324
IV0906,0,1,72.535019,95.919604
IV0907,0,0,62.864582,78.81693
IV0908,1,1,66.069588,95.912039
IV0909,0,0,57.034478,78.113881
IV0910,0,0,74.597441,85.078875
IV0911,1,0,49.422437,77.507687
IV0912,1,1,77.114728,89.561448
IV0913,1,1,53.409007,86.689271
IV0914,0,0,58.611837,79.022935
IV0915,1,0,80.333067,85.466816
IV0916,0,0,59.608805,84.784791
IV0917,1,0,58.594767,68.294981
IV0918,0,0,61.215913,87.574142
IV0919,0,1,70.125847,93.592353
IV0920,0,1,77.594391,86.161983
IV0921,1,1,58.870358,77.781326
IV0922,0,1,53.859625,87.749012
IV0923,0,0,69.0693,59.715771
IV0924,1,0,61.82387,80.038696
IV0925,0,0,61.336167,79.208364
IV0926,1,0,53.572012,86.275221
IV0927,1,1,69.59432,83.499198
IV0928,1,1,50.371609,70.677593
IV0929,0,0,50.060745,67.57537
IV0930,1,1,67.867595,88.824608
IV0931,1,1,55.08217,88.999061
IV0932,0,0,55.641283,75.090268
IV0933,1,1,60.2195,93.075952
IV0934,1,1,60.346319,91.70828
IV0935,0,1,69.833676,85.353355
IV0936,0,0,70.735128,79.148601
IV0937,0,0,62.584243,75.134326
IV0938,0,0,56.828976,75.503056
IV0939,0,0,74.756806,87.412826
IV0940,1,1,69.46708,100.403512
IV0941,0,0,60.357629,79.037326
IV0942,1,1,60.029321,81.746424
IV0943,1,1,50.076785,80.885612
IV0944,1,1,63.753815,90.875466
IV0945,1,0,58.292124,75.58282
IV0946,0,0,60.143771,82.9599
IV0947,0,0,75.465159,78.957005
IV0948,0,0,57.46772,56.710175
IV0949,1,1,67.954982,87.696714
IV0950,1,1,73.628274,88.419712
IV0951,1,0,69.180237,87.033532
IV0952,1,1,64.436477,89.085154
IV0953,0,0,65.685664,86.899377
IV0954,1,1,66.133385,103.264016
IV0955,0,0,77.752777,85.005054
IV0956,1,1,46.407815,78.40099
IV0957,0,0,63.422952,77.261785
IV0958,0,0,81.69162,83.796152
IV0959,1,0,76.905141,91.634223
IV0960,0,1,74.178638,82.289963
IV0961,1,1,50.136541,73.407269
IV0962,0,0,67.549269,88.705926
IV0963,0,0,68.341211,82.507601
IV0964,0,0,76.020347,72.275634
IV0965,0,0,59.948404,86.447751
IV0966,1,1,88.206858,101.35877
IV0967,1,0,55.298781,78.703376
IV0968,1,1,55.716769,81.765624
IV0969,1,1,62.26182,81.43633
IV0970,0,0,54.176261,77.492048
IV0971,0,0,65.742139,82.526682
IV0972,0,0,53.698333,70.775852
IV0973,1,1,55.43299,98.239029
IV0974,1,1,73.804165,94.794174
IV0975,0,0,57.622152,75.660361
IV0976,1,1,54.968564,89.320373
IV0977,0,1,56.385141,87.083472
IV0978,1,1,70.222305,82.870563
IV0979,1,1,69.600115,95.896634
IV0980,0,1,58.877569,90.136185
IV0981,0,0,80.291532,97.523643
IV0982,1,1,48.664611,79.270391
IV0983,1,1,37.704644,83.802281
IV0984,0,0,70.979687,83.577967
IV0985,0,0,63.04069,74.300495
IV0986,1,0,59.501925,75.868434
IV0987,1,0,69.531405,78.500277
IV0988,1,0,78.610319,93.628455
IV0989,0,0,66.558627,78.884961
IV0990,1,0,74.30391,86.127188
IV0991,1,0,73.062997,83.599854
IV0992,0,0,71.547205,81.065339
IV0993,1,0,60.370516,86.62176
IV0994,0,0,73.993584,92.012168
IV0995,0,1,73.523285,102.866235
IV0996,0,0,65.625263,86.616241
IV0997,0,0,68.015026,94.017305
IV0998,1,0,74.225358,96.822721
IV0999,1,1,61.026417,94.337975
IV1000,1,1,64.653647,101.515595
IV1001,0,0,69.489912,81.352784
IV1002,0,0,69.74879,82.274928
IV1003,0,0,68.099798,80.931388
IV1004,0,0,66.270199,89.683252
IV1005,1,1,53.639621,95.970266
IV1006,1,1,62.559779,92.397038
IV1007,1,0,74.875613,80.024774
IV1008,1,1,80.411364,92.39148
IV1009,0,0,71.595373,83.475678
IV1010,1,1,55.762634,74.19452
IV1011,0,0,71.192787,88.449481
IV1012,0,1,60.130238,102.257593
IV1013,1,1,73.13465,92.09249
IV1014,1,1,71.806285,88.7669
IV1015,0,1,81.431412,92.727168
IV1016,1,1,58.156079,83.161994
IV1017,0,0,55.598947,86.214184
IV1018,0,0,69.333803,88.411243
IV1019,0,0,63.93095,91.206682
IV1020,0,0,66.835153,73.306613
IV1021,1,1,54.432883,67.55496
IV1022,1,0,67.711259,88.217414
IV1023,0,0,57.967826,76.780557
IV1024,1,0,60.709155,76.286528
IV1025,0,1,73.380749,85.184699
IV1026,1,1,65.048966,97.3175
IV1027,0,0,66.903642,81.056584
IV1028,0,0,57.808036,84.840893
IV1029,1,0,69.847713,84.000373
IV1030,1,1,67.461047,86.876353
IV1031,0,0,70.878142,80.253732
IV1032,0,0,64.601636,91.02651
IV1033,1,1,55.194134,84.346232
IV1034,0,0,73.315236,90.80355
IV1035,0,1,45.11329,92.228299
IV1036,0,0,57.528593,73.795612
IV1037,1,1,74.141283,92.172378
IV1038,1,1,62.674367,91.589924
IV1039,0,0,66.713936,80.809691
IV1040,0,0,63.052255,78.647267
IV1041,0,0,73.350789,81.274192
IV1042,0,0,77.385646,98.115853
IV1043,0,0,71.294404,85.481496
IV1044,1,1,75.672682,97.723451
IV1045,0,0,67.305428,81.327656
IV1046,1,1,68.673257,77.496947
IV1047,1,1,61.227258,90.860687
IV1048,1,0,52.171275,78.483361
IV1049,0,1,57.721951,79.266827
IV1050,1,0,64.769387,77.735518
IV1051,1,1,57.579408,94.547772
IV1052,1,1,79.296699,99.475359
IV1053,0,0,50.890156,72.20069
IV1054,0,1,76.13016,83.076796
IV1055,1,1,72.424801,84.096959
IV1056,1,0,69.25943,97.308927
IV1057,1,1,49.386941,81.625945
IV1058,1,1,59.697707,85.193512
IV1059,1,1,69.731488,91.861939
IV1060,0,0,71.920342,86.011768
IV1061,1,1,59.673852,91.028548
IV1062,1,0,66.128673,73.332923
IV1063,0,0,45.186107,68.901265
IV1064,0,0,60.112465,76.229276
IV1065,0,0,79.360781,93.930189
IV1066,0,0,73.225621,85.327068
IV1067,0,0,64.574425,83.5841
IV1068,0,0,57.407835,70.464335
IV1069,1,1,56.851119,85.599526
IV1070,0,0,63.252238,86.131326
IV1071,1,1,60.144212,94.414855
IV1072,1,0,50.698506,74.159091
IV1073,1,0,63.587466,86.913086
IV1074,1,0,79.149471,95.637631
IV1075,1,1,63.79288,86.657547
IV1076,0,0,72.192864,88.996084
IV1077,0,0,83.494149,93.9995
IV1078,1,1,66.595512,90.939237
IV1079,1,0,51.541735,71.661619
IV1080,0,0,50.58211,64.24749
IV1081,0,0,56.448099,79.369271
IV1082,0,0,69.355508,88.264665
IV1083,0,0,47.694094,78.831378
IV1084,1,1,71.217072,99.028658
IV1085,0,0,59.522454,81.908582
IV1086,0,0,70.725454,90.713273
IV1087,1,1,50.481744,81.828317
IV1088,0,1,57.816916,83.363465
IV1089,1,1,67.789476,86.041762
IV1090,0,0,59.900814,81.718354
IV1091,1,1,57.037509,83.735291
IV1092,0,0,76.280096,81.29044
IV1093,0,0,61.188385,83.475899
IV1094,0,0,53.809646,73.229745
IV1095,1,1,76.487901,102.178998
IV1096,1,0,55.441763,70.66453
IV1097,0,0,58.621342,69.056098
IV1098,1,1,64.701612,74.722805
IV1099,0,0,61.941515,88.82732
IV1100,0,0,52.705799,76.820068
IV1101,0,0,64.149783,79.530952
IV1102,1,0,65.840197,79.643996
IV1103,0,0,79.934882,93.325648
IV1104,1,0,66.227992,85.677869
IV1105,0,0,67.830062,77.579228
IV1106,1,0,65.719981,78.082471
IV1107,0,0,66.06695,74.682042
IV1108,1,1,63.691082,97.181232
IV1109,0,0,47.67083,76.73518
IV1110,1,1,75.232827,92.210406
IV1111,0,0,62.46245,78.690724
IV1112,0,0,55.395269,69.820933
IV1113,0,0,66.04596,89.375108
IV1114,1,1,58.29154,74.349748
IV1115,1,1,85.874923,87.930412
IV1116,1,1,71.792088,95.296126
IV1117,0,0,69.043037,76.245913
IV1118,1,1,60.118369,85.713906
IV1119,0,0,62.469005,91.377536
IV1120,0,0,64.837161,84.024961
IV1121,0,0,71.146561,81.552841
IV1122,0,0,83.214233,90.630211
IV1123,1,0,59.655744,90.915914
IV1124,1,0,66.808428,86.944386
IV1125,0,1,61.953082,86.951179
IV1126,1,0,65.787205,78.640551
IV1127,0,0,80.666092,85.378607
IV1128,0,0,54.801228,81.802086
IV1129,0,0,66.004863,85.153019
IV1130,0,0,70.040682,80.486037
IV1131,0,0,73.571839,80.632429
IV1132,0,0,70.637325,84.100577
IV1133,0,0,49.91218,77.740579
IV1134,1,0,61.121302,71.456775
IV1135,0,0,76.950411,82.596819
IV1136,1,0,78.656548,92.139952
IV1137,0,0,64.865183,95.801171
IV1138,1,1,67.267926,91.554834
IV1139,0,1,62.723483,93.533036
IV1140,0,1,48.360152,74.352064
IV1141,1,1,56.363718,76.881952
IV1142,0,0,54.687073,76.00595
IV1143,0,0,81.086981,95.658684
IV1144,0,0,64.710955,77.814518
IV1145,1,1,58.962362,80.533416
IV1146,0,0,62.44771,77.885127
IV1147,0,0,54.592506,70.950429
IV1148,1,1,57.356876,79.829752
IV1149,1,1,68.179495,92.316686
IV1150,1,1,71.999196,99.132975
IV1151,1,0,82.745561,88.981899
IV1152,0,0,63.218662,89.879797
IV1153,0,0,72.032969,81.973889
IV1154,1,1,56.589202,87.782531
IV1155,0,0,65.531259,85.218556
IV1156,0,0,76.962857,96.604788
IV1157,1,0,53.626848,76.566552
IV1158,0,0,66.286224,73.829436
IV1159,0,0,75.21487,87.819174
IV1160,0,0,62.605994,93.3182
IV1161,1,0,70.810051,89.699231
IV1162,0,1,68.870041,89.53941
IV1163,1,1,72.019011,86.085599
IV1164,0,0,84.853041,89.050791
IV1165,0,0,77.231674,95.779788
IV1166,1,1,69.87265,86.986201
IV1167,1,1,59.644864,80.202703
IV1168,0,0,55.967125,84.096652
IV1169,0,0,61.078549,70.442048
IV1170,1,1,56.679654,78.548906
IV1171,1,1,59.19791,88.31667
IV1172,0,0,48.872269,90.569841
IV1173,1,1,68.879648,78.114682
IV1174,0,0,62.195066,95.830535
IV1175,0,0,63.776388,83.483757
IV1176,0,0,67.792956,89.593926
IV1177,1,0,70.118277,76.450921
IV1178,0,0,70.936269,83.928315
IV1179,0,0,70.433536,78.423966
IV1180,1,0,56.257952,78.434687
IV1181,1,1,63.872422,77.531248
IV1182,1,0,74.932456,90.021059
IV1183,1,0,72.264094,73.383599
IV1184,0,0,69.255353,83.578489
IV1185,1,0,74.541354,86.788061
IV1186,0,0,59.546595,86.283767
IV1187,0,0,74.652326,79.994617
IV1188,1,0,68.721971,83.03484
IV1189,0,1,64.096074,78.500548
IV1190,1,1,79.15063,101.934433
IV1191,1,1,45.183312,64.894953
IV1192,0,0,58.407739,87.699175
IV1193,1,1,75.808222,89.242214
IV1194,0,0,68.156977,80.538649
IV1195,0,0,72.54806,84.309554
IV1196,1,1,62.530686,85.920494
IV1197,0,1,68.593874,87.722588
IV1198,1,1,46.800121,91.627262
IV1199,0,0,78.875831,87.501804
IV1200,1,0,69.588638,78.705084
IV1201,0,0,54.128033,87.734541
IV1202,0,1,53.896626,97.997871
IV1203,1,1,52.059279,92.026952
IV1204,1,1,57.370595,78.487753
IV1205,0,0,62.042748,90.75105
IV1206,0,0,57.871787,77.658798
IV1207,0,0,63.697019,72.853361
IV1208,1,1,65.948139,96.589652
IV1209,0,0,68.448215,90.464777
IV1210,1,1,51.682517,81.495342
IV1211,0,0,68.410656,85.826008
IV1212,0,0,63.02164,73.025643
IV1213,1,0,69.394903,64.899017
IV1214,1,0,63.555227,66.620982
IV1215,0,0,70.280492,73.615676
IV1216,1,0,62.16929,63.289662
IV1217,1,1,52.677371,86.128729
IV1218,1,1,60.750719,93.105445
IV1219,0,0,55.863459,79.56164
IV1220,0,0,69.339985,79.619502
IV1221,1,1,73.454066,97.282266
IV1222,0,0,71.177045,82.835672
IV1223,0,0,63.094321,77.720871
IV1224,1,1,60.656473,78.923112
IV1225,0,0,51.564753,69.061937
IV1226,1,1,76.500454,100.057307
IV1227,1,1,60.5399,80.624514
IV1228,0,0,67.745378,92.048533
IV1229,1,0,68.742428,61.523653
IV1230,0,0,48.681816,80.410811
IV1231,1,1,55.906816,71.332578
IV1232,1,1,54.564472,75.710104
IV1233,1,1,63.41844,81.478189
IV1234,0,0,55.280744,82.995174
IV1235,1,1,70.567174,91.765339
IV1236,0,0,66.000624,77.966283
IV1237,1,0,64.084196,78.484478
IV1238,0,0,68.952929,86.657352
IV1239,0,0,60.726757,87.774287
IV1240,1,1,61.902071,84.574814
IV1241,1,1,69.705474,83.532452
IV1242,1,1,77.471143,94.458129
IV1243,0,0,60.051641,78.907713
IV1244,0,0,72.589635,71.880644
IV1245,1,1,64.73134,83.394669
IV1246,0,0,47.000287,81.15605
IV1247,1,0,67.577663,64.610268
IV1248,0,0,48.99572,80.92116
IV1249,1,1,59.322483,81.123635
IV1250,1,1,64.911975,84.838102
IV1251,0,0,60.545935,73.14267
IV1252,1,1,65.135285,105.26302
IV1253,1,1,61.614468,92.680683
IV1254,1,0,58.679019,66.327425
IV1255,1,0,69.291275,85.057108
IV1256,1,1,81.544008,83.718065
IV1257,0,0,58.894162,87.490967
IV1258,0,0,77.055271,94.992185
IV1259,1,1,61.510894,86.096858
IV1260,1,0,65.39296,82.63745
IV1261,0,0,75.348035,80.271723
IV1262,1,0,50.580885,69.794842
IV1263,1,1,65.437575,82.173737
IV1264,0,0,59.696977,79.329706
IV1265,1,1,81.539345,98.370525
IV1266,1,0,66.382723,92.333883
IV1267,1,1,61.123878,97.270875
IV1268,0,0,65.906969,87.619571
IV1269,1,1,66.767425,87.904267
IV1270,0,0,65.581683,76.168094
IV1271,1,0,75.846259,86.558505
IV1272,0,0,62.477358,75.475293
IV1273,1,1,42.571604,65.92364
IV1274,0,0,47.719797,78.122301
IV1275,1,0,59.472345,95.996741
IV1276,1,1,65.075035,90.738301
IV1277,0,0,78.412459,96.062164
IV1278,1,0,66.992776,87.614091
IV1279,0,0,60.365867,77.306846
IV1280,0,0,58.679345,78.592621
IV1281,0,0,71.067303,89.246132
IV1282,1,0,65.612126,78.711292
IV1283,0,0,54.559041,78.505619
IV1284,0,1,55.340476,84.968774
IV1285,0,0,66.399915,81.310079
IV1286,1,0,63.727935,71.661516
IV1287,0,0,77.967505,81.877046
IV1288,0,0,72.555422,87.717197
IV1289,0,0,63.895832,97.912806
IV1290,1,0,64.386328,81.479897
IV1291,1,1,65.489308,97.152877
IV1292,0,1,68.34038,85.295746
IV1293,0,0,62.825271,67.720428
IV1294,0,0,53.388968,84.581145
IV1295,0,0,68.424469,87.594827
IV1296,0,0,63.824305,71.886684
IV1297,0,0,68.819722,87.785487
IV1298,0,0,61.099115,90.329547
IV1299,0,0,52.071981,77.704123
IV1300,1,0,68.68289,93.134426
IV1301,0,0,52.946531,75.220906
IV1302,0,0,70.502431,88.356176
IV1303,0,0,71.847425,86.529083
IV1304,1,0,57.890055,83.607056
IV1305,0,0,61.357482,77.918119
IV1306,0,1,63.531916,75.120878
IV1307,0,0,63.943857,72.680054
IV1308,1,1,70.629757,87.019346
IV1309,1,1,73.977481,87.701873
IV1310,1,1,74.499871,100.03327
IV1311,1,0,52.27228,69.299839
IV1312,1,1,69.730957,96.733717
IV1313,0,0,60.115585,82.814169
IV1314,0,0,53.999622,89.33676
IV1315,0,1,57.721065,76.046932
IV1316,0,0,71.605477,90.704072
IV1317,0,0,70.007593,78.626524
IV1318,0,0,72.212336,85.287818
IV1319,0,0,70.898003,79.25717
IV1320,1,0,60.040859,78.851406
IV1321,1,1,57.222252,84.2511
IV1322,0,0,76.112026,95.314054
IV1323,0,0,57.912646,78.49244
IV1324,0,0,71.344921,77.127256
IV1325,0,0,49.43742,84.913322
IV1326,1,1,64.678553,97.181761
IV1327,0,0,58.016923,79.136156
IV1328,1,1,53.036449,67.257838
IV1329,0,0,61.463989,82.131041
IV1330,0,0,78.067975,90.512303
IV1331,0,0,66.147302,82.530509
IV1332,0,0,69.257423,80.538229
IV1333,1,1,62.210414,88.234105
IV1334,0,0,73.286904,85.15505
IV1335,0,0,54.121241,79.690686
IV1336,1,0,73.093867,92.037042
IV1337,0,0,73.392814,77.80204
IV1338,1,0,55.921456,87.576908
IV1339,0,0,48.206214,80.700656
IV1340,0,1,63.631682,88.522261
IV1341,0,0,68.902113,76.173574
IV1342,1,1,77.766008,92.328906
IV1343,1,0,63.546664,85.259355
IV1344,0,0,61.879011,76.691611
IV1345,0,0,53.988465,78.139609
IV1346,0,0,62.796293,89.140861
IV1347,1,0,72.382112,79.049712
IV1348,1,1,48.34171,75.057929
IV1349,1,1,74.931978,78.190513
IV1350,1,1,42.9868,74.871637
IV1351,1,1,64.540684,77.405761
IV1352,1,0,69.918748,84.769562
IV1353,1,0,54.173747,83.81489
IV1354,0,0,67.907462,74.934256
IV1355,1,1,72.728052,85.739539
IV1356,0,0,59.792577,80.838113
IV1357,0,0,75.788192,85.029466
IV1358,1,1,61.433721,84.628324
IV1359,0,0,91.144843,95.195551
IV1360,1,0,73.109834,93.804261
IV1361,1,1,46.912915,82.309185
IV1362,0,1,74.890431,89.595832
IV1363,0,0,65.402729,84.15884
IV1364,1,1,72.72424,91.165567
IV1365,0,0,60.387592,74.986703
IV1366,1,1,72.658152,98.172326
IV1367,1,1,74.991196,85.400909
IV1368,0,0,67.913136,85.350709
IV1369,1,0,68.051303,87.54359
IV1370,1,1,68.535431,90.863717
IV1371,0,0,55.604421,74.255454
IV1372,0,0,71.274986,86.378277
IV1373,1,0,68.615113,80.916861
IV1374,0,0,69.371815,75.996287
IV1375,1,1,76.045708,93.713567
IV1376,1,1,51.920262,70.272458
IV1377,1,0,57.687491,76.057086
IV1378,0,0,62.145899,70.918912
IV1379,1,1,67.972886,80.523448
IV1380,0,0,50.356214,72.95007
IV1381,1,0,59.927447,79.028235
IV1382,1,1,62.532979,88.250197
IV1383,1,1,60.502077,79.605779
IV1384,1,1,71.441434,96.151394
IV1385,0,0,56.930859,81.597524
IV1386,1,0,59.526864,56.445202
IV1387,0,0,54.215645,91.869694
IV1388,0,0,68.599133,70.705323
IV1389,0,0,56.910063,87.432137
IV1390,0,0,59.871721,77.703482
IV1391,1,0,68.185395,80.970267
IV1392,0,0,63.44167,83.277817
IV1393,0,0,66.974905,74.626642
IV1394,0,0,56.045828,71.782014
IV1395,0,0,58.842137,73.860438
IV1396,1,0,65.085201,89.149062
IV1397,1,1,63.798246,90.721606
IV1398,1,1,48.779123,67.701858
IV1399,0,0,64.902041,80.444651
IV1400,0,0,68.070377,81.947939
IV1401,1,1,61.611378,97.089334
IV1402,0,1,68.505133,90.397771
IV1403,1,1,54.658458,96.908019
IV1404,1,1,61.507015,85.870927
IV1405,1,1,67.06348,94.32836
IV1406,1,0,45.802967,69.553541
IV1407,0,0,54.771523,84.087718
IV1408,1,1,43.258296,66.708942
IV1409,1,1,54.069931,90.528884
IV1410,1,1,61.919726,72.976751
IV1411,1,0,61.422978,71.878912
IV1412,1,1,72.680551,89.174462
IV1413,0,0,62.138501,95.85399
IV1414,1,0,50.060616,60.698078
IV1415,1,0,85.342613,94.592602
IV1416,1,1,67.818123,78.870431
IV1417,0,1,66.240295,92.379969
IV1418,1,0,84.856028,82.350342
IV1419,0,0,57.684864,79.295377
IV1420,0,0,75.059874,95.777983
IV1421,1,0,62.521163,87.531245
IV1422,0,0,67.127306,87.237973
IV1423,1,1,62.066904,97.840944
IV1424,0,0,64.424913,97.72299
IV1425,0,0,63.16755,78.946585
IV1426,1,0,57.276459,84.731421
IV1427,0,0,83.918322,77.228912
IV1428,1,0,79.055576,87.439449
IV1429,1,0,64.309859,84.118109
IV1430,1,1,47.596794,85.48022
IV1431,1,1,66.134768,87.998668
IV1432,1,1,48.840653,75.385028
IV1433,0,0,80.292451,77.279156
IV1434,1,0,60.973862,70.710594
IV1435,0,0,68.704614,91.81383
IV1436,1,1,63.413289,85.848482
IV1437,1,1,75.618266,96.030471
IV1438,1,0,66.159898,93.556533
IV1439,0,0,72.244036,86.178618
IV1440,0,0,72.420365,103.882449
IV1441,1,1,73.793473,97.334053
IV1442,1,1,54.57688,84.388815
IV1443,1,1,63.076895,93.078622
IV1444,0,0,63.43461,89.181993
IV1445,0,0,64.575635,88.692864
IV1446,1,1,80.921484,91.817113
IV1447,0,0,60.961546,85.201429
IV1448,1,1,75.417972,91.344229
IV1449,1,1,43.932071,82.506858
IV1450,0,0,62.567318,73.829399
IV1451,0,0,67.789068,93.507179
IV1452,0,0,61.402224,82.940526
IV1453,1,1,57.360833,95.206306
IV1454,0,0,58.992108,78.457374
IV1455,0,1,73.393995,72.895275
IV1456,0,0,68.304172,82.583873
IV1457,1,1,64.964206,75.878157
IV1458,1,1,67.503892,81.853494
IV1459,0,0,65.81311,83.806449
IV1460,1,1,62.751855,82.090749
IV1461,1,0,59.639244,78.453343
IV1462,1,1,62.399161,73.769937
IV1463,0,0,70.717965,91.029197
IV1464,0,0,70.323184,83.830045
IV1465,0,0,42.537447,71.823008
IV1466,1,1,56.283743,72.988508
IV1467,1,1,64.803248,75.52038
IV1468,1,1,79.415631,87.731891
IV1469,1,0,65.637261,93.082805
IV1470,1,1,72.497342,88.529377
IV1471,1,1,68.007212,96.16827
IV1472,0,0,58.691268,79.348046
IV1473,1,0,68.429702,82.026133
IV1474,0,0,50.86426,73.337327
IV1475,1,1,64.842411,84.81474
IV1476,1,0,67.54267,72.879139
IV1477,1,1,75.180343,96.318843
IV1478,1,1,72.801338,80.911364
IV1479,1,1,78.622813,91.498572
IV1480,1,0,60.528512,83.132425
IV1481,0,0,68.232997,76.24297
IV1482,0,0,58.154183,70.842625
IV1483,0,0,58.012713,72.350849
IV1484,0,0,74.080014,91.567526
IV1485,0,0,58.323121,68.785176
IV1486,1,0,57.365013,80.070571
IV1487,0,1,71.719403,92.940384
IV1488,1,0,62.906931,85.985825
IV1489,1,0,69.398353,87.498033
IV1490,1,1,76.911591,89.06716
IV1491,1,1,60.331036,87.742177
IV1492,1,0,65.856477,92.595614
IV1493,0,0,70.085723,86.361219
IV1494,1,0,61.3525,75.905702
IV1495,1,0,56.861789,82.632803
IV1496,1,1,71.997165,94.097642
IV1497,0,0,73.005168,100.844383
IV1498,1,0,59.48113,69.84971
IV1499,1,1,69.876539,90.494546
IV1500,1,0,67.792071,87.86854
IV1501,1,1,44.543158,81.816084
IV1502,1,1,51.396835,85.914741
IV1503,0,0,75.847949,86.147057
IV1504,0,0,70.285259,88.046708
IV1505,0,0,72.115766,95.885706
IV1506,1,1,79.972875,100.776315
IV1507,1,1,61.135034,87.031147
IV1508,1,1,59.223019,80.055846
IV1509,1,0,54.248395,69.5235
IV1510,1,0,73.96921,82.327832
IV1511,0,0,50.718417,65.786912
IV1512,1,0,52.840938,84.217864
IV1513,0,0,74.227341,78.916566
IV1514,0,0,51.068698,64.742919
IV1515,1,1,61.394941,93.988471
IV1516,1,0,50.125651,88.357585
IV1517,1,0,77.889013,87.87513
IV1518,0,0,59.536216,80.44112
IV1519,1,0,64.750067,90.695916
IV1520,0,0,73.407885,85.945502
IV1521,0,0,64.818242,77.454481
IV1522,1,0,67.43543,78.887565
IV1523,1,0,57.748203,66.289041
IV1524,1,1,46.742921,70.975004
IV1525,0,0,68.94238,88.444878
IV1526,0,0,78.375742,86.813791
IV1527,0,0,76.79223,76.737675
IV1528,0,0,74.872226,89.944497
IV1529,1,1,69.401578,80.107167
IV1530,0,1,59.359347,88.322858
IV1531,0,0,78.726221,106.888156
IV1532,0,1,67.183801,96.263606
IV1533,0,0,52.70588,78.65873
IV1534,0,0,72.823556,88.651409
IV1535,0,0,61.769784,68.403092
IV1536,1,1,53.603608,94.082932
IV1537,0,0,57.587997,64.185273
IV1538,0,0,59.767232,79.192742
IV1539,1,1,49.425101,78.411784
IV1540,1,0,73.070695,87.448896
IV1541,0,0,64.864547,84.08192
IV1542,1,1,66.004357,93.075252
IV1543,0,0,58.030011,86.514015
IV1544,1,1,88.652344,94.947996
IV1545,1,1,66.272039,97.306689
IV1546,0,0,61.629278,77.707465
IV1547,0,0,70.105685,93.906751
IV1548,1,1,57.366651,85.155949
IV1549,0,0,88.887066,90.35097
IV1550,0,0,65.997131,79.558086
IV1551,0,1,50.388259,83.737978
IV1552,0,0,56.862236,74.124516
IV1553,0,0,62.232051,84.29161
IV1554,0,0,64.101912,85.433711
IV1555,1,1,67.656224,94.788495
IV1556,0,0,64.023622,77.591953
IV1557,1,1,53.577948,81.664026
IV1558,0,0,73.210792,87.177899
IV1559,1,1,70.001652,79.902514
IV1560,1,1,71.671009,89.17228
IV1561,0,0,70.722381,89.102596
IV1562,0,0,62.265076,60.621616
IV1563,0,0,70.966342,75.3611
IV1564,0,0,51.925292,66.206707
IV1565,1,0,73.409688,94.8405
IV1566,0,0,75.369461,96.479159
IV1567,1,0,77.445645,77.735327
IV1568,1,1,64.523863,100.468862
IV1569,0,0,83.556129,92.526936
IV1570,1,1,57.16235,99.919232
IV1571,1,0,67.560033,79.927418
IV1572,1,1,70.804243,92.210499
IV1573,1,1,73.452889,86.032485
IV1574,1,1,48.477141,77.249796
IV1575,0,0,76.240968,92.418892
IV1576,1,1,66.792087,87.712271
IV1577,0,0,60.439039,67.450792
IV1578,0,0,61.338701,72.157464
IV1579,1,1,72.921348,93.236579
IV1580,0,0,69.918042,91.909661
IV1581,1,1,59.012125,72.804804
IV1582,1,0,73.04676,86.162573
IV1583,0,0,67.933376,83.459069
IV1584,0,0,74.410838,96.463536
IV1585,0,0,70.765366,87.975236
IV1586,1,1,48.749904,91.017383
IV1587,0,0,76.782051,89.338884
IV1588,0,0,80.620719,79.887193
IV1589,0,0,67.536473,71.31467
IV1590,0,0,71.01281,82.427623
IV1591,1,0,68.594412,88.984813
IV1592,0,0,60.264561,81.015297
IV1593,1,1,69.093119,82.956517
IV1594,1,1,75.467342,83.325631
IV1595,0,0,79.202512,88.368766
IV1596,1,1,47.5205,79.358074
IV1597,0,0,79.239555,92.65332
IV1598,0,0,65.184397,75.293055
IV1599,1,1,70.633425,91.000852
IV1600,0,0,68.510009,71.295842
IV1601,1,1,55.635402,88.996175
IV1602,0,0,66.448371,79.247859
IV1603,0,1,66.529055,92.686672
IV1604,1,1,68.531932,103.928633
IV1605,0,0,60.952843,81.862577
IV1606,1,1,71.273429,96.515695
IV1607,1,1,69.409306,97.496383
IV1608,0,0,55.024388,61.532072
IV1609,1,1,48.43978,85.811062
IV1610,1,1,59.589948,68.901939
IV1611,0,0,79.225507,88.797355
IV1612,1,1,72.612335,93.425099
IV1613,0,0,63.464804,88.964743
IV1614,1,1,50.047328,80.415144
IV1615,1,1,48.0413,92.530111
IV1616,1,1,63.042295,88.720092
IV1617,1,1,65.419385,88.881836
IV1618,1,1,55.273233,85.825594
IV1619,0,0,65.321995,87.282721
IV1620,0,0,81.267352,108.256897
IV1621,0,0,71.181338,91.950694
IV1622,1,0,72.215203,97.656376
IV1623,1,0,73.184165,96.834785
IV1624,0,0,59.273588,84.795951
IV1625,0,0,63.872723,78.381037
IV1626,0,0,65.906753,87.287131
IV1627,0,0,62.73658,85.065475
IV1628,1,1,58.511223,79.158485
IV1629,1,0,68.80902,82.446029
IV1630,0,0,72.154002,87.104719
IV1631,0,0,55.916055,86.731302
IV1632,1,0,67.449376,92.595644
IV1633,0,0,75.32979,77.99297
IV1634,0,0,61.566084,86.044038
IV1635,1,1,59.171933,76.866296
IV1636,0,0,67.416182,80.34658
IV1637,1,0,62.596512,79.840388
IV1638,0,0,67.099601,86.513189
IV1639,1,1,65.76599,80.57349
IV1640,0,0,69.740659,79.87704
IV1641,0,0,71.025963,87.08156
IV1642,0,0,79.38369,89.06054
IV1643,1,1,66.640832,92.831767
IV1644,1,1,68.397563,87.039125
IV1645,1,1,65.537752,93.171197
IV1646,1,1,59.719076,89.260447
IV1647,0,1,75.904906,78.982489
IV1648,1,1,61.245556,90.211224
IV1649,0,0,77.955777,94.641615
IV1650,0,1,74.170629,86.298141
IV1651,0,0,68.269269,85.656634
IV1652,0,0,69.109118,94.204233
IV1653,1,1,52.625213,66.894796
IV1654,0,0,65.36735,86.673896
IV1655,1,1,55.694558,78.694464
IV1656,0,0,65.491648,83.320414
IV1657,0,0,75.441427,85.67514
IV1658,0,0,63.954433,75.786544
IV1659,1,1,73.061391,89.112497
IV1660,0,1,68.570812,98.977978
IV1661,0,0,75.67228,87.088379
IV1662,1,1,66.413376,88.41784
IV1663,1,1,68.690855,95.350691
IV1664,1,1,71.295542,90.339393
IV1665,1,1,63.768447,97.772104
IV1666,1,1,56.015766,81.756733
IV1667,0,0,76.97973,77.936201
IV1668,0,0,66.304419,76.201474
IV1669,1,1,62.758834,76.657753
IV1670,1,0,86.872915,100.409019
IV1671,0,0,75.646968,82.957859
IV1672,0,0,46.895784,90.496285
IV1673,1,1,70.819549,95.591003
IV1674,0,0,66.279441,80.396465
IV1675,1,0,63.479326,86.335445
IV1676,0,0,75.439247,82.20192
IV1677,1,0,63.768766,81.787765
IV1678,0,0,42.288455,82.830772
IV1679,0,0,45.291225,81.231582
IV1680,1,0,86.789027,98.106472
IV1681,1,1,62.437315,90.35945
IV1682,1,1,71.71093,85.696832
IV1683,1,0,62.714744,81.703977
IV1684,0,0,64.470135,70.767309
IV1685,0,0,78.073434,87.11665
IV1686,0,0,65.109684,88.796514
IV1687,0,0,64.706801,83.217064
IV1688,1,0,59.859184,87.440529
IV1689,1,1,82.548534,92.186057
IV1690,0,0,62.254167,85.014177
IV1691,0,0,54.356548,85.178727
IV1692,0,1,76.632917,88.296803
IV1693,1,1,65.767861,99.094587
IV1694,0,0,73.014976,86.744978
IV1695,0,1,58.39429,88.325378
IV1696,0,0,66.064086,79.308378
IV1697,0,0,73.875559,78.374372
IV1698,0,0,70.019589,85.867695
IV1699,1,0,67.195578,79.276485
IV1700,0,0,74.541511,87.394259
IV1701,1,1,79.415736,89.997802
IV1702,0,0,61.174088,94.478905
IV1703,0,0,74.341832,88.892889
IV1704,0,0,69.149235,85.407945
IV1705,0,1,68.343158,80.568096
IV1706,0,0,53.273387,81.85853
IV1707,0,0,66.022688,82.470989
IV1708,1,1,74.002051,104.165932
IV1709,1,0,67.216092,77.88705
IV1710,1,1,69.914946,81.459701
IV1711,1,1,80.942191,88.356501
IV1712,0,0,60.456075,87.207148
IV1713,1,1,72.562698,93.096501
IV1714,0,0,69.300045,83.69727
IV1715,1,0,64.822201,81.377957
IV1716,1,0,51.317089,75.373809
IV1717,1,0,68.035442,94.814804
IV1718,1,1,66.050954,102.683975
IV1719,0,1,72.003275,91.312001
IV1720,0,0,77.366537,100.029954
IV1721,0,0,73.521829,73.468082
IV1722,0,0,56.618727,78.202454
IV1723,1,1,58.119173,86.805158
IV1724,1,0,62.967473,78.491048
IV1725,0,0,59.563145,74.976994
IV1726,1,1,76.394338,88.220589
IV1727,0,0,48.700611,82.819765
IV1728,0,0,64.878928,80.229531
IV1729,1,1,62.713021,91.819292
IV1730,1,0,70.240709,73.311289
IV1731,1,1,54.935615,87.500896
IV1732,1,1,50.147415,91.257613
IV1733,1,1,74.439315,97.442877
IV1734,0,0,60.632894,80.987389
IV1735,1,1,75.467301,85.397425
IV1736,1,1,55.579683,75.308069
IV1737,0,0,70.841122,85.951345
IV1738,0,0,68.908686,88.938314
IV1739,0,0,58.917731,82.675238
IV1740,0,0,95.19745,99.222741
IV1741,1,0,65.535731,87.839105
IV1742,1,1,73.869836,91.743413
IV1743,1,1,66.206361,98.843959
IV1744,1,1,80.66273,91.487301
IV1745,1,1,68.03208,86.353392
IV1746,1,1,57.377458,75.647195
IV1747,1,1,70.43501,96.023539
IV1748,0,0,60.930126,71.902918
IV1749,0,0,67.457413,85.757749
IV1750,0,1,74.180035,93.705992
IV1751,0,0,81.059883,85.648443
IV1752,1,0,73.602911,87.905969
IV1753,0,0,61.266597,82.74286
IV1754,0,0,72.936706,91.715363
IV1755,0,0,56.37952,78.426203
IV1756,1,1,71.990543,93.120282
IV1757,1,0,61.164436,92.689299
IV1758,0,0,59.574075,70.371271
IV1759,1,1,56.89871,76.913012
IV1760,1,0,78.603009,73.712796
IV1761,1,0,74.204458,95.490184
IV1762,0,1,63.652903,74.816185
IV1763,1,1,83.835142,83.853074
IV1764,1,1,62.794483,85.907229
IV1765,0,0,66.37036,98.086296
IV1766,1,0,68.949019,90.506711
IV1767,0,0,58.222057,73.024648
IV1768,1,0,67.752357,87.630418
IV1769,0,1,63.682389,85.907337
IV1770,1,0,66.39612,79.261842
IV1771,0,0,63.510252,74.305979
IV1772,0,0,82.336089,90.476321
IV1773,0,0,53.551047,83.069365
IV1774,1,1,50.608892,83.275488
IV1775,1,1,60.123887,86.415755
IV1776,0,0,58.711591,80.521472
IV1777,1,0,72.576661,90.375728
IV1778,0,0,51.931785,70.591295
IV1779,1,0,57.79682,78.856278
IV1780,0,0,70.173799,74.640612
IV1781,1,0,75.727175,82.636388
IV1782,1,1,43.846543,85.615385
IV1783,1,1,58.947569,97.087283
IV1784,0,0,60.593381,69.378009
IV1785,1,1,66.033263,98.080667
IV1786,1,1,58.198211,88.906203
IV1787,0,0,55.475094,75.361574
IV1788,0,0,66.594497,68.23199
IV1789,0,0,65.404129,84.060657
IV1790,0,0,65.248106,87.674607
IV1791,0,0,64.747169,89.334853
IV1792,1,0,65.904887,81.059965
IV1793,0,0,68.128978,66.582568
IV1794,1,0,66.501129,75.313633
IV1795,0,0,77.914017,76.937044
IV1796,1,1,66.453805,99.006151
IV1797,0,0,65.135212,84.92902
IV1798,1,1,63.544676,89.845384
IV1799,1,0,80.438182,92.754699
IV1800,0,0,66.788953,80.933197
IV1801,0,1,75.0442,87.831804
IV1802,1,1,72.211213,98.066849
IV1803,0,0,72.583753,95.750186
IV1804,1,1,63.482985,71.404225
IV1805,1,1,59.015002,78.078567
IV1806,0,0,61.199691,77.831169
IV1807,1,0,55.725919,73.263872
IV1808,1,0,75.412959,83.46328
IV1809,1,1,51.06981,84.710084
IV1810,1,1,67.49345,97.334266
IV1811,1,1,71.702838,92.277154
IV1812,0,0,68.403451,68.684467
IV1813,1,1,62.167154,80.890645
IV1814,1,0,56.669277,91.559018
IV1815,0,0,67.244475,80.89623
IV1816,0,0,48.219239,71.173766
IV1817,0,1,68.742469,81.314386
IV1818,0,0,65.444204,92.917055
IV1819,0,1,73.144683,88.275357
IV1820,1,0,51.137919,72.50728
IV1821,0,1,59.270948,88.755844
IV1822,1,1,69.175752,93.755888
IV1823,0,0,61.923525,72.018556
IV1824,0,0,67.49194,85.231461
IV1825,0,0,50.043079,72.281526
IV1826,1,1,45.129706,77.265916
IV1827,1,0,62.237199,74.029041
IV1828,1,1,66.984061,83.294412
IV1829,0,0,80.739317,89.257906
IV1830,1,1,74.148247,86.033384
IV1831,1,1,58.011782,89.280182
IV1832,0,0,68.731979,84.76886
IV1833,0,0,74.288592,90.625087
IV1834,1,1,77.290007,97.083029
IV1835,1,0,61.08938,92.132177
IV1836,1,0,76.455695,75.108292
IV1837,0,0,60.226717,86.785316
IV1838,0,0,47.554279,79.86511
IV1839,1,0,61.628176,81.035938
IV1840,0,0,78.115406,91.30189
IV1841,0,0,65.781703,70.13359
IV1842,1,1,74.912751,92.915182
IV1843,0,0,53.049564,74.436845
IV1844,1,0,72.703479,72.549161
IV1845,0,1,84.941207,97.208376
IV1846,0,0,58.833632,73.192586
IV1847,0,0,52.427878,95.993237
IV1848,1,0,57.535737,81.422241
IV1849,1,0,55.944753,77.657359
IV1850,0,0,58.485201,86.719819
IV1851,1,0,79.206393,89.788672
IV1852,1,0,61.930296,78.243145
IV1853,1,1,56.331781,90.919656
IV1854,1,0,67.031405,87.191178
IV1855,1,0,56.043403,85.231202
IV1856,0,0,62.946235,90.928324
IV1857,1,1,57.822264,85.965233
IV1858,1,0,75.920914,86.680022
IV1859,1,1,57.759356,75.115751
IV1860,0,0,61.770653,73.082267
IV1861,0,0,56.727048,79.030565
IV1862,1,0,72.010089,93.77761
IV1863,1,1,54.597251,91.15515
IV1864,1,1,84.421681,107.376913
IV1865,1,0,68.387368,95.685078
IV1866,1,1,66.694908,88.02546
IV1867,1,1,57.382794,83.847958
IV1868,0,0,73.601098,94.505612
IV1869,1,0,53.247939,56.731202
IV1870,0,0,67.095677,97.619774
IV1871,1,0,62.888166,85.352815
IV1872,1,1,53.097563,83.337839
IV1873,1,1,73.779095,99.458445
IV1874,0,0,69.638577,84.226846
IV1875,1,1,68.444299,86.812531
IV1876,1,0,69.739282,86.893593
IV1877,1,0,58.865287,69.725429
IV1878,0,0,68.6687,71.361042
IV1879,0,0,58.304575,75.269513
IV1880,1,1,80.897036,83.756172
IV1881,1,1,60.222066,71.575652
IV1882,1,1,57.940441,82.527401
IV1883,0,0,62.681809,95.760159
IV1884,0,0,68.383989,77.148112
IV1885,0,0,68.624559,86.210403
IV1886,0,0,46.437554,78.398328
IV1887,1,1,63.414538,89.658857
IV1888,1,1,61.385262,85.849112
IV1889,0,0,53.053352,82.66022
IV1890,0,0,57.116922,76.858964
IV1891,1,1,68.803259,82.820637
IV1892,1,1,66.465286,87.241475
IV1893,1,0,70.648198,74.931669
IV1894,1,1,62.231115,92.651365
IV1895,0,0,72.699739,92.004418
IV1896,0,0,64.166721,83.395639
IV1897,1,1,64.148269,77.509283
IV1898,0,0,78.151732,79.033316
IV1899,0,0,60.570976,77.373228
IV1900,0,0,61.926232,85.696656
IV1901,0,0,69.144269,77.83389
IV1902,1,1,57.541707,91.60952
IV1903,0,0,68.220868,90.083876
IV1904,0,0,57.22582,79.961723
IV1905,0,0,81.913984,98.643208
IV1906,1,1,65.481113,92.74211
IV1907,0,0,52.05621,77.99286
IV1908,1,1,52.640674,91.588763
IV1909,1,0,69.519717,88.900227
IV1910,1,1,52.948964,78.972377
IV1911,1,1,77.124646,78.863954
IV1912,0,1,70.662306,92.159196
IV1913,1,1,47.6676,70.197221
IV1914,1,1,61.00334,80.879745
IV1915,1,0,65.764981,92.116477
IV1916,1,1,55.672111,85.256789
IV1917,1,1,68.918095,82.752243
IV1918,0,0,52.455292,73.78437
IV1919,1,1,57.007634,84.819018
IV1920,1,0,64.892451,72.495158
IV1921,0,0,69.278877,84.034459
IV1922,1,0,72.725548,83.790409
IV1923,1,0,63.354789,78.849319
IV1924,0,0,65.624899,94.843531
IV1925,1,1,63.400875,82.236632
IV1926,0,0,84.774271,106.138368
IV1927,0,1,62.69584,91.406854
IV1928,1,0,64.332103,95.702411
IV1929,0,0,59.520558,93.077911
IV1930,0,0,55.981012,82.87739
IV1931,1,1,60.934477,87.998766
IV1932,0,0,73.693662,95.119527
IV1933,0,0,54.55956,76.322756
IV1934,0,0,59.869455,86.913436
IV1935,0,1,68.484324,83.773012
IV1936,1,1,70.900875,99.230427
IV1937,0,0,70.273382,86.702068
IV1938,1,0,67.341267,69.463881
IV1939,0,0,48.831671,88.761286
IV1940,1,1,74.530863,87.797303
IV1941,1,0,43.858107,75.808385
IV1942,0,0,52.507711,73.010649
IV1943,1,1,66.168946,95.563439
IV1944,0,0,67.671387,87.23872
IV1945,0,0,68.788401,76.154384
IV1946,0,0,69.113393,82.162608
IV1947,1,1,65.025604,100.643208
IV1948,1,0,56.213404,77.944617
IV1949,1,1,81.305325,87.289966
IV1950,1,1,52.045734,77.37542
IV1951,1,1,56.744801,78.939799
IV1952,1,0,58.501691,61.969012
IV1953,0,0,61.389852,79.339941
IV1954,1,1,62.174711,93.066665
IV1955,1,1,75.02389,107.158896
IV1956,0,0,75.534478,93.970624
IV1957,0,0,67.910641,92.070521
IV1958,1,1,59.737596,73.714687
IV1959,1,0,69.034115,81.155089
IV1960,0,0,57.23665,81.80672
IV1961,0,0,51.660157,80.242384
IV1962,1,1,54.313542,85.625039
IV1963,1,1,77.011129,87.998327
IV1964,1,0,60.059665,90.55786
IV1965,0,0,57.984446,82.454896
IV1966,0,0,52.038467,77.15144
IV1967,1,1,53.33432,88.169135
IV1968,0,0,63.319628,79.816659
IV1969,0,0,76.373785,84.089289
IV1970,0,1,64.286168,89.97088
IV1971,0,0,80.130638,92.566036
IV1972,0,0,64.516641,79.843605
IV1973,1,1,69.264571,93.924736
IV1974,1,1,60.622045,84.023838
IV1975,1,1,63.397424,90.760019
IV1976,0,0,69.636619,90.026274
IV1977,1,0,58.835707,75.827559
IV1978,1,0,74.146148,80.152519
IV1979,1,1,62.298824,78.576537
IV1980,1,1,73.237622,94.053606
IV1981,0,0,64.228082,87.472192
IV1982,0,0,70.319184,83.716117
IV1983,0,0,58.369245,74.148679
IV1984,0,0,68.463431,78.797801
IV1985,0,1,71.960713,89.589101
IV1986,0,0,90.384631,92.053818
IV1987,0,0,53.82832,78.194935
IV1988,0,0,71.420007,87.418682
IV1989,0,0,68.320876,78.233421
IV1990,0,0,74.555389,82.792836
IV1991,0,0,77.003637,95.377596
IV1992,0,0,59.678145,77.862683
IV1993,0,0,57.972818,80.883918
IV1994,1,1,83.475297,105.205551
IV1995,0,0,54.568163,76.599225
IV1996,1,1,56.961452,94.573433
IV1997,1,0,70.580941,83.734085
IV1998,1,1,68.809332,80.070808
IV1999,0,0,63.894751,81.46242
IV2000,1,0,70.320015,77.431735
IV2001,0,0,72.730321,85.10863
IV2002,0,1,62.554413,77.846198
IV2003,0,0,83.430441,98.563054
IV2004,1,1,59.871119,90.269073
IV2005,0,1,77.889792,98.440871
IV2006,0,0,49.104753,89.946153
IV2007,0,0,47.619874,75.535748
IV2008,0,0,68.015213,80.758405
IV2009,0,0,53.645584,75.843635
IV2010,0,0,64.138712,71.233745
IV2011,0,0,48.662408,58.360556
IV2012,1,1,62.559613,86.152132
IV2013,0,0,58.732899,87.489868
IV2014,1,1,56.336877,74.115703
IV2015,0,0,71.229682,89.029181
IV2016,0,0,77.035005,85.163972
IV2017,1,1,70.914495,90.536893
IV2018,1,0,66.873222,75.353721
IV2019,0,0,72.72434,86.397112
IV2020,0,0,57.561191,73.711526
IV2021,0,1,65.018655,81.275295
IV2022,1,1,55.159384,79.686709
IV2023,1,0,59.746671,82.983838
IV2024,1,1,67.085209,90.880455
IV2025,0,1,70.157915,84.96289
IV2026,0,0,66.115668,69.925987
IV2027,1,1,65.367854,84.454615
IV2028,1,1,69.877092,81.879963
IV2029,1,0,54.96457,70.208319
IV2030,0,0,59.270074,73.14479
IV2031,1,1,63.595111,91.608611
IV2032,1,1,66.465092,79.352814
IV2033,0,0,70.148942,72.335979
IV2034,1,0,67.341162,86.675258
IV2035,1,0,67.653479,76.487946
IV2036,0,0,74.088395,84.305175
IV2037,1,0,57.708443,84.408659
IV2038,0,0,53.040265,91.959437
IV2039,1,1,53.672806,85.280313
IV2040,1,1,58.313934,98.245665
IV2041,1,0,75.886024,84.518231
IV2042,1,1,69.677429,85.299405
IV2043,0,0,73.10965,80.577337
IV2044,1,1,60.029793,88.861415
IV2045,0,1,72.169637,95.402073
IV2046,0,0,67.87286,75.7926
IV2047,1,1,69.165459,85.842467
IV2048,1,0,72.6284,92.894919
IV2049,0,0,74.726444,84.538353
IV2050,0,0,50.190361,66.56344
IV2051,1,1,60.779469,74.045008
IV2052,0,0,64.785074,79.668758
IV2053,0,0,68.193331,88.658103
IV2054,0,0,55.957161,79.077585
IV2055,1,0,75.095482,91.579777
IV2056,1,1,54.029956,82.576453
IV2057,1,1,62.357071,88.809458
IV2058,1,0,68.259086,86.153645
IV2059,1,1,53.349243,73.988646
IV2060,1,1,73.339751,91.721096
IV2061,1,1,50.989009,89.073572
IV2062,1,0,67.890567,90.288959
IV2063,0,0,58.602983,75.038453
IV2064,1,1,63.044591,82.953006
IV2065,1,1,62.604528,96.012721
IV2066,0,0,70.62652,85.074687
IV2067,0,0,58.056545,74.23642
IV2068,0,0,75.778236,92.025647
IV2069,1,0,65.622423,89.314003
IV2070,1,1,62.909651,84.683753
IV2071,1,1,49.347302,83.051495
IV2072,0,0,64.46279,72.641018
IV2073,0,0,51.135058,65.414438
IV2074,1,0,81.180552,99.813379
IV2075,1,1,66.188013,98.687866
IV2076,1,0,73.501472,84.032479
IV2077,1,1,68.196273,85.266625
IV2078,1,1,74.854355,89.272853
IV2079,1,0,68.221466,86.031788
IV2080,0,0,54.739191,69.594199
IV2081,1,1,84.946553,103.210733
IV2082,1,1,33.779922,79.154709
IV2083,1,1,61.620953,92.147546
IV2084,0,0,67.767292,80.089263
IV2085,0,0,70.906129,70.963111
IV2086,1,1,66.925337,77.348833
IV2087,0,0,57.732303,88.060567
IV2088,0,0,64.957215,76.18867
IV2089,1,1,77.266188,90.913742
IV2090,1,1,82.449579,93.331183
IV2091,0,0,61.106428,70.824361
IV2092,0,0,55.166698,80.941383
IV2093,0,0,58.475778,68.484623
IV2094,0,0,66.484276,80.883231
IV2095,1,1,55.997255,78.6852
IV2096,0,0,74.433531,73.739143
IV2097,0,0,73.001414,87.967842
IV2098,1,0,55.719098,80.821556
IV2099,0,0,66.713317,88.685199
IV2100,1,0,68.049195,87.456513
IV2101,1,0,59.550271,56.968313
IV2102,1,0,61.348381,78.106331
IV2103,0,1,71.354133,105.911503
IV2104,0,0,65.776241,81.601855
IV2105,0,0,55.397978,80.165303
IV2106,0,0,57.304723,83.785572
IV2107,1,1,55.627314,81.407277
IV2108,0,0,67.620598,99.420008
IV2109,1,1,57.419307,83.27704
IV2110,1,1,71.649261,93.306585
IV2111,0,0,80.39156,90.19387
IV2112,0,0,58.230974,81.629109
IV2113,1,1,74.800148,88.677297
IV2114,1,0,52.056751,76.322576
IV2115,0,0,49.622234,79.062761
IV2116,1,1,69.004657,91.769985
IV2117,0,0,57.540018,80.612457
IV2118,0,1,79.365358,93.719507
IV2119,0,1,76.718147,94.643598
IV2120,1,0,75.251045,90.683028
IV2121,1,1,79.210775,93.352524
IV2122,1,0,68.41192,79.536903
IV2123,0,0,65.040708,80.699104
IV2124,0,0,68.696355,84.752462
IV2125,0,0,89.535815,99.644375
IV2126,0,0,77.652863,79.049225
IV2127,0,0,68.619476,94.683648
IV2128,0,1,62.12041,90.102378
IV2129,0,0,57.780716,84.786339
IV2130,0,0,52.274359,73.424645
IV2131,0,1,48.197414,70.116628
IV2132,1,1,55.556418,83.87568
IV2133,0,0,61.577952,80.159853
IV2134,1,1,72.383117,101.074707
IV2135,1,1,67.123247,85.210942
IV2136,1,1,54.515657,83.930734
IV2137,0,0,59.508253,74.874085
IV2138,0,0,75.079245,81.188905
IV2139,1,1,53.172293,82.00088
IV2140,0,0,77.118231,85.107298
IV2141,0,0,50.200744,91.261735
IV2142,0,0,67.637015,79.461146
IV2143,1,0,61.905304,81.338943
IV2144,0,0,70.989284,78.744406
IV2145,0,0,47.797926,84.511235
IV2146,1,1,52.051687,66.085729
IV2147,1,0,57.456535,79.580996
IV2148,0,0,68.112116,94.997574
IV2149,0,0,69.55447,84.12776
IV2150,0,0,64.187249,72.179512
IV2151,1,0,49.25897,72.075463
IV2152,1,1,62.151898,84.852897
IV2153,1,0,57.851202,74.072712
IV2154,0,0,64.141673,81.343267
IV2155,0,0,64.504253,65.565399
IV2156,1,1,65.84672,95.691753
IV2157,1,1,63.919653,84.619997
IV2158,0,0,62.609406,82.821578
IV2159,0,0,66.314831,83.271817
IV2160,0,1,76.473399,94.972092
IV2161,0,0,63.329911,75.179047
IV2162,1,0,79.004931,84.846146
IV2163,1,1,59.727023,93.177691
IV2164,1,1,74.902691,85.699129
IV2165,0,0,78.509288,90.094251
IV2166,0,0,74.508499,74.244205
IV2167,0,0,63.122551,73.904512
IV2168,0,0,60.212236,81.703077
IV2169,0,1,68.128592,86.76098
IV2170,1,0,72.2276,79.769806
IV2171,0,0,53.119202,71.839973
IV2172,0,1,82.77316,91.561737
IV2173,0,0,73.301009,86.761291
IV2174,0,0,69.006891,78.662471
IV2175,0,0,61.749035,91.888253
IV2176,0,0,66.449145,76.962228
IV2177,0,1,74.986446,81.647029
IV2178,0,0,63.984938,86.120803
IV2179,0,0,47.067534,70.883581
IV2180,1,0,68.986087,87.604682
IV2181,0,0,67.942896,82.911585
IV2182,0,0,58.425407,82.967186
IV2183,1,1,75.939729,94.199593
IV2184,1,1,49.371026,73.694207
IV2185,0,1,55.09516,89.318035
IV2186,1,1,47.953153,71.603169
IV2187,1,1,73.932662,86.59144
IV2188,0,0,70.448518,90.186865
IV2189,1,1,62.522143,85.810429
IV2190,1,0,54.739937,79.438521
IV2191,1,1,66.47003,81.516851
IV2192,0,1,65.213124,72.652109
IV2193,0,0,63.426947,76.560511
IV2194,1,1,73.561315,94.424138
IV2195,1,1,70.306243,81.345574
IV2196,0,0,66.728615,86.100939
IV2197,0,1,64.507306,76.05639
IV2198,1,1,62.643684,89.716895
IV2199,0,1,51.798075,88.605206
IV2200,1,1,72.93945,94.988235
IV2201,1,1,72.949078,99.067722
IV2202,0,0,62.126909,86.807957
IV2203,0,0,68.544344,88.227232
IV2204,0,1,72.513698,93.556786
IV2205,1,0,79.26552,78.634793
IV2206,0,1,72.026646,81.452279
IV2207,0,0,68.119173,93.104401
IV2208,1,1,74.663664,101.569709
IV2209,1,1,75.612116,82.904191
IV2210,0,0,73.046745,81.849417
IV2211,1,1,55.799364,95.286473
IV2212,1,1,54.089197,82.792611
IV2213,1,1,63.2508,80.569745
IV2214,0,0,63.733498,93.650022
IV2215,1,1,51.905434,79.297871
IV2216,0,0,72.247617,81.005413
IV2217,0,0,76.579385,82.173087
IV2218,1,1,67.379919,90.769835
IV2219,0,0,69.105011,90.330873
IV2220,0,0,70.740782,85.035718
IV2221,0,0,97.322751,101.791173
IV2222,1,0,58.612971,87.081396
IV2223,1,1,62.199514,91.692978
IV2224,1,1,64.918516,76.43643
IV2225,1,1,58.407583,74.819246
IV2226,0,0,67.72977,72.57156
IV2227,1,1,69.026385,86.446201
IV2228,0,0,71.488273,83.911713
IV2229,1,1,83.653905,98.714968
IV2230,1,0,56.445639,77.676779
IV2231,1,0,82.477655,96.09991
IV2232,1,1,65.894132,81.642475
IV2233,1,0,68.383313,83.497239
IV2234,0,0,66.855818,82.797202
IV2235,0,0,59.68072,77.313065
IV2236,1,0,67.821741,89.07504
IV2237,0,0,74.496023,86.212777
IV2238,0,0,72.185628,80.090824
IV2239,0,0,40.312349,68.212655
IV2240,1,1,77.683797,88.900341
IV2241,1,1,54.698749,78.8595
IV2242,0,0,53.694121,83.721181
IV2243,0,0,64.765078,76.918492
IV2244,0,0,59.522151,86.036804
IV2245,0,0,60.813389,82.702041
IV2246,0,0,76.743754,82.152807
IV2247,0,0,77.7134,89.08858
IV2248,0,0,61.831844,84.116293
IV2249,0,0,69.257247,71.605598
IV2250,0,0,62.849285,77.804874
IV2251,0,0,65.392514,72.998586
IV2252,0,0,70.256708,85.007957
IV2253,1,1,69.964321,82.606556
IV2254,1,1,80.603412,84.687203
IV2255,1,0,62.115668,83.597568
IV2256,1,1,68.975559,87.663733
IV2257,1,1,63.330123,90.610565
IV2258,0,0,73.089774,90.989083
IV2259,0,0,70.434203,88.568564
IV2260,0,1,58.965636,93.947079
IV2261,1,1,69.975074,79.643753
IV2262,0,1,60.657448,90.270211
IV2263,0,0,62.949236,91.21441
IV2264,0,0,63.949815,76.656171
IV2265,1,0,68.956125,81.21756
IV2266,1,1,57.597798,86.406505
IV2267,1,0,69.722083,85.234555
IV2268,0,1,48.156593,90.136773
IV2269,0,0,60.051564,84.058502
IV2270,0,0,79.366338,76.969252
IV2271,1,0,62.192879,88.183175
IV2272,1,1,63.401095,83.461053
IV2273,1,0,63.777048,79.951491
IV2274,1,1,65.565827,95.261034
IV2275,1,1,62.23476,80.081812
IV2276,1,0,56.406554,82.96377
IV2277,1,1,57.905997,89.730512
IV2278,0,1,54.387934,75.552181
IV2279,1,1,66.031043,86.101536
IV2280,0,0,56.527702,83.86774
IV2281,1,1,62.481842,81.986366
IV2282,1,0,60.919196,94.532986
IV2283,0,0,66.820663,80.034781
IV2284,1,0,69.174997,97.3883
IV2285,1,0,53.357056,66.716935
IV2286,0,0,61.243943,72.035381
IV2287,0,0,77.404595,85.853219
IV2288,1,1,65.655821,92.229673
IV2289,1,1,70.097696,95.506853
IV2290,1,1,68.686154,87.552802
IV2291,1,1,67.87552,78.509301
IV2292,1,1,85.691704,103.798926
IV2293,1,0,50.51531,77.676325
IV2294,1,1,68.833277,83.282912
IV2295,1,1,80.823767,97.210934
IV2296,1,1,66.732398,94.062579
IV2297,0,0,77.045652,74.740029
IV2298,0,0,59.173883,90.907128
IV2299,1,0,47.604958,62.869988
IV2300,1,1,58.043687,80.811768
IV2301,1,1,77.324274,80.013151
IV2302,1,1,56.888306,84.639415
IV2303,0,0,60.239796,79.700599
IV2304,0,0,85.638122,99.023339
IV2305,1,0,66.477696,63.309669
IV2306,1,1,55.280591,92.519251
IV2307,0,0,59.213604,81.137456
IV2308,0,0,69.185939,82.972876
IV2309,1,1,65.170397,88.306803
IV2310,0,0,74.700719,79.442928
IV2311,1,0,71.669792,93.371483
IV2312,0,0,63.626512,93.528046
IV2313,1,0,56.703523,73.183452
IV2314,0,0,53.658679,71.600165
IV2315,0,0,59.508358,95.325334
IV2316,0,0,54.547113,82.49339
IV2317,1,1,64.637945,101.013005
IV2318,0,0,68.107588,83.921243
IV2319,0,0,64.248351,94.218848
IV2320,1,1,62.668099,79.346603
IV2321,1,1,60.588195,77.274317
IV2322,0,0,69.350354,88.624794
IV2323,1,1,72.443728,82.878142
IV2324,1,1,76.582635,95.979126
IV2325,1,1,76.024137,85.558355
IV2326,1,0,70.821981,76.866995
IV2327,0,0,67.386235,75.259032
IV2328,1,0,69.581811,73.287388
IV2329,0,0,50.822682,69.274463
IV2330,0,0,58.831335,80.380904
IV2331,1,0,63.78967,83.257746
IV2332,0,0,61.839661,77.717551
IV2333,0,0,54.207854,78.386699
IV2334,1,1,64.674539,104.034757
IV2335,1,1,61.633421,89.843276
IV2336,0,0,71.790261,75.603588
IV2337,1,0,66.561484,77.415806
IV2338,0,1,84.037385,96.05003
IV2339,0,0,73.269601,77.193305
IV2340,1,0,77.210882,88.664294
IV2341,0,0,67.330339,87.377442
IV2342,0,0,75.717663,82.199308
IV2343,1,1,61.101,71.24091
IV2344,0,1,54.873647,104.242212
IV2345,0,0,64.420617,80.081787
IV2346,0,0,77.738187,80.747658
IV2347,0,0,72.261029,82.437773
IV2348,0,0,73.549498,96.558543
IV2349,1,1,72.199333,87.76936
IV2350,0,0,62.442498,81.053594
IV2351,1,1,72.439804,92.984717
IV2352,0,0,56.697938,78.441886
IV2353,0,0,63.298411,77.271994
IV2354,0,0,67.13782,83.9117
IV2355,0,0,53.823376,65.438403
IV2356,1,0,65.813829,68.976869
IV2357,0,0,82.15747,89.307134
IV2358,0,0,66.112596,90.926898
IV2359,1,1,73.004315,100.07759
IV2360,0,0,62.368282,81.052606
IV2361,0,0,52.475806,75.227282
IV2362,0,1,55.398271,86.338336
IV2363,0,0,70.784102,88.256798
IV2364,0,0,60.409554,73.798634
IV2365,1,1,62.556757,83.947848
IV2366,0,0,54.669327,73.836784
IV2367,0,0,66.072066,87.190043
IV2368,1,0,63.789893,72.801904
IV2369,1,1,73.929055,95.164323
IV2370,1,1,77.511885,90.432398
IV2371,1,1,53.357569,74.859628
IV2372,1,1,51.495045,72.043546
IV2373,0,0,57.854049,78.51735
IV2374,0,0,54.31634,73.390268
IV2375,0,0,59.520944,84.552776
IV2376,1,1,62.989964,88.757532
IV2377,1,0,66.523825,85.382056
IV2378,1,0,59.858368,91.37587
IV2379,1,1,63.929603,89.067504
IV2380,1,1,67.275451,89.743744
IV2381,1,0,53.984197,52.764052
IV2382,1,1,78.418425,88.708579
IV2383,0,0,57.230097,77.589803
IV2384,1,0,65.765972,88.404819
IV2385,1,1,71.043701,91.420063
IV2386,1,0,62.207399,80.046129
IV2387,1,1,73.552635,93.729095
IV2388,0,0,78.151629,92.097714
IV2389,0,0,63.279945,90.106252
IV2390,1,0,66.715315,80.477819
IV2391,1,0,71.119746,77.055786
IV2392,0,0,62.985493,63.777378
IV2393,1,0,62.293485,79.726628
IV2394,1,0,69.134489,78.247211
IV2395,1,1,66.526628,89.822638
IV2396,1,1,54.212349,78.388453
IV2397,1,0,57.735443,93.928801
IV2398,0,0,74.623307,110.234644
IV2399,0,0,59.39392,74.093573
IV2400,0,0,53.423663,69.474763
IV2401,0,0,66.968691,82.454163
IV2402,1,1,69.214113,87.684138
IV2403,1,0,68.98503,83.956834
IV2404,1,1,70.437732,85.526216
IV2405,1,0,76.889963,85.479748
IV2406,0,0,75.652274,90.382779
IV2407,0,0,63.58603,75.247506
IV2408,1,1,49.538304,85.133117
IV2409,0,0,82.463061,85.659918
IV2410,0,0,73.52318,92.298583
IV2411,0,0,49.442123,64.767352
IV2412,1,1,62.721806,90.788361
IV2413,1,1,85.961002,95.048655
IV2414,0,1,50.998245,76.366006
IV2415,0,0,49.239873,75.199968
IV2416,0,0,79.540624,95.54412
IV2417,1,1,74.246418,98.449284
IV2418,1,1,76.764628,82.196427
IV2419,0,1,62.909748,72.24319
IV2420,1,1,83.234247,95.959506
IV2421,1,1,48.557317,77.246977
IV2422,1,1,66.253493,89.066825
IV2423,1,1,73.321263,91.956527
IV2424,0,0,63.627941,84.100276
IV2425,1,1,65.988753,96.636939
IV2426,1,0,70.625563,90.691949
IV2427,1,0,56.618013,72.454066
IV2428,1,1,70.609082,90.480244
IV2429,1,1,61.722596,68.697923
IV2430,1,1,64.79268,100.369751
IV2431,1,1,62.533196,92.826755
IV2432,0,0,61.386984,99.729853
IV2433,0,0,81.253197,98.639278
IV2434,0,0,68.588863,72.129678
IV2435,0,0,73.45909,93.992604
IV2436,1,1,66.354006,77.050583
IV2437,0,0,69.676257,76.980063
IV2438,0,0,72.742009,88.356454
IV2439,1,1,71.477841,88.6143
IV2440,0,0,59.754957,70.136218
IV2441,1,1,64.911563,96.205489
IV2442,0,0,42.376889,68.996589
IV2443,0,0,73.20118,84.870999
IV2444,0,0,61.892526,73.658042
IV2445,1,1,78.797811,94.501169
IV2446,0,0,86.610853,91.345419
IV2447,0,0,72.495757,82.981436
IV2448,1,1,62.052163,80.727699
IV2449,0,0,67.85142,92.779137
IV2450,0,0,71.504385,82.791665
IV2451,1,1,68.240235,93.506614
IV2452,1,1,53.187929,86.08443
IV2453,0,0,61.358821,79.662472
IV2454,1,0,64.373993,85.771582
IV2455,0,0,75.147154,79.580083
IV2456,0,0,65.074261,82.258328
IV2457,1,1,75.440518,85.638008
IV2458,0,0,74.268931,90.876306
IV2459,0,0,77.146572,84.76905
IV2460,0,0,54.074048,80.515678
IV2461,1,1,81.978851,93.467727
IV2462,0,0,54.821803,68.17344
IV2463,1,0,45.638005,69.53045
IV2464,1,0,62.499205,75.657552
IV2465,0,0,66.944343,92.353819
IV2466,1,1,46.839922,80.563154
IV2467,0,0,56.760644,72.673098
IV2468,1,1,61.967275,88.539497
IV2469,1,1,57.64294,94.116956
IV2470,1,0,61.184315,79.716179
IV2471,0,0,77.696082,91.733273
IV2472,1,1,54.002779,85.546809
IV2473,1,0,68.050583,65.575929
IV2474,0,0,63.2894,90.013598
IV2475,1,1,70.399834,94.771956
IV2476,1,1,51.219234,73.158977
IV2477,1,1,69.315545,91.423235
IV2478,0,0,57.56475,81.913344
IV2479,0,0,77.915876,100.891091
IV2480,1,1,64.731019,82.472781
IV2481,1,1,57.798139,71.569004
IV2482,1,0,66.358899,96.976579
IV2483,1,1,52.887946,93.449611
IV2484,0,0,61.944707,83.345674
IV2485,1,0,55.061585,87.825588
IV2486,1,0,55.444613,80.578597
IV2487,1,0,71.125165,83.480817
IV2488,0,0,62.210301,79.807271
IV2489,0,1,68.675106,89.856489
IV2490,1,1,63.081659,96.294317
IV2491,1,1,60.451003,98.72601
IV2492,0,0,62.793004,74.439077
IV2493,1,0,59.176255,83.872083
IV2494,1,1,54.361927,86.028049
IV2495,0,0,72.806064,96.486551
IV2496,1,1,61.22536,85.277971
IV2497,0,0,58.838272,76.713093
IV2498,1,1,88.007677,106.097378
IV2499,1,0,59.555523,84.672838
IV2500,0,0,72.065183,85.543334
IV2501,1,1,68.440423,85.668277
IV2502,0,0,67.900566,88.597254
IV2503,1,1,46.701958,80.884213
IV2504,1,0,67.67789,79.226662
IV2505,1,1,77.787643,102.853358
IV2506,1,1,61.106026,95.636144
IV2507,1,1,81.270623,99.286696
IV2508,0,0,57.193923,74.273464
IV2509,0,0,67.062528,88.238187
IV2510,0,1,69.02796,89.049643
IV2511,1,1,79.017603,90.397006
IV2512,1,0,47.807208,85.517217
IV2513,1,1,76.773834,90.625835
IV2514,0,0,67.763699,76.93423
IV2515,1,0,82.752659,97.993738
IV2516,0,0,55.597205,70.843747
IV2517,1,0,63.501692,81.545991
IV2518,1,0,54.268863,68.311984
IV2519,0,0,50.816942,69.082359
IV2520,0,0,59.701111,85.57956
IV2521,0,0,67.15312,88.318465
IV2522,1,0,63.512909,73.477606
IV2523,0,1,58.671281,75.696491
IV2524,0,0,63.643991,77.297902
IV2525,1,1,71.940915,89.357112
IV2526,1,1,64.141569,88.635692
IV2527,1,0,62.467555,85.946701
IV2528,1,1,77.460073,90.851144
IV2529,0,0,64.865616,75.206014
IV2530,1,1,67.953607,91.109819
IV2531,1,1,68.123794,93.927459
IV2532,1,1,80.464132,93.691346
IV2533,1,1,62.487123,78.455482
IV2534,0,0,65.629581,87.249615
IV2535,0,0,59.153482,78.2159
IV2536,0,0,66.995081,91.599076
IV2537,1,1,65.973886,90.413671
IV2538,1,1,58.14378,83.490015
IV2539,0,0,75.64568,92.228778
IV2540,0,0,81.225962,89.565358
IV2541,0,0,57.135183,77.346456
IV2542,0,0,49.161843,79.314178
IV2543,0,0,59.39123,84.046297
IV2544,0,0,67.343475,87.059353
IV2545,0,0,57.191822,77.28228
IV2546,1,1,73.750793,94.745859
IV2547,0,1,81.070053,102.722376
IV2548,0,1,64.728236,83.338049
IV2549,0,0,50.11664,77.941512
IV2550,0,0,53.01462,74.153262
IV2551,1,1,52.416749,75.35801
IV2552,0,0,71.50688,82.050469
IV2553,0,0,66.149488,88.779035
IV2554,0,0,65.820469,84.817124
IV2555,1,0,75.245821,88.364017
IV2556,1,1,49.79783,90.802437
IV2557,1,1,55.659091,75.190998
IV2558,0,0,71.013046,96.538727
IV2559,0,0,71.96592,92.537274
IV2560,0,0,73.796457,68.751171
IV2561,1,0,69.513452,84.429243
IV2562,1,0,63.159441,83.764635
IV2563,0,0,62.059371,81.903826
IV2564,1,1,68.438455,79.295758
IV2565,1,1,72.778214,89.788887
IV2566,0,1,65.272057,90.375964
IV2567,0,0,71.371106,93.060429
IV2568,0,0,55.155024,81.429792
IV2569,1,0,64.108486,78.437656
IV2570,1,1,58.777579,76.313593
IV2571,0,0,67.426366,97.18202
IV2572,1,1,62.259326,73.617582
IV2573,1,1,73.123057,107.82701
IV2574,0,1,57.325645,91.069539
IV2575,1,1,72.315592,90.840801
IV2576,0,0,61.540778,83.891743
IV2577,1,1,77.318309,91.304715
IV2578,0,0,57.796458,83.786221
IV2579,0,0,80.382333,99.449262
IV2580,1,1,63.357317,95.006048
IV2581,1,1,71.765289,84.684852
IV2582,0,1,62.917989,84.656262
IV2583,0,0,54.131087,82.940583
IV2584,1,1,81.657661,87.379101
IV2585,0,0,55.701727,63.531497
IV2586,0,0,64.107523,85.04847
IV2587,1,1,60.496486,87.807281
IV2588,1,1,61.485341,92.819089
IV2589,0,0,60.528291,77.049849
IV2590,1,0,69.261799,73.986767
IV2591,0,0,60.896792,84.850977
IV2592,1,1,53.627974,75.469518
IV2593,0,0,78.503961,80.098202
IV2594,0,1,67.853627,81.68382
IV2595,0,0,54.544738,84.816914
IV2596,1,1,69.596694,92.784587
IV2597,0,1,64.388267,93.085727
IV2598,1,1,67.300559,85.373326
IV2599,1,0,71.171711,74.960381
IV2600,0,0,56.517487,69.737101
IV2601,1,1,80.057656,101.562375
IV2602,0,0,70.017922,81.304746
IV2603,1,1,57.07087,80.854
IV2604,0,0,82.19258,94.454402
IV2605,1,1,61.087018,86.414387
IV2606,1,1,71.583093,90.8859
IV2607,0,0,66.342112,86.351877
IV2608,1,1,58.262634,82.645763
IV2609,1,1,53.151917,79.038027
IV2610,0,0,69.682284,96.618216
IV2611,0,0,48.118226,68.893377
IV2612,0,0,61.91857,86.134334
IV2613,0,0,59.851865,76.461063
IV2614,1,1,63.327778,86.529024
IV2615,1,1,52.539657,84.49327
IV2616,1,1,73.252136,89.934866
IV2617,1,1,66.851517,81.789774
IV2618,1,1,61.343682,88.055922
IV2619,0,1,61.796071,85.958469
IV2620,0,0,57.033329,81.999566
IV2621,1,1,63.136484,95.822009
IV2622,0,0,72.070294,88.425762
IV2623,1,1,54.949728,86.61543
IV2624,1,1,59.150121,87.413466
IV2625,0,0,66.903545,91.949823
IV2626,0,0,58.53172,82.169921
IV2627,0,0,56.872989,73.976568
IV2628,0,1,54.98905,89.634541
IV2629,1,1,58.801189,79.070669
IV2630,0,0,55.228103,79.182809
IV2631,0,0,70.01666,86.435394
IV2632,0,0,63.241311,74.881187
IV2633,1,1,58.219841,81.671949
IV2634,0,0,75.143021,74.548647
IV2635,0,0,79.151422,88.898375
IV2636,0,0,77.27502,92.351267
IV2637,0,0,57.412551,86.675592
IV2638,0,1,88.919321,99.322144
IV2639,1,1,56.911288,85.825778
IV2640,0,0,45.302906,75.208213
IV2641,1,1,56.939404,81.395355
IV2642,1,1,72.192816,91.563073
IV2643,0,0,64.164062,82.812948
IV2644,0,1,56.10779,80.823701
IV2645,1,1,61.514888,82.882421
IV2646,0,0,60.828337,88.427338
IV2647,1,1,73.357478,102.93403
IV2648,1,0,78.932329,88.343366
IV2649,1,0,72.291133,79.185749
IV2650,1,0,61.879183,72.283388
IV2651,0,0,74.097216,87.439564
IV2652,1,1,50.993708,76.236012
IV2653,0,0,70.281472,84.304542
IV2654,1,1,76.044012,94.462012
IV2655,0,0,50.214343,73.822686
IV2656,1,1,66.403965,85.335087
IV2657,0,1,70.061925,95.678589
IV2658,0,0,73.524803,101.548874
IV2659,1,1,68.467197,88.86663
IV2660,1,1,72.595943,88.972057
IV2661,1,1,63.307855,83.847671
IV2662,0,0,67.307319,84.542756
IV2663,1,1,76.204466,97.39911
IV2664,1,0,61.189486,68.247338
IV2665,0,0,68.919889,78.172772
IV2666,1,1,65.227904,94.978047
IV2667,1,1,61.744628,91.213012
IV2668,0,0,51.529895,71.011941
IV2669,1,1,74.842277,93.117512
IV2670,1,1,58.856933,75.515454
IV2671,1,1,77.165092,89.206066
IV2672,1,1,71.930803,83.191159
IV2673,0,0,62.256644,81.24243
IV2674,1,1,57.456968,88.288793
IV2675,0,1,54.281448,93.991136
IV2676,1,0,55.353675,71.387029
IV2677,0,0,64.996235,76.548577
IV2678,1,0,71.095834,81.915672
IV2679,1,1,52.164588,79.052366
IV2680,0,0,58.409993,91.092983
IV2681,1,0,76.21079,84.307172
IV2682,0,0,56.625336,68.903235
IV2683,0,1,55.390507,68.895006
IV2684,1,1,60.543411,88.228203
IV2685,1,1,68.101448,91.298115
IV2686,1,1,55.924891,93.870963
IV2687,1,1,54.281899,85.506083
IV2688,1,0,75.766894,86.226524
IV2689,1,0,78.075079,89.873135
IV2690,0,0,62.107162,82.389213
IV2691,1,0,65.697721,80.397335
IV2692,1,1,89.473615,103.413329
IV2693,0,0,46.364426,60.575113
IV2694,1,1,63.259978,87.855686
IV2695,1,0,67.325051,82.804336
IV2696,0,1,70.058473,81.786007
IV2697,1,1,66.267876,85.593387
IV2698,0,0,64.621313,79.619329
IV2699,1,0,59.392716,81.099434
IV2700,1,1,68.690548,93.954405
IV2701,0,0,63.744322,84.606072
IV2702,1,0,57.774142,82.671892
IV2703,1,0,56.905859,71.848063
IV2704,0,0,63.073601,78.345759
IV2705,1,1,61.99867,87.682712
IV2706,1,1,76.706365,88.906286
IV2707,0,0,60.83712,80.42285
IV2708,0,0,67.089051,79.637679
IV2709,1,1,69.512419,90.21717
IV2710,1,1,61.258066,87.237735
IV2711,1,1,64.565482,91.858391
IV2712,1,0,43.87331,61.343276
IV2713,1,1,70.995057,91.456082
IV2714,1,1,62.937517,91.094315
IV2715,0,0,72.891045,102.21078
IV2716,0,0,62.60705,83.09329
IV2717,0,0,62.925087,98.043227
IV2718,0,0,68.105832,80.303119
IV2719,1,1,73.941453,94.302975
IV2720,0,0,60.221629,76.700918
IV2721,0,1,64.487078,93.066123
IV2722,1,1,81.950634,78.005591
IV2723,0,0,74.386164,93.249719
IV2724,0,0,59.324833,74.580932
IV2725,0,0,63.367925,76.225135
IV2726,1,0,72.349339,78.827145
IV2727,0,0,76.220734,90.197292
IV2728,0,0,59.5459,84.355119
IV2729,1,1,49.070914,77.76388
IV2730,1,1,61.58364,91.261428
IV2731,1,1,58.975764,71.268407
IV2732,0,0,53.117647,65.941258
IV2733,0,0,70.836488,91.57313
IV2734,0,0,71.581172,79.668808
IV2735,1,1,54.19689,87.995553
IV2736,1,1,67.201938,88.095798
IV2737,0,0,72.409889,82.571413
IV2738,1,1,61.125395,85.96649
IV2739,0,0,85.362939,85.323465
IV2740,1,1,69.311982,71.794142
IV2741,0,0,67.63669,84.901724
IV2742,1,1,66.318203,84.532721
IV2743,1,1,60.200065,90.306356
IV2744,0,0,80.661334,88.784697
IV2745,0,1,61.491697,82.144845
IV2746,0,0,70.762479,80.440575
IV2747,1,1,82.840044,98.365445
IV2748,0,0,56.506661,74.49008
IV2749,0,0,63.342484,79.205434
IV2750,1,0,64.053867,78.889068
IV2751,1,1,68.872956,76.540652
IV2752,0,0,63.330453,93.262746
IV2753,1,1,59.511637,89.448589
IV2754,0,0,46.23349,70.006015
IV2755,1,1,61.304824,98.139652
IV2756,1,0,75.082126,82.165705
IV2757,1,0,59.781365,77.962565
IV2758,0,0,59.663702,81.998349
IV2759,1,1,65.035568,86.620399
IV2760,1,1,74.238184,89.541429
IV2761,0,0,66.60752,80.112163
IV2762,1,0,48.274965,80.877506
IV2763,0,0,59.60873,79.423459
IV2764,1,1,69.683722,88.60641
IV2765,0,0,58.150751,70.182022
IV2766,1,1,80.971727,85.629116
IV2767,0,0,74.164582,87.007584
IV2768,1,1,74.982382,91.096898
IV2769,0,0,85.27845,97.910986
IV2770,1,1,54.732651,81.904365
IV2771,0,0,70.919914,82.068539
IV2772,0,1,50.690973,80.438407
IV2773,0,0,51.952442,71.169796
IV2774,1,1,60.723819,79.327128
IV2775,1,1,73.372815,97.402552
IV2776,1,1,68.4912,86.409148
IV2777,1,1,77.142826,96.821285
IV2778,1,1,46.983028,81.547326
IV2779,1,1,45.196508,79.971084
IV2780,1,0,66.223604,67.596957
IV2781,0,0,65.064502,82.844013
IV2782,1,1,59.685794,70.028476
IV2783,1,1,61.861084,97.526499
IV2784,0,0,65.227275,86.461836
IV2785,1,1,69.530891,98.367305
IV2786,1,1,68.86371,84.613277
IV2787,1,1,63.488225,88.448006
IV2788,0,0,61.284685,79.328685
IV2789,0,0,73.072036,100.847739
IV2790,0,0,59.99165,69.165382
IV2791,1,0,78.567425,85.218321
IV2792,1,1,67.668889,88.099138
IV2793,0,0,66.326031,84.578167
IV2794,0,0,63.257773,75.902649
IV2795,0,0,64.74558,69.047438
IV2796,1,1,63.032383,78.668344
IV2797,0,1,58.453136,99.990044
IV2798,0,0,60.893874,76.184989
IV2799,0,0,70.962325,79.85213
IV2800,1,1,63.204668,74.688262
IV2801,0,0,71.142148,94.254075
IV2802,1,0,61.27797,83.521812
IV2803,1,1,65.809311,97.777984
IV2804,1,1,70.113177,78.540456
IV2805,0,0,79.277711,86.744845
IV2806,1,1,72.982217,109.606371
IV2807,1,1,59.673615,98.582019
IV2808,1,0,72.102137,96.188368
IV2809,1,1,60.993237,78.157017
IV2810,1,1,49.18683,83.20077
IV2811,1,0,67.911218,78.599966
IV2812,0,0,80.633557,76.843201
IV2813,0,1,62.949623,84.558399
IV2814,0,0,64.277712,86.278967
IV2815,1,1,70.209864,84.907404
IV2816,1,1,71.963675,83.992527
IV2817,1,1,71.07769,87.119807
IV2818,1,1,52.296068,88.286374
IV2819,1,1,54.43964,89.906626
IV2820,0,0,65.770642,81.946973
IV2821,1,1,69.865815,81.037427
IV2822,0,0,52.492519,77.062679
IV2823,0,0,65.918264,79.890659
IV2824,0,0,50.059503,74.252489
IV2825,0,0,68.82082,91.66947
IV2826,0,0,67.228804,89.070905
IV2827,0,1,61.302559,88.922791
IV2828,1,0,70.809781,76.929948
IV2829,1,1,65.285752,93.506899
IV2830,0,0,58.329365,82.477184
IV2831,0,0,79.065446,91.116055
IV2832,0,1,73.602355,83.590144
IV2833,1,1,57.353499,74.432119
IV2834,0,0,65.089245,83.457331
IV2835,1,1,75.829767,96.568977
IV2836,1,1,60.444337,86.989515
IV2837,0,0,48.177731,77.728878
IV2838,0,0,56.014302,67.960774
IV2839,0,0,61.515604,70.119735
IV2840,0,0,58.343557,83.696684
IV2841,0,0,72.72037,86.080944
IV2842,0,0,58.829023,76.842539
IV2843,0,0,68.086846,85.519506
IV2844,0,0,72.420456,91.342753
IV2845,1,1,58.381847,92.090954
IV2846,1,1,69.164739,100.458571
IV2847,0,1,63.146177,88.895984
IV2848,0,0,67.703388,80.273199
IV2849,1,1,78.422964,87.754235
IV2850,0,0,75.938472,86.571825
IV2851,1,1,79.223215,85.191523
IV2852,0,0,71.115197,78.543305
IV2853,1,1,76.584166,92.664332
IV2854,1,1,78.246008,84.157545
IV2855,1,1,53.407808,78.774191
IV2856,1,1,57.945299,83.099739
IV2857,0,0,60.168869,79.88801
IV2858,1,1,61.968902,86.769021
IV2859,1,1,71.589929,85.726828
IV2860,1,1,41.482755,92.594927
IV2861,1,1,66.119343,98.903213
IV2862,0,0,73.832041,88.05826
IV2863,0,0,69.750147,88.23345
IV2864,0,0,67.487487,88.981657
IV2865,1,1,68.542785,100.426264
IV2866,0,0,69.475344,83.968492
IV2867,0,0,67.024265,77.504294
IV2868,0,0,53.996388,83.529777
IV2869,0,0,57.466739,81.078631
IV2870,1,0,64.559253,84.46348
IV2871,1,1,63.45081,84.63617
IV2872,1,1,71.607642,99.141057
IV2873,0,0,62.465471,81.537117
IV2874,1,0,48.642546,68.611597
IV2875,0,1,64.985334,98.482757
IV2876,1,1,60.668769,88.569699
IV2877,0,0,52.914057,83.008825
IV2878,1,0,56.000002,81.669586
IV2879,1,1,75.38872,85.272746
IV2880,1,1,63.498184,101.980553
IV2881,1,1,60.114984,89.506823
IV2882,0,1,71.831123,94.750018
IV2883,0,0,63.899215,68.814242
IV2884,0,0,74.399391,87.861277
IV2885,1,1,60.984716,95.362887
IV2886,1,1,50.074983,80.782479
IV2887,1,1,66.607037,76.181034
IV2888,0,0,65.599745,86.06653
IV2889,1,1,84.810397,91.235235
IV2890,0,0,77.608948,88.815681
IV2891,1,0,60.294087,86.102445
IV2892,1,1,80.684899,102.055531
IV2893,0,0,54.638799,76.228951
IV2894,0,0,47.376316,85.226503
IV2895,0,0,70.493168,81.207452
IV2896,0,0,73.224814,96.705898
IV2897,0,0,75.547241,85.838147
IV2898,1,1,57.290337,89.931591
IV2899,1,0,61.051204,80.036792
IV2900,1,1,53.594357,78.090234
IV2901,1,1,57.943916,86.685592
IV2902,0,0,58.225185,68.079013
IV2903,1,1,62.088622,97.11072
IV2904,1,0,76.361552,84.303421
IV2905,1,1,90.518977,105.438404
IV2906,1,1,65.329119,87.133059
IV2907,0,0,75.241137,86.417274
IV2908,0,0,83.025284,85.828838
IV2909,1,1,62.131577,87.376851
IV2910,0,0,73.896062,83.067332
IV2911,1,1,55.97131,84.06204
IV2912,0,0,67.207315,85.093045
IV2913,1,0,59.692762,73.686938
IV2914,0,0,57.092531,91.194034
IV2915,0,0,53.846827,85.323501
IV2916,0,0,57.87012,73.135245
IV2917,1,0,77.056629,91.319768
IV2918,0,0,59.829567,70.935794
IV2919,0,0,68.280747,86.280011
IV2920,0,1,60.825045,64.626192
IV2921,1,1,52.564992,83.00453
IV2922,0,0,64.631029,75.017211
IV2923,0,0,70.163952,75.595588
IV2924,0,0,63.257307,78.560519
IV2925,0,0,40.370934,57.621223
IV2926,0,0,70.201452,74.95504
IV2927,0,0,82.749567,90.939822
IV2928,0,0,62.920274,93.57843
IV2929,1,0,68.15694,72.038529
IV2930,0,1,53.891995,95.655132
IV2931,1,0,76.046567,88.380038
IV2932,0,0,56.544152,88.954697
IV2933,1,1,73.362242,100.185194
IV2934,1,1,63.123486,88.007563
IV2935,0,0,69.61606,87.477777
IV2936,0,0,62.708829,87.482348
IV2937,0,0,60.305917,75.81506
IV2938,0,0,70.216753,91.948114
IV2939,0,0,51.226362,67.257602
IV2940,1,1,59.161088,79.670014
IV2941,1,1,67.430133,95.962979
IV2942,0,0,72.848314,77.957642
IV2943,1,1,73.149207,83.731308
IV2944,0,0,75.935726,69.225233
IV2945,1,1,49.036257,76.287939
IV2946,0,0,65.201061,77.546168
IV2947,1,1,64.628411,93.931023
IV2948,1,1,52.508771,74.956133
IV2949,1,0,68.690066,88.728802
IV2950,0,0,77.318382,80.270054
IV2951,1,0,71.251931,83.275686
IV2952,0,0,63.167987,80.12698
IV2953,1,0,55.234814,80.322636
IV2954,1,1,65.382238,79.78607
IV2955,0,0,66.563304,80.47253
IV2956,1,1,62.615339,91.850409
IV2957,0,0,46.063114,75.993138
IV2958,0,0,76.190422,84.443959
IV2959,1,1,71.907937,87.024453
IV2960,0,0,71.224617,73.674435
IV2961,0,1,67.936687,94.113132
IV2962,0,0,81.811056,85.836172
IV2963,1,1,59.873669,84.410465
IV2964,1,1,67.451526,93.78866
IV2965,1,1,52.839432,95.080321
IV2966,1,0,67.538185,72.089235
IV2967,0,0,77.158141,92.517605
IV2968,0,0,70.519793,87.738339
IV2969,1,1,61.868912,80.88461
IV2970,0,0,60.030863,79.361257
IV2971,0,0,71.875613,78.070142
IV2972,1,0,72.003397,85.004586
IV2973,0,0,62.057414,93.51912
IV2974,1,1,60.685729,83.907988
IV2975,1,1,74.223156,90.206412
IV2976,1,1,63.666086,94.979757
IV2977,1,0,52.936841,84.70501
IV2978,1,1,63.317431,84.33303
IV2979,0,0,73.816425,92.263246
IV2980,0,0,83.778222,86.0152
IV2981,1,1,66.757428,70.397891
IV2982,0,0,64.313687,76.615809
IV2983,1,1,67.318869,91.199697
IV2984,1,1,68.70391,94.39152
IV2985,1,1,60.16274,91.571505
IV2986,0,0,63.120329,79.238149
IV2987,1,0,65.479841,91.790424
IV2988,1,1,68.337365,92.845881
IV2989,1,1,74.558487,104.843444
IV2990,1,1,67.189806,88.103833
IV2991,0,1,56.280588,76.929072
IV2992,0,0,60.59184,84.121958
IV2993,1,1,72.757031,95.079016
IV2994,1,1,76.272524,87.296854
IV2995,0,0,69.643712,91.20284
IV2996,0,0,57.466307,73.797129
IV2997,0,0,57.603944,89.50597
IV2998,0,0,69.433613,93.345279
IV2999,1,1,49.251041,81.351933
IV3000,0,1,65.600596,90.548413
