person_id,baseline_search_skill,difficult_task,redesigned_interface,clicks_during_task,task_score
1,38.14577870,0,0,14.04967918,70.67621385
2,35.63279519,0,0,13.91702489,58.26419008
3,55.25774616,1,0,16.61058127,69.07328388
4,56.11697516,0,1,7.86570842,85.59388493
5,39.31345474,0,0,13.13538585,72.28567161
6,56.37415050,1,0,17.02041620,60.39969255
7,43.66763514,1,0,14.71143176,69.60980666
8,61.53194039,0,0,12.18789169,77.19560663
9,31.11556156,1,1,15.39153853,59.34558027
10,49.04703976,1,1,11.39408738,74.69666873
11,50.31708900,0,0,11.73532342,64.48180159
12,51.68609398,0,0,12.17664085,61.26488299
13,55.36039844,0,1,10.76646820,79.07622049
14,44.53243249,1,0,18.69023903,58.27706544
15,43.87440569,0,1,12.38275728,69.33403706
16,53.31200038,0,0,10.75967452,77.57133016
17,47.89882880,1,1,13.05561709,65.70141742
18,51.93810738,0,0,13.60011213,61.76341775
19,39.82554120,0,1,9.40189581,77.45850640
20,64.16215980,1,1,11.32910453,73.08078569
21,52.66251368,0,0,10.86982894,64.47316444
22,43.99605937,0,1,10.35688641,75.71029493
23,57.92862050,0,1,9.83869076,69.90441049
24,50.10678457,1,0,15.52205382,72.35413028
25,55.15760369,1,0,16.09590975,68.17378156
26,47.08324969,1,0,15.58276157,66.68708363
27,73.27783379,0,0,8.38224375,73.73925189
28,66.40836061,0,1,10.08472269,76.55696898
29,31.84894868,0,1,10.66124983,74.80336686
30,47.85628533,1,0,15.76099007,67.41871498
31,66.78984470,0,1,7.00194986,92.85042332
32,55.07179090,0,0,9.57586540,70.71480469
33,38.68916708,1,1,14.15130645,62.26183974
34,60.18940286,1,1,13.79270259,73.31599787
35,36.27628339,1,1,16.21784246,61.65245168
36,54.85783226,1,1,14.76352800,76.14261367
37,57.01204963,1,0,14.17765534,63.67078140
38,59.26437971,1,0,15.81978127,66.68343086
39,26.30013255,0,1,13.06244739,67.76652837
40,73.08927036,0,1,6.41459531,70.28965132
41,50.73112167,0,0,10.90201928,67.99407650
42,41.66570531,1,1,13.42551135,65.69702740
43,60.47985196,0,0,10.87675853,71.67192239
44,59.42948755,1,0,14.43279765,62.89933943
45,57.28922281,0,1,12.10417869,80.74118269
46,47.21228936,1,1,15.72258796,58.23782644
47,63.45285143,0,0,11.29292589,76.20812231
48,43.12332527,0,0,10.88749105,67.66747802
49,40.48099271,0,0,12.16398931,68.06515438
50,51.65518939,1,0,18.36360335,69.55934145
51,44.90302633,0,0,15.13605795,74.20665515
52,33.50129150,1,1,15.58714384,63.37371521
53,42.58792894,1,1,12.33411102,64.42777405
54,64.64363738,0,1,11.46678069,69.35230779
55,48.02234367,1,1,12.62455291,78.34670321
56,48.55598596,0,1,8.46156203,78.60530704
57,75.55295738,1,1,9.59954481,77.46570521
58,50.32065571,0,0,11.52393486,76.77013476
59,51.76241684,0,1,9.77149014,87.04532641
60,62.27479034,1,1,12.59133641,74.41896669
61,37.22492305,1,1,11.48761126,55.18868177
62,58.65380527,1,1,11.64580498,79.56844539
63,44.01110961,0,1,11.42775829,71.39370386
64,46.83663245,0,1,11.45534641,68.17827033
65,62.01182740,1,1,12.84927197,87.25018931
66,54.09976564,0,0,12.03236175,73.30485770
67,44.25554471,0,1,10.85288957,73.62368884
68,33.99737993,1,0,17.49385560,48.47632363
69,56.76654663,1,0,15.63742308,71.66013064
70,48.12721333,0,1,9.25386524,64.97856269
71,45.89811456,1,1,11.48260807,59.83632611
72,43.59962305,1,0,15.88603715,53.42288077
73,54.30167742,0,1,11.90938137,83.43937832
74,33.94406709,0,0,13.76760210,63.90093625
75,51.51059421,1,1,12.90214487,73.16105385
76,56.10513207,0,0,11.51422001,70.70539646
77,36.76975589,0,0,10.25530658,64.74769830
78,54.73304326,1,1,12.89559741,65.20058181
79,42.80265503,0,0,10.97408033,67.97338494
80,42.17781624,1,1,13.84976158,62.99717583
81,33.27110172,1,1,12.73249844,69.13452867
82,47.43803081,0,0,11.08090354,80.50178735
83,49.69976242,1,0,15.83972234,79.63595770
84,38.76960644,0,1,12.06605115,72.12358809
85,61.37069401,0,0,14.93388850,72.13238599
86,51.95777621,0,0,9.83865847,71.81676279
87,39.79082375,1,0,14.62745158,55.48883158
88,44.62264500,0,1,10.51762102,65.80194251
89,59.59640849,0,0,11.21151924,72.16965059
90,53.17958535,1,0,15.56949224,68.64291294
91,30.94046121,1,1,14.44480261,72.88776410
92,50.84025236,1,1,11.58353224,63.38441152
93,55.85636636,1,0,15.56260330,73.68039436
94,52.24762170,1,1,12.08662744,66.19104984
95,49.01697928,0,1,10.78184285,74.29477293
96,62.31740052,1,0,14.03552118,57.82896414
97,54.10241814,0,1,12.88442696,86.48457708
98,55.91904552,0,0,13.63570437,63.52902285
99,59.03863377,0,0,11.17760006,76.27789769
100,37.27326181,1,1,13.50356240,61.78616085
101,54.39745033,0,0,12.06325278,71.75159860
102,58.02458696,0,0,8.87421702,71.79075009
103,40.70125775,1,1,10.62065153,69.46312330
104,56.53239075,0,1,10.85860641,79.16839173
105,35.29842186,0,0,12.26488778,64.70384610
106,45.47185425,1,1,15.05005204,75.58563043
107,47.00845678,1,1,14.32826188,57.86476284
108,53.26750563,0,0,10.24388546,65.91091478
109,38.15553908,0,0,10.98785681,71.86572510
110,44.22998193,0,1,10.80877215,72.52065731
111,56.48854257,1,0,15.04173220,80.51558554
112,62.19949096,1,1,12.20836541,71.47731028
113,48.66119466,1,0,14.33206562,69.24832157
114,37.12514462,1,1,13.53901605,60.90786436
115,46.89968821,1,0,14.78026705,69.02375345
116,58.65739155,1,0,14.27328712,69.74960689
117,42.44759965,0,1,11.46522674,77.76997221
118,44.61318052,0,0,11.13028510,70.19640674
119,44.67856958,0,0,13.39403444,64.56451263
120,48.48011298,0,1,8.79252023,65.05684549
121,53.21173943,0,0,10.27316259,58.62409099
122,67.69381895,0,1,7.86345843,89.12315089
123,37.46067064,0,1,11.73715517,70.07667455
124,53.22327130,0,1,8.05841237,73.64755811
125,61.49341775,0,1,10.00709997,81.70088278
126,54.96199567,0,1,9.27417826,71.27895418
127,68.14619472,1,0,14.39472520,75.46776013
128,71.94244529,0,0,12.27370845,77.13408163
129,41.59214666,1,1,12.11897677,61.78861146
130,52.86513355,1,0,14.38447294,47.50087013
131,44.52345423,0,0,13.61279256,77.78124392
132,62.69599053,1,1,9.58215723,72.97108008
133,58.67884024,0,0,12.18526212,70.18182477
134,55.33230978,0,0,7.99161300,63.08711492
135,64.98644411,1,0,13.98571857,71.12285663
136,31.10186476,1,1,14.66201282,68.40301077
137,46.97870842,0,1,9.31725724,75.20870867
138,45.43461735,1,1,12.38659202,78.88956219
139,58.78074938,0,0,11.32842855,70.94625319
140,47.50929598,0,1,8.45860573,74.58071399
141,53.55002699,1,1,13.44559595,56.31830321
142,58.09950719,0,1,11.00390228,78.10664069
143,39.61945537,1,0,14.41400444,58.67489712
144,36.19806067,0,1,10.12364178,71.11099378
145,43.10093526,0,0,13.77472705,74.44067891
146,58.45206506,1,0,18.07337664,59.35621695
147,37.20716388,1,0,16.67023868,58.87285752
148,29.20421809,1,0,16.26633449,67.50236520
149,59.05500642,1,0,17.09997638,74.50908272
150,63.30032459,1,1,12.77826110,79.68116289
151,49.32521704,0,0,11.35818492,70.48767398
152,53.96428290,1,1,12.37585723,67.62082323
153,37.21580509,1,0,17.22794513,54.31423413
154,43.83479100,1,1,15.90404811,74.56958455
155,61.81410473,1,1,12.37391124,74.79783012
156,52.92162874,0,1,9.49977399,61.95704121
157,35.89145952,0,1,12.23007720,65.26816936
158,25.21889238,1,0,17.46872567,57.68580562
159,47.75746341,1,1,13.16783357,71.33735750
160,53.03929366,1,1,14.62272444,63.97799572
161,49.97946190,0,1,13.24946580,68.71816680
162,41.78278563,0,1,9.36229536,69.23533174
163,50.77284022,0,0,12.25417246,64.65376833
164,34.12755546,0,1,9.94082523,71.19621556
165,48.19284601,0,0,9.62532394,64.70757534
166,44.01796241,1,0,13.09856866,70.26996411
167,44.74681727,1,1,12.22509998,66.06242391
168,63.26025549,0,0,8.54635872,76.93732929
169,52.29187095,1,0,14.54737177,69.72414019
170,41.95866548,1,0,15.80791176,55.15649299
171,34.99372998,0,1,12.72736838,78.31517520
172,40.40837334,0,1,11.40144798,62.38530787
173,77.50620395,0,0,10.34293201,83.06512531
174,55.70152560,1,0,15.05828765,81.25739294
175,46.45346197,0,0,10.76930716,63.95648199
176,40.34445667,0,0,9.82899485,69.82776190
177,40.66311877,1,0,16.50200843,61.16489103
178,57.13726175,1,1,12.50046730,64.62531562
179,60.19334998,0,1,9.89671301,76.55026362
180,45.77446092,0,1,9.08282427,65.95619277
181,50.50830139,1,0,14.25104671,75.31944339
182,42.48479295,1,1,13.07933678,59.08928583
183,40.76003220,0,1,10.56760088,65.26130672
184,37.29741801,1,1,14.38105208,57.49582294
185,49.50070667,0,0,12.41852279,71.59789350
186,65.13015890,0,1,11.04345364,86.58377431
187,42.80929369,0,0,15.83674942,66.53372153
188,50.04396699,0,1,7.14076678,72.65814346
189,47.96074175,0,1,10.45520161,83.17946302
190,36.74442196,0,1,7.94250744,65.02840308
191,51.40813664,0,1,9.80070075,70.19346167
192,58.33815691,0,0,10.48911349,64.82287208
193,50.38068576,0,1,10.96722425,74.24525484
194,33.40582904,0,0,13.98364238,76.52011966
195,62.58980192,1,0,12.32693963,61.10946389
196,41.28884475,1,1,12.35932474,56.31673400
197,41.34499278,0,1,7.49823060,71.15977835
198,37.57695574,1,1,15.21077485,63.67715784
199,46.06868296,0,0,13.07699311,70.11084262
200,66.68810999,0,0,11.12655820,63.33508539
201,54.35027311,1,1,15.98164643,75.99531197
202,52.95912929,0,1,11.44587224,76.84201316
203,68.30820936,1,0,13.77477493,63.79586307
204,54.56309011,0,1,5.55476918,78.61843957
205,52.03089351,1,1,11.48795620,74.98040830
206,47.79884154,1,1,14.17715397,65.60305489
207,58.04511024,1,0,14.24158596,65.47369530
208,45.88538354,0,1,11.70402548,71.00176541
209,38.14040770,1,0,16.68487074,56.32159083
210,61.82692405,1,1,10.91825574,68.32443639
211,36.42160170,1,0,14.18936750,43.73852536
212,53.92897115,1,1,12.52004486,62.21014312
213,56.20761735,0,0,11.48240406,80.93016567
214,43.15625528,1,0,15.19667210,69.27925799
215,46.49511667,0,0,11.12351285,77.11074838
216,67.14963305,0,0,8.99712107,83.01353160
217,47.02259401,1,0,17.01061980,73.45458719
218,53.07467144,1,0,12.53916548,65.55338719
219,49.11280425,0,1,11.20624526,73.65977801
220,79.76880870,0,0,8.24356185,82.37909632
221,54.96742399,0,0,11.68870450,72.56799666
222,35.81845354,1,0,18.05863171,64.10870140
223,62.14521271,0,0,9.57949222,70.60066714
224,62.61743293,0,1,7.03932457,80.69233707
225,43.23635293,1,1,13.65250557,70.08363013
226,62.37259956,1,0,15.01457239,76.00766975
227,33.32683400,0,0,13.96739762,59.08534443
228,49.89716082,1,1,15.53900330,61.44039431
229,35.71110333,1,0,14.32092139,60.78231054
230,48.14329267,0,0,11.38250934,66.93457799
231,71.13227003,0,0,8.74792972,76.58858990
232,62.25602592,0,0,9.99077985,63.91828628
233,64.07169697,0,0,7.85738740,80.75373414
234,72.90328876,1,1,13.21626153,75.41295717
235,51.98256881,0,1,11.54437669,77.90902613
236,56.35423497,0,0,14.40863885,79.18628941
237,65.31981036,0,0,10.32128109,70.81207258
238,52.66584726,1,0,14.84344353,66.70197081
239,48.53723519,0,0,12.55376571,67.89036087
240,27.04056910,1,0,19.01075516,56.86494464
241,60.55824933,0,1,11.63123042,60.34914204
242,50.75022182,1,1,13.81978121,63.39084096
243,47.87790258,1,0,16.74503525,66.83432707
244,75.32274856,1,1,9.89741701,82.96172176
245,58.44924751,1,0,15.62277096,63.90708172
246,41.38969221,1,0,13.36363565,60.97976920
247,34.43330941,0,0,12.60004937,69.58452381
248,36.61592560,0,1,8.71375946,82.25829076
249,62.69447874,0,1,7.47714973,64.55029547
250,54.19892838,0,0,9.72483284,80.53801997
251,36.47918331,0,1,11.37870328,65.28460278
252,51.64502674,0,0,11.28577629,75.13085907
253,66.40416858,0,0,11.20972698,74.46075165
254,47.66593909,0,0,14.62921853,71.55074000
255,56.32718297,1,0,13.06332248,76.14841390
256,47.16389695,1,0,14.73220665,63.87726117
257,46.05510136,0,0,15.68737932,71.56905314
258,42.55593504,0,1,9.81037956,69.04115841
259,33.78099613,1,0,16.41794677,60.38129569
260,41.31724990,0,1,9.45162244,80.48814822
261,48.09340402,0,1,11.04334681,72.22460276
262,41.98273638,1,0,16.86883926,72.78040186
263,54.12455410,1,0,12.26991118,76.88733878
264,43.27975550,0,0,12.58905542,66.58465991
265,54.40133992,1,0,15.76147660,61.48449533
266,59.81596268,1,0,15.77059641,74.12847174
267,37.28122704,1,1,12.81240914,69.26667060
268,59.51643789,0,1,11.55527519,72.54787395
269,39.56355097,0,0,13.57583622,65.60650021
270,53.43402103,1,0,14.86006734,67.53310652
271,44.08302055,1,1,14.73420863,68.20366106
272,52.56406604,1,0,14.33478624,70.84670395
273,40.37441355,0,1,11.71492599,68.48074739
274,54.92990836,1,0,13.49354590,73.55391174
275,36.34327100,0,1,9.03607243,77.91922510
276,43.87968669,0,0,11.88310960,69.88222233
277,44.80134840,0,1,12.37583510,65.10474513
278,53.98086627,1,1,11.84271830,62.26689281
279,57.62052422,0,1,8.81597595,76.54664137
280,35.39571858,1,1,14.04736979,59.80796884
281,43.28629568,0,1,11.73367024,81.10340339
282,35.61454221,1,1,13.73719071,63.18066512
283,48.16476693,0,1,11.12619804,64.77658221
284,30.88438673,0,1,12.30826213,63.70460240
285,65.05782140,1,1,11.87258224,73.89164736
286,55.09395492,1,0,13.79909969,58.62693115
287,50.35546787,1,1,11.87939745,78.85446883
288,51.48348034,1,0,14.45242414,61.63792161
289,36.61083974,0,1,10.47914862,72.60550286
290,42.87638471,0,0,13.54604173,77.03205824
291,47.50769404,0,0,13.20341716,70.38014941
292,32.12093328,0,0,12.75132152,61.73521037
293,64.42646983,1,0,17.36810349,69.34123801
294,52.01627323,1,1,14.23613632,83.77869123
295,51.41552917,1,0,15.21554219,65.34454674
296,54.40440186,0,1,12.01159874,70.44772371
297,51.42633777,0,1,8.28627935,83.41574717
298,40.93641072,1,0,17.63835649,51.69027406
299,48.46914852,1,0,16.38376656,57.34807790
300,61.89124434,1,1,17.41684053,73.80906480
301,37.84829890,1,0,17.14736099,57.03089159
302,38.61144149,1,1,10.38114566,63.45658053
303,32.36622205,0,1,11.45561615,63.84581235
304,43.32703622,0,0,12.43844883,61.74651815
305,54.82791452,0,1,8.02763087,81.22151678
306,55.35039650,0,1,11.91546404,76.23424408
307,44.99945743,1,0,16.98527899,60.58651347
308,55.50542747,0,0,10.90703044,73.81006131
309,64.13405272,1,0,12.97055852,68.93990198
310,39.82735440,1,0,16.81259672,58.26037413
311,46.92696340,1,0,14.99541583,66.61312731
312,39.04869952,1,0,16.28773943,62.57032453
313,51.69511611,1,1,11.33666177,59.82923921
314,73.39405398,1,1,12.57324852,66.40791068
315,36.19827328,0,0,14.73698961,65.85982936
316,45.16059723,1,0,17.47467490,70.69311537
317,40.85601139,1,0,18.12771440,58.84817348
318,38.34196871,1,1,13.66634570,65.08774994
319,56.46469595,1,0,11.42140983,68.68463788
320,58.55097124,0,1,6.11451815,71.84047938
321,60.07063622,0,1,7.63247703,78.70805862
322,56.25653301,0,0,11.94354643,82.92646042
323,70.58466961,1,0,11.44505259,73.75441319
324,60.04886336,1,1,12.48181868,74.84580984
325,54.19302400,0,0,7.78314434,72.54791013
326,67.63690271,0,0,9.62041865,75.93166935
327,47.58475636,0,0,9.83182188,77.11880142
328,65.66154321,0,1,10.71955537,81.75325793
329,46.10732073,0,0,12.77990054,71.32556948
330,44.75773457,0,1,8.80911409,62.01099335
331,43.11720278,1,1,12.27712369,61.51314758
332,34.98741285,0,0,15.78303340,61.03758728
333,64.81653951,0,1,10.84095966,83.90068638
334,51.72412608,1,0,13.74869562,71.09157942
335,44.43611113,0,0,12.73979470,69.50455380
336,53.61960871,1,1,11.31572683,66.52612688
337,50.42218423,1,1,12.04887323,63.72108752
338,59.31637026,0,1,11.75941538,79.51025580
339,62.52863411,1,0,12.84845286,69.12116539
340,41.00100124,1,1,11.92742769,62.70571330
341,62.29387519,1,0,14.27312831,64.48097998
342,45.25951559,1,0,14.91355062,60.59880037
343,37.49611954,0,0,15.52533529,67.06137109
344,48.95754709,1,0,12.19841991,67.64543578
345,40.47170767,0,1,11.14886254,72.26572478
346,63.09138266,0,0,11.42948444,81.64813968
347,52.29646464,0,0,10.99024368,78.79070915
348,65.75771237,0,1,8.07842269,84.80973898
349,43.60485928,1,1,15.16038829,75.47180822
350,27.58886775,1,0,16.35026612,55.46352990
351,66.92943263,1,1,8.30362304,75.64443546
352,33.10792290,1,1,13.01488138,65.11310496
353,28.80773738,1,0,16.18888999,53.88275031
354,49.35012581,1,1,11.55068355,67.79128509
355,49.78347537,0,0,12.06270156,80.86702452
356,52.65835516,1,1,12.82948152,77.83212271
357,54.65191410,0,0,11.80062688,61.63083224
358,38.25381358,1,0,16.19581667,66.20507599
359,58.03799316,1,1,15.32689994,69.08896654
360,51.36183093,0,0,12.52972105,63.42569370
361,38.32786683,0,1,9.11563506,72.58899525
362,32.00101898,1,0,20.06273532,51.01254271
363,51.02907170,1,1,14.45654884,70.53096704
364,42.90239686,1,1,11.88640391,58.41788437
365,64.64762878,0,0,10.91153099,72.45123752
366,65.46881195,1,1,10.76335466,66.54199937
367,56.50768293,1,1,12.73843080,74.07853294
368,31.08488358,0,0,15.67159684,62.51233775
369,47.47541938,0,1,11.58646338,81.56913043
370,63.57466363,0,1,8.54558871,73.42660680
371,34.16559134,0,0,12.88940548,60.39718632
372,53.91764593,0,0,10.86018284,60.91631329
373,50.70277605,1,1,13.27624174,78.82939294
374,65.41628186,1,1,13.25658378,65.88912928
375,48.80038232,1,1,12.80522967,62.76929410
376,52.31041666,1,0,13.93759199,61.49712340
377,73.76780589,1,1,9.88374485,70.07522898
378,47.73743062,1,1,15.60943587,55.48665661
379,48.69984181,0,1,8.90124851,74.56228390
380,40.79781300,0,1,8.99302390,70.74834097
381,34.43541154,0,0,13.72802854,59.17791801
382,59.93763837,0,0,11.43491040,70.34037003
383,56.70814962,0,1,9.19436696,81.05741957
384,43.73791024,0,1,10.33259941,65.87301028
385,34.26209807,1,0,14.57772623,42.99415306
386,56.18702263,1,0,16.79357331,65.52240066
387,28.78346969,0,0,16.58063197,65.30332988
388,57.19630268,0,0,10.72144081,71.52034485
389,39.83934425,1,0,15.04952283,59.14824214
390,49.87575375,1,1,12.28331761,72.84151270
391,43.38702579,1,1,12.11917058,53.59150377
392,44.05570497,1,1,14.01901549,66.67092477
393,46.60534066,0,0,10.32534250,56.96469532
394,64.79734999,1,1,12.08429975,67.27216360
395,45.25464862,1,0,13.10281751,73.63241173
396,54.99495058,1,1,11.18204811,68.27610371
397,44.83481879,1,1,13.01934099,74.36413959
398,47.10979579,0,0,11.49652078,65.43734790
399,39.21289438,0,1,10.00767412,66.73192776
400,52.44576918,0,1,7.63815774,75.51583921
401,55.07571844,0,1,7.94686349,78.15366972
402,58.38401763,0,1,11.31870107,75.47995223
403,34.86306675,1,0,15.07731809,60.87073895
404,27.67994597,0,0,10.89743812,61.59009624
405,45.89227307,0,1,9.38423135,70.25083886
406,44.16277937,1,1,13.75113899,70.62678839
407,37.75114217,1,1,13.38672767,69.38704701
408,50.63077439,1,1,12.26578368,73.19265284
409,34.21930497,1,0,15.84078943,60.77185785
410,43.71401056,0,0,12.42328014,67.14955647
411,53.61942617,0,0,12.13070081,58.52763044
412,44.75813990,0,1,12.35440656,74.64594483
413,23.80389729,1,0,16.74521529,57.46237183
414,26.03756627,0,1,13.15408004,62.29977384
415,51.24977759,0,1,11.72017364,79.76184879
416,42.02274963,0,0,12.54351946,64.67057283
417,39.95286429,1,0,15.42279674,61.89999508
418,59.78546889,1,0,14.10828893,61.96222085
419,65.44307050,1,1,11.27841137,67.61699751
420,40.50230337,0,1,12.21029066,62.66409029
421,50.01234694,0,1,8.94870398,65.98636445
422,50.39781919,1,0,15.97340456,67.33790915
423,58.98398160,0,1,8.81901070,78.73596769
424,54.22132855,0,1,6.47741392,69.83471478
425,37.00751289,1,1,16.54251858,65.10389297
426,47.84397935,0,0,13.70993456,60.74561803
427,54.88693999,0,1,8.17179956,87.09885117
428,49.27515362,0,0,12.77206332,69.41383779
429,45.86965907,1,0,14.46845210,65.95105595
430,64.98551327,0,1,12.62783566,95.84736114
431,49.12776771,0,0,10.66485160,60.24470619
432,62.72879949,0,1,8.52958224,76.69772960
433,49.18350534,0,0,13.59541053,73.90268662
434,55.25520954,1,0,12.86640207,67.16033643
435,41.34115870,0,0,14.46566459,58.61257458
436,43.93284180,1,0,15.88366573,55.96737305
437,58.34558267,1,0,15.23767620,76.70436437
438,49.28678040,0,1,9.13400586,78.28183157
439,50.35319504,0,1,9.55291949,77.29214521
440,56.70533908,1,1,10.88915587,73.09072942
441,50.91521840,1,1,12.72073221,67.23382361
442,37.14922534,0,0,13.04278302,65.40997776
443,51.19161097,1,0,16.92471571,53.82670217
444,32.49530799,1,0,16.07556437,44.81244941
445,50.11451050,1,1,15.19062618,66.76169403
446,41.20687976,0,0,16.92893433,69.50871636
447,48.55048839,1,1,12.17391508,65.00001031
448,53.96876840,0,0,9.62280225,76.70837428
449,49.61374175,1,1,13.39053886,74.67550531
450,47.06968921,1,1,12.93837041,63.36782283
451,54.82568552,0,0,11.38842781,73.74528751
452,55.52227566,1,0,16.58462709,71.08644083
453,51.63809941,0,0,11.17772332,79.64794878
454,46.50743978,0,1,12.11136352,74.56326949
455,54.82542793,0,1,9.71532392,82.64642340
456,65.21675095,0,0,11.87474314,79.66520469
457,58.97832510,1,1,8.24827176,63.51045747
458,57.53755351,1,0,15.35653005,75.97128427
459,57.92086448,1,0,15.16914941,69.39381276
460,46.74474299,1,0,15.31902414,60.64710360
461,47.70607638,0,1,9.70269066,68.89286369
462,48.12975043,0,0,11.55968910,74.79269561
463,46.66910079,1,1,14.49608251,71.28599773
464,38.69605590,1,0,14.40475225,65.15150898
465,51.94251743,0,1,10.59951618,70.82160837
466,41.82854273,1,1,12.00208198,66.49225005
467,67.71002346,1,1,13.86346921,80.44896375
468,48.45561571,0,1,10.27144711,82.04640392
469,50.21443783,1,0,14.90380244,68.47298104
470,72.78767996,0,1,9.71481197,77.88295720
471,70.59047302,0,0,12.50092910,78.59670998
472,63.39869916,0,1,9.94368319,77.83322272
473,54.62090662,0,0,11.85520639,74.58695119
474,37.34384236,0,0,13.76540827,59.33582088
475,42.58363244,0,1,8.32532806,76.83929246
476,43.40385678,1,0,12.56835422,68.40625383
477,44.75776632,1,0,14.99730937,65.50523287
478,38.24967642,0,1,9.31525024,63.20095185
479,70.22839246,1,0,13.43431574,81.05293645
480,39.09586406,0,0,14.76436163,70.08371621
481,58.43834590,0,0,11.76559438,68.36724182
482,79.08001865,1,0,12.71658316,79.09176143
483,45.07077660,0,0,12.17446073,77.98932026
484,36.54758002,0,0,14.06320199,65.04805998
485,46.08381570,0,0,12.43602929,69.68053630
486,66.51620804,1,0,13.37606071,73.34221467
487,38.17380598,0,1,9.72481213,71.92174476
488,54.88527600,0,1,10.85964081,80.69147559
489,57.66340631,1,1,12.70425769,72.63887382
490,47.45101761,1,1,12.78332095,69.77822593
491,47.37015945,1,0,15.78709467,67.39770779
492,44.25227885,1,0,14.09873833,57.71633526
493,37.42262447,1,0,16.55294181,54.49769744
494,62.03670438,0,1,9.06188638,66.69524662
495,48.73391128,1,0,15.77654810,65.48488949
496,47.79773243,0,1,12.70803946,63.48076945
497,41.55232996,0,1,10.17300633,66.63878906
498,39.38871071,0,0,12.54696407,70.91366346
499,51.32154807,1,0,14.19342127,64.09105120
500,37.08657854,1,0,14.13036662,58.12862659
501,32.18100797,1,1,15.73227392,56.60914376
502,57.29785349,1,1,10.32603626,80.76325740
503,69.70201856,1,0,15.46183963,72.55316508
504,38.46254558,0,0,15.89680905,74.23603400
505,48.31954679,1,0,13.27220065,55.01090622
506,59.32644953,1,1,11.19316817,71.97343238
507,51.34139829,1,0,16.99451320,61.22353760
508,47.21279363,0,1,9.44364467,62.20887554
509,48.20546946,0,1,12.17906197,68.53646357
510,58.05150637,0,0,11.34089199,73.96933568
511,64.02879436,0,0,9.34752141,74.42873571
512,58.55018922,0,1,7.47947738,70.51040821
513,52.04750720,1,0,14.50039787,64.76927882
514,55.58032555,0,0,13.18242786,82.29866969
515,56.83735835,0,1,10.58163471,69.94054728
516,60.47239416,0,0,11.46804674,74.16758461
517,45.99111617,1,0,15.19788791,68.56532299
518,44.21267928,0,1,11.04032952,69.05352620
519,51.17854548,0,0,10.21062413,77.42719308
520,37.61318371,0,1,10.36005780,69.57668495
521,43.70185056,0,0,11.17782478,75.90299160
522,58.47484195,0,1,8.50240329,81.80578640
523,63.44096581,0,1,8.74661541,83.60905694
524,39.17709877,0,1,10.23052265,71.80366964
525,40.26364313,0,0,12.68655518,67.91943046
526,53.40720156,1,1,9.82424380,81.71039510
527,51.44179013,1,0,13.57237098,68.85772928
528,55.82513049,1,0,12.60531024,79.40767745
529,41.96588066,0,0,14.97627878,72.24725204
530,45.55454896,1,1,15.12081002,66.50073561
531,35.71355979,0,1,7.43604859,74.06113290
532,46.93809089,1,1,9.40576673,67.72463954
533,66.40200480,1,1,10.52670511,67.69584732
534,37.40534389,1,0,14.68111776,52.68500669
535,45.31538671,0,0,13.50433674,74.07014233
536,59.42708275,0,0,10.66673953,79.38847987
537,46.93417776,1,0,13.08738080,63.81153683
538,49.05342930,0,0,12.47610448,67.97053313
539,36.94470994,1,0,16.80769373,56.29852218
540,56.62587327,0,1,5.90959718,71.60285715
541,66.37714079,0,1,9.62638540,67.81137815
542,41.28030030,1,1,13.50183202,50.10750464
543,48.20122755,1,1,15.56795134,66.94065662
544,36.76767369,1,1,12.77134589,60.99684288
545,50.25930523,1,0,12.96982993,71.71037597
546,48.48796032,0,0,10.77294639,74.79112953
547,49.68320910,0,0,11.89738027,68.26272236
548,57.63032031,0,0,12.37166164,73.56408395
549,49.80193072,1,1,14.80763995,71.44754242
550,53.71554280,1,0,14.44197224,64.04183237
551,52.44219579,1,0,14.29123933,59.26254711
552,49.21788346,0,1,8.96130990,74.97916177
553,45.14691006,1,0,15.46395357,68.96058557
554,50.76753053,0,1,10.60220513,74.53927950
555,58.39926344,0,1,7.66186161,85.93562555
556,48.09772857,0,1,11.74768148,78.26960335
557,54.74841908,0,0,11.42991282,82.47867730
558,38.59163755,1,1,16.17330984,71.18246054
559,58.59959484,0,0,10.77070736,66.90237420
560,57.61879741,1,1,12.94579556,72.74527107
561,36.52733867,1,1,12.79461693,62.73881620
562,37.55405322,1,1,11.96522080,59.74764380
563,50.05342339,1,0,16.12014083,66.80878167
564,61.36759032,0,1,8.40176766,68.77382191
565,68.17761938,1,0,12.60249857,73.00784610
566,56.91672345,0,0,9.65955173,65.72817360
567,61.11122141,0,1,9.98027978,70.58491154
568,61.78494360,1,0,14.30084374,72.52393989
569,51.36924128,1,0,13.42999536,62.89702150
570,45.84707108,1,1,13.00560739,54.69195396
571,58.73482457,0,0,11.23884852,73.18441823
572,35.20822482,0,1,10.68767383,65.49874867
573,33.29838522,0,0,11.56545909,57.67014627
574,31.71448982,0,0,13.98769463,65.18917001
575,63.34537549,0,1,9.52914559,79.07397897
576,47.16611411,1,1,12.25139664,65.67798573
577,58.48819927,1,1,9.10550501,64.79033678
578,44.50178457,0,0,14.63350268,65.90518197
579,53.28836648,0,1,10.21967066,70.70959745
580,48.63780068,1,1,13.02396175,67.13389770
581,49.24813301,0,0,9.58045005,68.36054486
582,40.51375029,1,0,16.25772659,55.24719912
583,58.05708534,1,1,11.28727795,66.28757955
584,54.32787080,1,1,10.77862373,74.08443123
585,44.50113516,0,0,13.94644029,72.19754484
586,60.39357702,0,1,7.08982086,71.00388144
587,38.97637548,1,0,16.33397811,46.92455801
588,54.21573840,1,1,10.93053671,66.11722966
589,64.86399613,1,0,13.01419117,76.80444383
590,44.29903298,0,0,9.83299238,74.45325108
591,56.87806042,0,0,11.00388420,76.23222823
592,44.91065381,0,1,9.78936739,75.73828634
593,45.29394827,1,1,12.92080844,66.18136840
594,40.52849614,0,0,12.58998236,63.73838884
595,43.55321186,0,1,9.74556668,73.72522914
596,51.34349305,1,0,12.91617156,64.51732643
597,32.40605311,0,1,11.07218285,71.75521947
598,51.74396689,0,0,13.03022416,62.82121138
599,64.35284378,0,0,10.17848497,79.13195092
600,53.89056230,1,1,10.42866674,72.02940857
601,57.08060781,1,0,15.90958235,75.19888674
602,58.98824189,0,0,12.28571840,80.76984601
603,32.64501049,1,1,13.27441682,56.79730446
604,53.03237675,0,0,11.60359375,71.70174002
605,57.50822112,0,1,9.41507138,65.54078154
606,55.80369466,1,1,15.17428648,73.48427811
607,58.81665510,0,1,8.48833676,80.99419413
608,53.37702499,1,1,12.68412490,70.26218148
609,51.45695055,0,0,13.62131033,72.82762793
610,46.97033684,0,0,10.90004407,57.05616482
611,55.94013483,1,1,13.90966037,78.48285243
612,71.90396062,1,0,14.96690050,73.15445759
613,47.14153375,0,0,10.48545877,65.96176789
614,35.29331345,0,1,9.42327364,71.73257952
615,51.97406413,1,1,13.40512381,62.24058068
616,39.63102175,0,1,7.94597271,58.29279318
617,61.45614612,0,1,6.14307058,75.92573393
618,49.35649673,0,0,13.19752404,64.91386423
619,52.00579702,1,1,12.84660092,72.53425307
620,45.44119023,0,0,12.39379062,65.14467577
621,46.81508092,1,1,13.26790969,61.11325193
622,34.38284432,1,1,14.20652370,47.58818580
623,53.60965226,1,1,10.28914864,65.73205771
624,40.59542147,1,0,16.44099006,63.36328790
625,45.36090386,0,1,8.88649726,70.77091827
626,55.44112636,1,1,13.49110577,84.77380742
627,51.73611195,1,1,15.17271038,69.22244964
628,54.77896555,1,0,14.31891214,61.77590367
629,61.74152142,0,1,9.76977812,72.42567194
630,31.28162628,0,1,14.03801735,60.83191952
631,58.75425125,0,0,12.81924592,83.08887607
632,35.63732228,0,0,13.12694381,70.02623852
633,48.28643390,1,1,14.90050644,72.09818873
634,36.24401497,1,0,15.57632422,62.11869988
635,45.64289635,0,0,11.82015347,71.37680940
636,44.95296598,1,0,15.69182722,75.44810364
637,51.35835812,0,1,10.07745983,73.27888397
638,63.01879616,1,1,11.73232455,81.34688485
639,38.93890841,0,1,10.85119469,76.20158967
640,45.50092462,0,0,11.88161476,62.87140662
641,45.09647697,0,1,9.73104391,76.99684306
642,53.62979802,1,1,11.55364424,69.57836222
643,48.33880793,0,1,10.73379037,64.14024844
644,46.83266482,0,0,12.14719673,75.32376032
645,55.32617050,1,0,13.55717800,78.68115078
646,66.48408103,0,1,9.11512934,79.76335075
647,47.04737222,0,0,10.28986668,71.88892207
648,53.50485453,0,0,11.74174061,65.74524930
649,32.61675759,0,0,13.97048017,65.22852675
650,59.32284304,0,0,12.16510512,70.77540379
651,36.38330502,0,0,16.34806762,68.30334555
652,41.40925095,1,0,13.58746947,62.48141046
653,32.03479018,0,1,12.90812734,59.28397288
654,54.51420507,0,1,11.22684973,70.41747028
655,26.53522181,0,0,15.87202044,63.41127219
656,57.31331484,0,0,11.59611099,78.35739608
657,56.52659431,0,0,12.75544499,66.14553062
658,60.09206869,1,0,14.66291631,72.29547880
659,66.32786775,0,0,11.38278884,68.72344998
660,53.78781827,1,0,13.41621174,72.45611433
661,47.01313114,0,1,9.55243831,71.22858417
662,41.86953178,0,0,12.15040814,73.06401728
663,64.37490218,0,1,6.75507271,83.19011565
664,47.79728046,1,0,14.33979969,65.65083865
665,60.91488240,1,1,10.98125198,71.77831670
666,54.74196898,0,0,14.75919703,77.18293711
667,70.22209264,1,1,11.90890185,79.43210921
668,56.33299146,0,0,12.56939853,71.21443691
669,71.40196600,0,1,6.76301694,79.44243232
670,54.64337118,0,0,12.68860820,67.73288666
671,58.27315177,1,0,15.42865430,73.78917673
672,57.37307025,1,1,12.48422704,78.15851372
673,54.78222401,0,1,11.09505001,72.22662037
674,36.25948629,0,0,14.24421841,74.44377538
675,54.26605062,1,0,12.43431606,70.43406070
676,54.12908234,0,1,10.03751410,70.26340654
677,50.13091880,1,1,12.20923784,63.35118333
678,47.59679621,0,1,8.00692882,74.25766318
679,51.83105100,0,1,8.90019965,73.01709574
680,54.46099695,1,0,14.93110588,65.86972434
681,66.13060116,1,0,13.48719993,76.71859797
682,44.12005300,1,1,14.75330295,57.72369449
683,42.29016929,1,1,12.70971225,66.76679094
684,35.75038195,1,1,14.27007157,62.83348618
685,47.25248620,0,1,12.93309562,85.41976518
686,41.33489498,0,1,10.06038375,76.27052238
687,69.74901016,1,0,16.01958637,77.82542250
688,56.46166703,1,0,17.36978897,77.26410583
689,32.07169050,1,0,18.34417280,64.07688968
690,77.31344184,0,0,10.21388091,87.61016488
691,30.84436442,0,0,16.49314652,60.77268859
692,40.58865766,0,1,10.04756404,81.55993996
693,60.29475047,1,0,13.82620661,62.31822121
694,66.18868523,1,1,10.22946835,72.11915795
695,51.57943902,1,0,12.59763759,74.56150830
696,57.99411326,0,1,10.94476813,89.04073981
697,50.49543006,0,0,12.43893471,80.11390897
698,40.94163951,1,0,15.87657854,57.84703167
699,49.13938946,1,1,12.04371689,62.95150718
700,39.42475329,1,0,12.78244473,63.46237043
701,75.17389768,1,1,8.92446742,84.84292638
702,41.55180378,1,0,16.12264074,65.28189764
703,52.39402885,0,1,8.70226852,82.27211587
704,45.37836532,1,1,14.02107104,66.00458428
705,51.76970826,1,1,15.96866138,71.10967432
706,51.92593556,1,1,12.69513285,57.35115632
707,57.86138889,1,0,13.38883216,61.98251592
708,63.25380922,1,1,12.97457669,67.28867988
709,50.02186480,0,0,11.10037155,78.63759268
710,41.07844363,0,0,11.41610281,69.15791092
711,36.93550807,0,0,12.88228731,54.19219054
712,46.21992636,1,1,13.51120401,67.48470744
713,36.73608006,0,0,13.60838106,60.72204368
714,56.95604357,0,1,8.73462181,70.19435103
715,41.36407688,1,0,14.58871871,65.08104390
716,67.94919210,1,0,12.38270682,68.30548735
717,39.43377905,0,1,10.26441200,67.81749541
718,46.52105825,1,0,14.33281417,66.06462682
719,49.99578835,0,0,12.16780794,68.64240544
720,60.90561830,1,0,14.82186803,64.64302232
721,67.53979780,1,0,14.10240776,69.68469440
722,52.51103624,0,1,9.67057450,73.72548870
723,51.90548822,0,1,9.47893298,59.44727802
724,31.52767423,1,1,14.15379416,53.25561497
725,49.43478164,1,1,14.14016791,72.00043625
726,34.83107117,0,1,10.79586464,79.45580494
727,51.19929066,1,1,10.73053403,76.93536367
728,54.90724339,0,1,7.20333811,80.10422737
729,56.95951861,0,1,9.80315237,88.13357075
730,59.73633262,1,1,13.46486410,71.18238488
731,65.64448935,1,0,12.32811329,71.87776572
732,40.25325657,1,0,15.79850257,60.34542974
733,46.13606129,0,1,8.13984487,66.68648086
734,45.43315336,0,0,12.71126073,69.89744511
735,59.32314382,0,0,11.16513107,70.05890006
736,37.53373341,0,1,9.96303653,68.00021902
737,42.97121632,0,0,13.26186258,61.50499229
738,66.93187676,1,0,14.23421232,61.44786789
739,50.34437555,1,0,15.25672788,63.72855707
740,53.28858902,1,1,12.99937322,77.88147029
741,43.85761268,0,1,8.90780385,71.65355856
742,55.18522621,1,1,12.31948313,70.42710505
743,38.45798296,0,1,10.86351782,74.15656736
744,46.20293408,1,0,16.18520921,62.27634441
745,34.78245853,1,1,15.88214364,60.80707814
746,60.58857490,0,0,14.16798917,69.69180221
747,43.29235947,0,1,12.18959219,73.23034773
748,41.83995644,1,1,14.91746468,60.13588816
749,49.95523045,1,1,13.82433950,73.31907483
750,54.42741417,1,0,15.12630117,77.70142316
751,42.44458680,1,0,16.57030601,64.24849218
752,58.44247672,0,1,8.22163343,68.65968356
753,42.23784390,1,1,10.99195826,66.66041492
754,54.72370229,1,0,11.66487938,65.71377419
755,50.38118745,1,1,13.24728182,68.86810471
756,55.60264349,1,1,12.58198710,70.86017523
757,35.75118532,0,0,13.60161783,70.00526216
758,50.61290072,1,0,14.57992873,64.37622605
759,44.61996408,1,0,16.70158392,64.33216862
760,47.19835522,0,0,12.84604022,63.27258341
761,60.02947788,0,0,11.92640087,67.16863199
762,37.29404348,1,1,11.12422886,62.71150986
763,49.14155280,1,0,15.14660554,64.75074191
764,38.70696766,1,1,16.56109344,70.94724251
765,56.58209505,0,0,12.78938554,64.45730056
766,40.44590806,1,1,15.74423590,70.49020154
767,62.98242447,0,0,11.13253107,72.05354306
768,58.40977171,1,0,12.13764261,66.05017019
769,49.08309564,1,0,13.99605388,64.56583189
770,50.28210256,1,0,16.36171273,63.32138930
771,46.03196478,1,0,12.38816523,57.88512070
772,46.83612396,1,1,16.13190434,74.18237993
773,57.00201159,1,1,12.64331239,72.82695978
774,53.12482442,0,1,12.55021425,65.82092399
775,62.23109670,1,1,12.89235099,71.62962988
776,59.97484601,1,0,13.45640899,64.31043113
777,51.10575891,1,1,11.75501625,66.84843615
778,38.65961842,1,0,17.72684401,56.62966480
779,50.05989059,1,1,13.18651810,73.24648141
780,57.11106366,0,1,11.95777236,68.98057395
781,42.93875480,1,0,16.87888963,75.37824832
782,51.75006406,0,0,13.16141894,83.89617162
783,38.32523340,0,1,11.14094637,63.99337887
784,39.66129142,1,0,16.41228977,67.47789134
785,57.96439231,1,0,13.63477124,68.25108984
786,39.67349360,0,0,13.02738351,72.65016300
787,51.27505803,1,0,15.59621603,74.31337824
788,38.82830947,0,1,10.66302350,63.41249582
789,59.00092952,0,1,8.81493997,82.22762799
790,51.46886336,0,1,7.63588750,71.76979015
791,36.75690631,0,1,9.08915616,68.66564082
792,47.57116129,1,1,12.76049980,69.05513014
793,47.62738090,0,1,13.12729535,83.18515821
794,54.47518507,1,1,14.87065712,71.41684116
795,39.24047859,0,0,12.43199047,63.08848481
796,51.60332858,0,1,9.43831360,75.42589024
797,50.36366087,0,1,7.33649672,78.03588079
798,50.60580601,1,0,19.04444936,68.66211525
799,48.70038086,0,0,13.61329745,62.53779623
800,34.81972243,1,1,14.96145518,60.36839516
801,56.41465430,0,0,8.12785614,57.52110310
802,42.89170532,1,0,13.20080761,71.21589733
803,41.03856361,1,1,15.96183623,56.62872632
804,36.08763570,0,1,10.88887685,69.39888138
805,61.78017931,0,1,7.79126134,83.73893037
806,32.71880196,0,0,13.58734633,68.59563771
807,49.86486288,0,0,11.08246468,71.56605415
808,50.72065878,1,0,14.96729391,62.29247180
809,49.44138768,0,1,12.35483335,66.61235879
810,43.02129907,0,0,12.12171855,61.50520380
811,49.82484368,0,1,8.12225152,72.24470289
812,38.97005796,0,1,10.28180206,74.60158413
813,51.87201299,1,0,13.10687173,56.66520756
814,47.31163764,0,1,9.28498503,74.76614669
815,42.17483590,1,1,12.46665271,69.49432192
816,44.09155965,0,1,11.23341924,72.31476701
817,65.98256025,0,1,11.68396241,85.61537567
818,64.07949159,1,0,16.40144563,65.81312289
819,46.06035126,1,0,13.82982124,55.74515113
820,62.51211552,0,1,7.59909798,81.42673644
821,46.14275536,0,0,12.40358185,78.88932039
822,53.19396917,1,0,12.72098448,64.03306474
823,53.61410174,0,0,9.30057114,74.13665631
824,49.49107548,0,0,14.50015192,69.81502232
825,51.05726542,0,0,12.56304888,67.53538617
826,58.07016309,0,0,14.44171181,70.24346066
827,52.51491221,0,1,8.59912018,76.55427366
828,50.07129341,0,1,11.68878497,85.07850227
829,46.16161673,0,1,8.46569496,68.36164399
830,37.71062937,0,1,13.51425093,64.65895107
831,45.31361599,0,1,9.72493319,73.41298074
832,78.80191077,1,1,12.41490487,73.33894835
833,38.44649704,0,0,9.66376467,58.62822685
834,54.49571442,0,0,14.14348347,76.19669206
835,35.65374094,0,0,13.88972549,70.70821599
836,69.59949729,0,1,8.54405666,70.70206988
837,52.57269582,0,0,11.22639070,68.35370976
838,57.20619314,1,0,16.51842725,63.03602300
839,34.42222189,0,1,11.50310106,72.87199357
840,44.45068419,0,1,9.26700976,78.26574374
841,58.25143976,1,0,15.34898995,78.33733204
842,42.13232943,0,1,8.90429782,84.81565270
843,52.39500547,0,0,11.52469530,67.55381874
844,53.82560457,0,0,9.59573730,67.69802058
845,57.00950000,0,1,11.80559437,67.40276727
846,56.90423874,1,0,14.77359289,69.60877942
847,22.28286044,0,1,9.85900568,57.22028878
848,61.38906098,0,1,9.24136586,83.50122245
849,39.47789027,0,0,14.38054759,67.31393476
850,39.79557684,1,0,12.71474415,57.60436279
851,42.99048729,0,0,10.98814094,64.24588498
852,51.79711203,1,0,13.72642526,73.63039531
853,58.06972947,0,0,11.25778734,72.01928714
854,42.89509385,0,0,12.28374205,66.44738766
855,56.02907905,0,0,10.57010063,74.02431108
856,55.55780479,0,1,8.05103706,71.38577279
857,39.56171843,0,1,11.56187443,62.49768369
858,45.96354231,1,0,14.42192450,58.07843345
859,60.39380235,0,1,8.30895902,84.46644556
860,59.01908586,1,0,14.84150023,61.78041408
861,80.39432909,1,0,8.85114491,78.21519418
862,43.07797591,0,1,10.43084393,71.02247487
863,39.77418674,0,0,11.17443273,71.34885763
864,58.79778944,0,0,8.94101424,77.80352011
865,56.80098823,1,1,12.57633154,74.24297117
866,39.86300963,0,1,10.78197388,66.35447862
867,51.18671755,1,0,14.64589649,63.30153796
868,53.19294360,0,0,11.00461657,72.02974188
869,54.29163191,0,1,9.43769604,71.95828668
870,42.95249798,1,1,13.02051944,67.45405484
871,43.07056156,0,1,9.20274625,65.16163128
872,47.08594379,1,1,15.67744783,75.55711694
873,47.18251427,0,1,11.85497044,81.67471705
874,45.78925695,1,1,15.67784069,64.08591292
875,47.35568265,0,1,12.88835708,66.54709920
876,46.98151966,0,0,12.52055522,70.38205557
877,58.94905091,0,0,10.17897704,75.02512665
878,23.70358785,1,1,17.12736426,52.37710748
879,57.81032046,0,1,12.34848658,70.40713458
880,40.40720602,0,0,14.45451438,73.30475261
881,44.45536449,0,1,12.41014725,71.58178675
882,42.05271844,0,0,14.24938704,68.10262023
883,54.87507728,0,0,12.16106542,62.70095751
884,40.55151002,1,0,14.83578373,70.84484086
885,61.96340289,1,1,9.04085185,77.79692775
886,26.73235887,1,0,17.60381336,55.55430396
887,58.13717829,1,1,14.31002469,69.08618916
888,67.20669845,0,1,9.78238581,75.02762163
889,54.28742749,0,1,9.03456807,74.16429983
890,46.20557887,1,1,13.95198756,73.79186904
891,46.49793911,1,0,14.67247728,69.92054755
892,60.24793166,0,0,11.12591419,69.07104750
893,54.55006120,0,1,8.79809505,71.67463445
894,57.29740729,1,1,12.07341200,70.11582183
895,44.61394445,0,1,12.72107867,67.45325902
896,49.16007743,0,1,9.31146649,79.78675866
897,41.63323755,0,1,10.68327643,67.24028191
898,38.92841836,1,1,13.74710589,58.30635687
899,39.81766534,0,1,8.67812021,66.41537850
900,36.02833552,0,0,15.21110066,62.28158080
901,34.92690159,0,1,10.56297495,76.21123980
902,50.11308237,0,1,11.01041311,70.89804875
903,40.70241627,0,1,10.22131956,74.84203063
904,55.02562846,0,0,13.42489002,69.29209757
905,52.60326650,0,1,9.40981540,83.16262047
906,58.65546053,1,1,12.61115065,68.30876110
907,25.73558880,1,1,15.86389541,64.76359551
908,49.28045798,1,0,14.86539417,63.33688161
909,55.97513864,1,1,12.92943667,75.27056090
910,64.61450352,1,1,12.30130535,67.55256633
911,53.45977479,0,0,11.25074142,70.76869931
912,30.78754063,0,0,12.84884674,65.91072209
913,39.40281761,1,0,14.70173739,57.55800224
914,52.46563115,0,1,10.11373215,74.21186407
915,43.14873076,0,0,12.32060509,68.35578343
916,41.98989388,0,1,11.27784055,71.97737166
917,45.37771671,1,0,18.89056042,69.70219343
918,48.20685826,0,1,10.31111873,82.09851514
919,67.26679394,0,0,11.90485769,64.24299356
920,53.03158670,0,1,8.47643484,80.30800340
921,50.30510745,1,1,11.21307870,74.33404811
922,43.70662141,1,1,14.17489482,67.03550182
923,40.40088795,0,0,13.34759720,56.72203761
924,40.43061075,0,1,10.25583607,63.18252120
925,65.08932157,0,0,11.36012718,72.25631058
926,45.62752582,1,0,15.60814933,66.12022667
927,44.33497838,0,0,10.94763410,72.10170920
928,47.30901010,1,1,16.05751056,71.20136220
929,36.42224807,0,0,12.73601602,70.42749239
930,40.20805548,1,0,15.53730385,65.09087981
931,58.27914232,1,1,12.25821415,80.15205849
932,53.16355077,1,1,9.99576593,69.79452579
933,46.59793002,1,1,13.39208005,62.97969554
934,53.86071350,0,1,8.99613640,77.17384101
935,45.71806305,1,1,12.27676960,68.86500941
936,40.52414699,0,1,14.01247940,69.42378582
937,34.63230419,0,0,10.77774696,65.53430502
938,41.15739744,1,0,14.17071014,68.66235907
939,41.78041869,1,0,17.91015272,63.57851715
940,52.03003657,1,0,16.81777024,72.03093891
941,52.65166246,1,0,14.28593527,63.51278329
942,52.35061945,0,1,11.86454270,69.16337736
943,53.71928015,0,1,10.75110101,76.88762777
944,55.29644251,1,1,12.50466171,75.25593458
945,55.07869037,1,0,15.80968566,48.73518641
946,57.05154438,0,1,9.56975402,68.35709884
947,59.83121860,0,0,8.75375189,70.08640052
948,42.13382167,0,1,10.63317000,77.36686588
949,46.46882800,1,1,12.56768160,59.34330452
950,55.76433201,1,1,12.66901059,76.38911071
951,40.71669571,1,0,15.23181887,59.01864188
952,50.12815673,0,0,13.75097659,68.76278465
953,43.99411393,1,0,12.46116377,72.15615429
954,38.89132565,0,0,11.87645256,70.15421271
955,55.72430454,0,1,9.44148514,74.34700618
956,73.15409986,0,1,8.70348629,92.50169725
957,43.05329149,1,1,15.00133080,79.28791060
958,63.57198020,1,1,11.28994440,71.41236912
959,55.33576704,0,0,9.95104160,71.22866841
960,59.60189971,1,1,11.85296911,72.29384045
961,52.78039236,0,0,12.06011469,74.36367957
962,31.46856769,0,1,8.78368149,71.72554732
963,45.86187650,1,0,15.87916332,60.39230092
964,32.08616566,1,1,17.30176777,52.29336432
965,50.52003167,1,0,15.00932591,56.49650339
966,44.55155205,0,1,10.57159522,68.79699294
967,46.92193499,1,1,15.04981988,65.42304428
968,55.99381181,0,0,10.91101979,75.11061201
969,48.10749247,0,0,11.79043448,76.50586305
970,45.53237590,1,0,15.76126126,66.35559436
971,62.62101876,1,0,15.07390197,59.14737091
972,45.98507973,0,1,10.48944291,73.24413259
973,56.90891725,1,0,13.76537645,72.62136560
974,62.33251540,0,0,10.36124715,86.83968584
975,51.54768647,1,1,15.19017911,73.88946175
976,51.88710414,1,0,14.87397976,64.85938293
977,57.65761199,0,0,12.64104668,70.80579478
978,49.39663147,1,1,11.60234404,59.72493060
979,67.02202141,1,1,13.81481261,84.71769089
980,47.00987729,1,0,15.62862329,56.46958596
981,43.51511207,0,0,14.29943550,69.01509932
982,56.02589806,1,1,11.84153274,66.44455929
983,51.01455068,1,0,15.89095871,64.06977209
984,47.33704003,1,0,15.63699220,69.93662194
985,65.54353425,1,1,10.99331649,75.54744135
986,43.99855614,1,0,18.60320699,56.16720400
987,35.76690896,0,0,12.52810161,66.26365984
988,50.96259067,0,1,8.44257390,78.52325428
989,44.01506798,1,1,12.41002997,56.79696115
990,62.85843034,0,1,8.33781212,82.23619963
991,36.15748917,1,0,15.99397549,60.13285253
992,26.91026825,0,1,11.28118117,64.09028733
993,61.20786660,1,1,11.60035636,74.01438560
994,46.56556712,0,0,13.92475855,69.01166169
995,70.01450968,1,0,16.06085838,69.84896208
996,45.87356780,0,1,9.56894612,83.46385252
997,55.17208964,0,1,9.29290204,86.48957391
998,49.20266025,1,1,13.14312012,58.00265946
999,52.34943341,0,0,11.31057716,74.27888450
1000,44.58179060,0,0,12.10813584,59.84126998
1001,40.14567990,1,0,13.70329704,47.06649528
1002,52.09449308,1,1,10.02142534,73.09487400
1003,49.08070491,0,1,11.79900067,74.77465939
1004,59.78915299,0,1,8.48677535,87.33367610
1005,42.40738339,0,0,12.12864653,66.07058150
1006,63.44583910,1,0,13.88349769,64.28427416
1007,55.54693086,1,0,12.94394760,65.70218227
1008,48.11510070,0,1,9.13436434,75.23395421
1009,54.63907283,1,0,15.33079419,72.38647104
1010,52.55642322,1,0,16.55125531,69.35149524
1011,40.41563089,1,1,12.86161823,66.84658268
1012,67.34022568,0,0,10.73903613,85.49767777
1013,53.88541769,0,1,11.40037286,74.07059671
1014,45.95797302,1,0,14.43607034,56.71102982
1015,37.30446840,1,1,13.81427892,64.32168202
1016,47.51557955,0,1,7.83629733,63.76693280
1017,48.98847658,1,1,17.23348026,84.00670763
1018,67.00187057,1,1,14.25242837,71.90071590
1019,62.81753734,0,0,11.95229145,70.26255467
1020,41.93280413,1,1,11.68696283,61.50452740
1021,57.74981558,1,0,15.57835381,74.12807468
1022,45.32997542,1,0,15.36901234,59.31428638
1023,63.16865384,1,1,13.62164826,71.80184298
1024,55.55016962,0,1,8.93646288,79.79472489
1025,44.37029265,1,0,16.77456151,62.03702538
1026,51.96413430,1,1,10.99523656,73.45017186
1027,62.27838314,1,1,14.82959246,60.03152842
1028,46.47147492,0,0,12.81146127,67.14910661
1029,47.45776887,1,1,11.79505148,64.22444558
1030,27.55458399,1,0,18.16647781,52.97630961
1031,57.12138840,1,0,16.83677768,65.00666065
1032,49.89630392,0,0,9.33971181,60.25553205
1033,64.61111057,0,1,10.74756017,92.00867828
1034,50.60996164,0,1,11.23270873,76.64935787
1035,58.70351816,1,1,12.58287799,77.81953987
1036,41.44426333,0,0,11.74128992,57.87442060
1037,39.70124059,1,1,13.66530757,70.78207407
1038,59.46097512,0,1,6.45361989,75.79725951
1039,41.71879165,0,1,11.74953405,71.25577445
1040,48.64946562,0,1,6.20619097,77.31551636
1041,44.53715216,0,1,9.88310926,60.24885702
1042,62.37063574,1,1,12.30080598,68.15680013
1043,45.24842112,0,1,7.88687141,71.55440055
1044,64.27759866,0,1,8.55755750,82.42436473
1045,38.75208997,1,0,16.70839500,69.37026916
1046,48.59966315,1,0,17.20499092,69.38443357
1047,56.63862890,1,1,11.15415827,78.79809439
1048,53.48899220,0,1,7.14016739,70.32840902
1049,47.70028131,0,1,10.15585579,65.60676589
1050,43.35904292,0,0,13.50169697,59.66550344
1051,34.32424691,1,0,16.11689057,67.77914338
1052,54.46575282,0,1,10.53156210,80.55713711
1053,65.76856151,0,1,11.13658735,74.52361131
1054,61.22591440,0,1,9.11662576,65.75047948
1055,40.47662645,1,0,17.84971245,59.33604561
1056,40.86015311,0,0,10.52535138,68.70246985
1057,53.49888743,0,0,13.48548683,68.92472285
1058,36.07401046,0,1,8.16271776,71.25318637
1059,54.76680135,1,1,10.49265579,70.13255146
1060,43.17130208,0,1,12.37339854,81.65999333
1061,42.66861366,0,0,10.38471370,72.65490486
1062,45.03409914,0,0,12.49985894,66.89026017
1063,52.50885054,1,1,14.55086046,66.95723504
1064,41.26999113,0,0,10.02354391,67.76112087
1065,36.97406727,0,1,7.02565081,57.11658777
1066,44.17951678,1,1,12.83151521,66.64574357
1067,61.20251305,0,0,9.70174657,82.27473953
1068,46.90154554,1,0,18.63507845,53.20869778
1069,22.43177626,0,1,9.43754246,66.33840619
1070,54.44037320,0,0,11.63604594,62.91524689
1071,57.16735266,0,1,10.90100282,78.77662034
1072,46.30768015,1,1,15.64078967,58.73139050
1073,60.41356697,0,0,10.27024419,67.35769590
1074,63.51219001,1,0,12.80788467,59.57273065
1075,34.44047037,0,1,12.88303861,67.32166884
1076,40.22809801,0,1,15.21016018,66.48657165
1077,66.23820722,0,1,9.66440398,90.05314070
1078,58.59962824,0,0,11.31491782,85.04495644
1079,55.04112018,0,1,9.49779216,83.78560364
1080,41.69571872,1,1,15.37810727,58.13376706
1081,44.13343959,0,1,12.75894513,66.10968424
1082,37.90837686,0,1,10.78742911,64.45520413
1083,34.13735928,1,0,16.68992644,50.55987852
1084,50.35465696,1,1,11.75904968,76.03002329
1085,59.06405838,1,0,18.29930109,72.36641730
1086,32.11784110,0,1,11.19915106,64.18286769
1087,53.88418515,0,1,5.39176006,60.14908431
1088,63.96442456,0,0,10.75711917,69.05941314
1089,63.63845021,0,1,11.50700899,86.21401003
1090,47.77532707,0,1,8.79366265,69.42954177
1091,57.39341391,0,0,11.47861506,71.40556312
1092,44.87286715,1,0,15.98204893,65.59102685
1093,33.45443169,0,0,15.15411305,69.45239817
1094,51.73414886,0,1,11.53565828,65.87946856
1095,36.00238131,1,0,15.67525827,69.25007244
1096,48.16470704,1,0,17.48721592,65.08817512
1097,66.30675841,1,1,11.68786813,72.96855240
1098,38.34826075,0,1,13.40690434,72.00601119
1099,51.60160119,1,1,13.35526639,73.48151841
1100,35.82028540,0,0,13.71625134,59.60739621
1101,53.75472104,0,0,12.09358285,66.25174246
1102,37.25154091,0,0,11.41169981,58.96829773
1103,74.59497782,1,0,13.62279248,81.77014631
1104,66.80895360,0,0,11.18645503,77.07955948
1105,39.92519239,1,0,15.83573028,55.89101659
1106,60.33562685,0,0,13.24966593,78.73226197
1107,57.29173478,1,1,16.02327948,70.38422557
1108,55.20972579,0,0,12.60486933,62.24626364
1109,51.75510819,0,1,11.04249437,73.80921851
1110,53.46861598,1,1,9.36465437,67.94401138
1111,49.80991984,0,0,12.35495575,72.33362748
1112,53.08301003,0,1,8.29791761,73.97917518
1113,41.38388517,0,1,9.69589330,72.55135450
1114,70.44631758,0,0,9.57916228,79.25644793
1115,44.17693873,0,1,11.11003945,66.49864101
1116,74.90899950,1,1,11.09361703,70.81869167
1117,42.53411873,0,0,11.20439734,61.34809469
1118,48.08685514,0,1,13.39478040,70.58863767
1119,43.27091672,1,1,14.66029136,66.22838946
1120,52.38677706,0,1,12.00134966,75.65348150
1121,48.31400266,1,0,14.43247155,57.59890538
1122,53.13704959,0,1,10.93159054,68.35442613
1123,41.02674079,1,1,10.58233711,75.15606619
1124,58.68130140,0,0,10.05420128,77.31538322
1125,37.81314753,0,1,9.96456446,65.97451145
1126,55.96335024,1,0,15.45255332,67.30482820
1127,35.53137102,1,1,13.38814777,62.94897330
1128,29.83117154,0,1,12.34452226,61.14422086
1129,49.62514162,0,1,9.09283287,66.68731724
1130,57.20032657,1,1,11.47997164,81.31765173
1131,43.67154663,0,1,10.50637665,57.32566246
1132,58.17284640,1,0,14.21247134,58.37931204
1133,68.53917152,1,1,12.84565594,80.99267022
1134,41.16640109,1,1,13.54804326,65.93106216
1135,45.90768559,0,1,10.11679410,68.90555699
1136,55.76959311,0,1,7.31414771,66.17208141
1137,43.00770487,0,0,12.94158912,73.13357474
1138,59.47218196,0,0,11.80582639,74.86625713
1139,31.89200339,0,1,8.78076518,65.99698048
1140,40.03803181,0,1,13.08161607,80.37915253
1141,49.19681070,1,0,16.37694867,60.01318549
1142,37.03628026,1,1,15.44952116,57.60935419
1143,60.11413801,0,0,9.83066641,69.47688115
1144,42.45963146,0,0,11.21134813,61.07976654
1145,58.38805468,1,1,13.38572009,73.49166532
1146,36.72747244,0,1,12.30917206,72.16795184
1147,48.96321111,0,0,9.70829565,67.30478369
1148,50.82614682,1,1,13.50808482,67.25118757
1149,65.83956740,0,0,10.32815690,81.65966502
1150,65.62598861,0,0,13.06729857,91.93270015
1151,37.89831719,1,0,14.03879855,55.15501963
1152,52.26148814,0,1,9.54047103,78.20464917
1153,29.88574267,0,1,11.93182472,62.04720913
1154,48.00563280,0,1,12.92139416,71.31728298
1155,47.40980384,0,1,10.93133082,70.07501117
1156,48.64061353,0,0,10.66786750,69.50068359
1157,69.74795108,1,1,8.85184422,69.68350975
1158,49.48518320,0,0,11.02880432,72.04481863
1159,37.58231176,0,1,9.17610715,75.08814022
1160,60.06194541,1,1,11.58667217,77.35443420
1161,51.12418319,0,0,14.61333852,66.96819956
1162,47.89516629,1,1,15.31349157,62.65423532
1163,57.12960971,1,1,11.47545321,63.43296293
1164,54.74685815,0,1,11.74781869,73.14508845
1165,53.73603627,1,1,13.66225255,92.32505022
1166,41.94538230,1,1,11.88291116,67.81819966
1167,32.56808959,0,0,12.28850651,67.13679626
1168,63.25541192,0,1,9.11982320,81.30798099
1169,60.76282150,0,0,9.70299244,70.24389221
1170,48.40633678,0,1,8.70419100,72.18153633
1171,57.48405209,0,0,12.14443885,69.95171821
1172,42.74523691,1,1,13.45912165,65.32578876
1173,54.07284243,0,1,9.13061184,83.71873503
1174,38.48325657,1,1,14.19829216,62.59221051
1175,40.69625616,1,1,15.22905276,64.97121516
1176,45.96666308,1,0,13.00803394,64.61209531
1177,51.87877950,1,0,14.55202818,76.18060613
1178,55.06389180,1,1,13.10324196,79.66602077
1179,79.13736240,1,0,10.67695092,66.77290975
1180,61.61623935,1,1,11.85946683,71.30957763
1181,64.71609713,1,0,16.60473667,63.45477333
1182,41.51648346,0,1,13.07212495,79.54725582
1183,55.19550023,0,1,8.23099786,63.59588175
1184,40.30195409,0,1,11.44525242,78.51690469
1185,38.07439572,1,0,14.76375494,52.30847662
1186,51.12605691,1,0,16.22641647,59.77601985
1187,42.86939682,0,1,10.27187414,78.44923380
1188,33.84471622,0,0,15.55358722,66.18339457
1189,56.68024716,1,1,10.72151049,72.10413654
1190,44.44495672,0,1,9.14525243,76.72414405
1191,37.14283287,0,1,11.11950706,78.37003064
1192,49.80376038,0,0,11.99767183,65.87528012
1193,50.40355968,0,0,11.28153681,75.12809822
1194,55.29990897,1,1,11.50384621,74.67798158
1195,47.27141630,0,0,13.73980272,70.40409931
1196,52.92782954,0,0,9.73768077,63.11905362
1197,65.83130288,0,1,8.72372118,87.51341251
1198,47.27690073,0,1,9.21900423,64.16139460
1199,47.98207203,0,0,13.63673109,62.94857719
1200,40.19490001,0,0,13.36448309,60.45717260
1201,54.92427948,1,0,12.64404445,72.93086364
1202,35.77144102,0,0,13.67869119,66.88797435
1203,57.25312785,1,0,15.24655330,72.44110073
1204,69.97565755,1,1,11.55098113,86.23676133
1205,33.10986811,0,0,14.61515647,68.88183289
1206,40.51089756,0,1,8.72789379,78.82957572
1207,48.09864432,0,1,13.11135485,77.49599072
1208,55.19811646,1,0,16.92234907,64.77028506
1209,44.99138288,1,1,12.45603388,70.29318457
1210,65.78341401,1,1,11.42261180,86.89982765
1211,34.15639325,1,0,13.22662626,54.95571682
1212,48.15440102,0,0,12.12096687,65.26758471
1213,39.85483144,0,1,10.99318397,63.89248713
1214,66.93395302,0,0,9.56531997,71.74024775
1215,61.59104681,0,0,10.83966861,73.65809293
1216,45.49227822,0,1,11.19316029,58.77900286
1217,43.47153023,1,0,16.56976600,63.80101589
1218,36.37314682,0,0,14.56361416,64.30395646
1219,38.92715135,1,0,15.44100786,61.91560675
1220,51.87649048,1,0,16.38165722,67.07181657
1221,59.63384642,0,0,9.88325007,65.62896961
1222,61.92382458,0,1,11.18379415,77.10071914
1223,41.35289049,0,0,11.22481850,67.33886152
1224,53.43979928,1,1,12.97506755,69.18724712
1225,38.94500455,1,1,14.09922684,63.46370227
1226,43.56024590,1,0,13.98704793,70.49764328
1227,26.30368355,0,1,12.13179315,67.20794153
1228,52.48678844,0,0,10.40183869,70.66504370
1229,54.35261613,0,0,12.22160965,67.50419809
1230,44.03146518,0,0,11.37500272,79.54566195
1231,66.34864446,0,1,9.82963436,70.75197449
1232,42.37799789,1,0,16.73643842,59.03036083
1233,39.73608525,0,0,13.17490812,64.17723911
1234,43.34527065,0,1,12.65902083,70.99418921
1235,32.50890977,0,0,12.76889450,65.99968956
1236,49.31392022,0,1,10.39862803,73.85982025
1237,31.27731997,0,1,11.21295561,62.12937218
1238,68.55966760,0,1,11.31864285,73.74469610
1239,48.70639466,1,1,9.74513538,72.60945252
1240,46.80186465,0,1,12.87599153,83.96646915
1241,59.64667891,1,1,13.75742233,69.07126674
1242,59.57319356,1,0,13.46321142,62.76860754
1243,28.39983001,1,0,16.63111675,57.59229628
1244,44.60238518,0,1,8.77844414,77.11663314
1245,39.22421968,1,0,15.45572681,51.16529809
1246,42.06485617,1,0,15.58302182,54.94279971
1247,49.10984692,1,1,15.10958240,76.61003410
1248,45.25618281,1,0,15.06096895,54.69981994
1249,43.41024554,0,1,11.68701700,59.49674407
1250,50.10625198,0,1,9.49133676,68.97503849
1251,33.01439999,1,0,13.70480115,45.46428388
1252,55.80026760,1,0,15.74865543,57.04466660
1253,40.04010558,1,1,12.17343844,63.15745876
1254,40.36327791,0,0,13.56186069,60.67739391
1255,53.48458465,0,0,13.03449283,68.55815979
1256,52.97046457,1,1,10.71148515,69.52150979
1257,40.47890495,1,0,16.39689115,60.17014632
1258,46.95629540,0,1,11.33371862,66.65036986
1259,51.23096315,1,0,14.67638435,67.74441433
1260,66.59536618,1,0,13.44135029,65.37328086
1261,39.96765720,0,1,11.09194172,76.92527430
1262,43.61951955,0,0,8.38387043,73.24099074
1263,47.90221781,0,1,11.70071855,79.79790237
1264,59.55553039,1,0,13.37456896,63.41622395
1265,55.49988018,1,1,12.32714853,69.75129925
1266,43.64320699,0,1,12.90591505,80.69841668
1267,41.67395583,0,0,14.54542945,62.88682912
1268,73.86311338,0,0,9.48343059,76.94639688
1269,40.61843892,1,1,12.46938407,77.28122068
1270,57.93978893,0,1,10.60535518,70.51734300
1271,49.36475807,0,1,9.49279035,74.40169996
1272,58.60248043,0,1,10.78935768,78.47291015
1273,57.78237369,0,0,10.81341543,69.14031490
1274,43.23072473,0,0,12.32193994,69.65335841
1275,49.16244736,0,0,10.89190792,69.45512029
1276,48.25422494,1,1,12.91932712,76.88992903
1277,53.42020234,1,1,12.65586390,75.60505731
1278,31.73253804,1,1,13.83487320,64.31255874
1279,50.28175027,1,1,12.48232220,78.20187905
1280,65.03820158,1,1,12.47516018,77.44582233
1281,73.51442278,0,0,8.85912666,77.50749481
1282,62.33637788,0,1,9.34961355,74.89257726
1283,31.49989847,0,0,13.72236971,68.60208153
1284,60.64715222,0,0,10.75532733,71.76662737
1285,47.97375001,0,1,8.46110297,71.14544637
1286,50.25408309,0,0,12.89911543,59.94005101
1287,51.80377998,0,0,12.25241241,70.49611512
1288,66.89287365,0,0,9.91420195,71.88955973
1289,64.96429867,0,1,9.53178803,84.12166324
1290,62.28514005,0,0,9.50728664,71.14968519
1291,56.08745137,0,0,11.32932737,63.07605309
1292,56.64172234,0,0,11.08841465,72.25576290
1293,46.16404560,0,0,12.17034045,64.37188041
1294,39.52407623,0,0,14.97006704,65.17029332
1295,44.93913463,1,1,14.37204971,62.26462878
1296,51.88125917,1,0,12.80098283,56.11257187
1297,44.41044439,0,1,13.08947678,72.00695779
1298,49.67796855,0,1,8.79477482,73.82396076
1299,28.55377879,0,1,12.62391939,76.83311644
1300,56.07106881,0,1,10.31683883,72.82344455
1301,52.65183870,1,1,11.50762762,72.94809183
1302,43.50586103,0,1,8.83618889,71.82455263
1303,44.32442884,0,0,11.42414433,63.47937420
1304,32.63026960,1,0,13.98192501,56.95469800
1305,51.69069615,1,1,16.52035862,65.94565519
1306,41.11874997,0,0,11.13548595,63.99264170
1307,43.08664625,1,1,15.19557410,61.59171566
1308,47.63833523,0,1,6.43621750,85.12509577
1309,59.02918328,0,1,9.07722017,81.28043768
1310,52.15285643,0,0,12.53785887,61.55785144
1311,24.15223543,1,1,15.33526656,68.03000338
1312,63.38522552,0,1,9.79163464,72.20909835
1313,47.92625594,1,0,16.43174282,61.38515499
1314,35.89363915,0,1,11.12715680,61.34753151
1315,39.70673850,0,0,9.08741411,61.09233266
1316,34.38420479,1,0,17.04731974,61.70422272
1317,47.95902147,0,0,14.76920878,69.77470523
1318,41.72475472,0,1,10.10462645,80.68190427
1319,40.86960656,1,0,16.70272948,53.47971698
1320,49.14217125,0,0,12.29564192,67.05757355
1321,52.68312750,1,1,14.79393511,61.74556687
1322,61.86514846,1,1,12.35291266,72.91322717
1323,49.85247858,1,1,13.90378025,72.98022637
1324,54.58766580,1,1,12.58474780,70.32779677
1325,37.16829415,0,1,11.12433883,67.98074196
1326,55.77500020,1,0,15.64040041,64.93046101
1327,59.41896333,0,0,10.69533824,78.92958609
1328,63.11850285,0,1,9.50558191,66.51320109
1329,46.78034884,0,0,10.07963880,64.57622853
1330,71.75725890,0,1,8.89883788,78.98528418
1331,77.37522266,1,1,11.78948832,72.01917960
1332,54.25876034,0,0,14.22644689,67.01569756
1333,50.30342183,0,1,10.26151961,73.75073622
1334,44.80811784,1,1,14.24633112,68.17933828
1335,58.75732842,0,1,9.03503790,76.31853085
1336,32.39330266,0,0,14.96504553,62.31537526
1337,50.06459808,0,0,10.13024409,72.85531158
1338,64.30402117,0,0,11.57211820,78.97165012
1339,68.27797077,1,0,17.03024969,68.22600754
1340,60.48112756,0,0,10.03837795,63.06875672
1341,35.51553628,1,1,14.75397793,58.86153599
1342,41.43569197,0,0,12.88709299,64.42806333
1343,56.69193296,1,0,15.39200131,75.98231228
1344,34.32713636,1,1,15.44182668,56.41092182
1345,55.28688604,1,1,10.96757291,66.45618850
1346,62.35259608,1,0,15.16725793,76.15762592
1347,64.33598991,1,1,11.95366637,77.92907617
1348,56.98365635,0,0,9.98925099,70.13911739
1349,49.11695956,0,1,10.18568956,71.91927612
1350,55.09797532,0,1,8.61624471,70.69987540
1351,54.82211897,1,0,16.24103825,64.11687726
1352,56.38898911,0,1,9.24584432,76.20669940
1353,67.23520011,0,1,9.73322431,76.80644276
1354,65.11874330,0,1,8.10894470,76.77018198
1355,63.41229260,0,1,8.10979571,73.08038188
1356,35.38580785,1,1,15.44091364,60.22458677
1357,57.43885594,0,1,11.18669566,87.02281427
1358,41.87134588,0,0,9.19045778,67.88352545
1359,52.57871886,1,0,12.83632193,76.63922779
1360,53.77241861,0,1,7.74040879,81.27861668
1361,39.01087453,1,0,16.06281416,67.38948117
1362,64.34196166,0,1,9.29623721,68.46316373
1363,32.53676775,1,1,16.11031039,68.24601598
1364,53.69027511,0,1,9.40724541,75.56182151
1365,58.72646024,0,0,12.42396934,80.32946732
1366,45.97550990,0,0,12.31358490,70.57595647
1367,70.73142123,1,1,11.80698412,71.78428899
1368,59.17276849,0,0,13.02719380,73.12192284
1369,45.90776023,1,1,10.90244395,76.68402588
1370,54.85309660,1,0,14.35031918,74.18975145
1371,53.85473130,0,1,7.50481750,72.46345714
1372,66.81084095,0,1,9.06188182,80.06658002
1373,43.42955797,1,1,13.79611457,56.78930494
1374,29.55743180,1,1,15.77657054,67.95652577
1375,61.10102448,1,0,13.82220861,70.00944927
1376,65.11559543,1,0,10.07298801,68.68855386
1377,49.31282358,0,1,9.05133613,68.71286178
1378,56.93586603,0,1,8.37499783,75.75968587
1379,58.35439241,0,1,12.17869443,74.37124666
1380,45.24513911,0,1,11.41505091,61.86769642
1381,65.70166171,0,1,9.48804271,80.23563892
1382,47.16111507,1,1,12.14709339,69.48048467
1383,41.63151502,0,1,10.16881840,78.64389892
1384,37.05401022,0,0,13.52613519,65.52781022
1385,38.24530202,1,0,15.48032166,68.58144701
1386,60.06185298,0,1,8.45063710,63.63266677
1387,40.62760653,0,1,10.55302692,64.59329536
1388,46.32847205,0,1,11.98507336,71.33286761
1389,42.21008509,1,1,14.32673002,62.37796398
1390,53.65765516,1,0,16.01548614,60.45656075
1391,61.65913136,0,1,9.95658167,72.88592419
1392,57.12496661,0,1,8.61222441,81.54759875
1393,69.99008483,0,0,11.56152346,77.77502486
1394,43.92935042,0,1,10.10605385,74.30074943
1395,48.83864464,0,1,13.74646718,72.69830260
1396,38.50929174,0,0,15.81870591,56.10956588
1397,45.83607647,0,1,11.77740243,72.77735527
1398,40.17976689,1,0,15.31463659,60.91237338
1399,49.88967676,0,1,8.47458006,82.24532007
1400,49.75607312,1,1,13.74513916,57.09629020
1401,60.26245743,1,0,16.79076313,71.32209918
1402,41.93126960,0,1,12.19321134,74.05876951
1403,50.66396295,1,1,14.23890775,73.50275377
1404,50.82824133,1,0,13.12645361,59.45859592
1405,60.13562950,0,0,11.92900636,65.45588604
1406,52.65288540,0,0,11.36862949,66.81042728
1407,45.09230999,0,1,9.82107007,75.24810557
1408,48.35851161,0,0,12.32434329,69.74798561
1409,42.17182743,0,1,10.93816405,67.94465557
1410,49.94062044,1,1,14.51135065,68.68772337
1411,55.33780156,0,0,10.88300040,77.79036642
1412,49.79256961,0,1,8.37475400,77.39445715
1413,57.55431971,0,1,9.68733537,76.75789646
1414,52.99050120,1,1,13.23041640,72.99556137
1415,45.71920485,0,0,10.77619826,65.31277583
1416,42.87700816,0,1,11.53566258,68.84591535
1417,52.19599286,0,0,10.65959778,67.74749778
1418,43.70531075,1,1,9.19870297,61.76962941
1419,34.78231476,0,0,14.61141108,64.92696112
1420,47.82559093,0,0,11.94824010,76.63580481
1421,34.37096068,1,0,17.38630773,66.67701832
1422,58.11598615,1,0,15.65755252,62.70731051
1423,51.91338495,0,1,10.18843840,73.79462496
1424,35.38320993,1,0,16.97183838,60.45207433
1425,45.75646019,1,0,17.50838031,64.98383854
1426,39.13201402,1,1,12.59766210,72.78518646
1427,43.48487739,0,0,10.55155862,73.83012780
1428,38.89454490,0,0,12.20686750,62.65315474
1429,50.88549651,1,1,11.18697949,66.55643452
1430,49.51282009,1,1,11.55660364,65.49225005
1431,58.28771796,0,0,13.18153061,71.50086683
1432,58.98705625,0,1,12.11265786,78.81296377
1433,48.96467108,0,1,12.07351572,66.40008023
1434,56.77952548,0,0,11.59127325,72.94334124
1435,71.08096841,0,1,8.79702713,85.20466890
1436,53.02240269,1,1,9.37852263,67.61456057
1437,49.07490019,0,1,6.29552954,73.92511156
1438,48.56759117,0,0,11.78312700,69.67353040
1439,46.23296379,0,1,12.52896447,73.64313205
1440,35.56795403,0,1,13.33057589,61.44616617
1441,60.56050668,1,0,13.61792890,75.36671707
1442,50.77625210,0,1,9.53766736,75.04209107
1443,32.81142082,0,1,11.89880597,65.51530687
1444,52.21576791,1,0,15.26842266,70.50796400
1445,43.49140459,1,1,14.89829303,65.24011339
1446,54.83802402,0,1,10.62740278,78.12340935
1447,36.49954219,0,1,13.66761708,67.17056945
1448,53.47211536,0,0,11.92872107,62.05154594
1449,43.45673331,0,0,12.60447872,73.41848241
1450,53.28846175,0,0,12.36759882,68.06836677
1451,41.60400510,0,0,11.20942622,66.47569490
1452,62.32761111,1,0,16.63404428,75.01880986
1453,55.29462793,0,1,10.29118847,76.03635679
1454,67.52656805,1,0,13.15635526,82.53570316
1455,45.76254075,0,0,14.55867041,74.68552918
1456,44.58085803,0,0,11.56160040,75.70769579
1457,47.13100725,0,0,11.44841534,78.20060231
1458,45.86262726,1,0,16.70194732,59.45556471
1459,55.14003645,0,0,12.21646147,73.12435905
1460,46.28485503,0,0,13.46368491,68.70531920
1461,59.85886218,0,1,7.47718570,76.50964620
1462,40.14292673,1,1,14.56972444,70.84580123
1463,56.95688458,1,0,17.27780981,71.28741055
1464,56.16644075,0,1,9.73411751,72.14906875
1465,58.37382915,1,1,14.13229428,76.46589043
1466,55.81396629,0,1,10.07615218,70.44290352
1467,35.23875105,0,0,12.71976271,61.90081059
1468,46.77994261,0,0,9.67492728,80.25202515
1469,64.56289981,0,1,9.74144385,74.88808660
1470,59.06305052,1,0,12.49149092,63.56673829
1471,50.52247323,1,1,13.42585849,72.61183124
1472,44.25464007,1,1,15.13442541,67.69749275
1473,65.47379569,1,1,12.25088475,78.34040370
1474,57.39160838,0,1,9.00914869,72.38670322
1475,36.41738401,0,0,13.04625306,60.80221087
1476,49.19621321,0,1,10.85108086,74.25684248
1477,39.72244836,0,0,15.31365991,66.24614631
1478,45.97038104,0,0,11.11991822,68.08587289
1479,51.05487643,1,0,17.41856417,69.01730595
1480,62.63472584,1,0,13.86668771,75.27793233
1481,56.81666414,1,0,16.12070603,63.68297017
1482,53.36751703,1,0,15.00590150,71.70705914
1483,48.30104288,1,0,15.20992022,63.71393987
1484,49.60016210,0,1,9.78154204,83.23732498
1485,46.21318935,0,1,7.63868949,75.68466467
1486,41.19416523,1,1,12.89247706,61.24548405
1487,23.44091906,0,0,13.53452572,50.19366691
1488,53.88781167,1,1,14.54990670,72.37883834
1489,59.98709698,1,0,12.35876945,59.79704972
1490,45.74817092,1,0,18.64554271,56.75510260
1491,62.53469780,0,0,11.00878990,79.97733279
1492,47.50840947,0,0,13.25385041,78.29984287
1493,35.94691485,0,1,10.26464107,72.04427464
1494,29.73453961,0,1,13.31843735,64.30058372
1495,64.54550599,1,0,12.41289631,71.59301670
1496,45.51713436,1,1,13.13732427,62.09157436
1497,60.44189759,0,0,10.81549121,80.32280858
1498,69.75952800,0,1,11.31200387,79.57489569
1499,49.58294562,1,0,16.24629411,56.92562307
1500,57.05655890,1,1,13.12747647,64.48418865
1501,52.20762887,0,1,10.34636137,76.82578005
1502,42.09149426,0,0,12.28039659,59.08027178
1503,55.31651166,0,0,14.34096270,69.94145830
1504,49.84315837,1,0,14.84450930,76.92189900
1505,67.89469521,0,1,6.79366677,81.73758235
1506,52.58115762,1,1,13.42568485,64.63100597
1507,51.08789793,1,1,14.50553644,67.34487601
1508,51.73252770,0,0,12.26236122,66.71295751
1509,55.69699373,0,0,9.98459465,69.59070616
1510,32.46735753,0,0,15.86976292,64.78043115
1511,43.35906376,1,1,11.42238754,67.17330846
1512,44.47012347,1,1,11.11189380,79.70660999
1513,41.53309299,1,0,17.06061425,54.19855833
1514,49.46708732,0,0,13.95009647,59.98639949
1515,47.85169128,1,0,14.99076428,60.64545206
1516,47.54788889,0,0,12.92784590,63.48047763
1517,45.25712618,1,0,15.96559719,58.51537195
1518,59.93496932,1,0,14.54764632,68.29634877
1519,47.09789668,0,1,8.91789775,78.39923617
1520,52.88163695,1,1,11.96342177,71.30570477
1521,49.38362936,1,0,16.18215536,72.67305919
1522,37.27672201,0,1,11.94604545,70.57615689
1523,47.06796972,0,1,7.35900295,68.44244415
1524,42.76010686,0,1,12.17675745,63.50218345
1525,48.81571456,0,1,9.12716187,66.40276933
1526,58.49759670,1,1,13.55790165,74.63535357
1527,44.96299386,0,0,14.65674874,84.94652056
1528,50.02625964,1,1,12.76193018,69.21982243
1529,44.09209424,0,0,12.10590553,64.23714173
1530,46.31313684,1,0,15.10475504,64.05693311
1531,39.85493440,1,1,14.08203623,65.04500642
1532,58.05738033,0,1,7.54064669,77.22428696
1533,66.75260871,0,1,8.61347100,79.64645235
1534,46.39583655,1,1,12.59575321,55.89268642
1535,58.89959722,0,0,10.87297209,71.26090013
1536,57.55193805,1,0,13.21277176,72.00981564
1537,40.04339334,0,1,10.99308003,60.04595749
1538,49.21907028,1,0,14.59245039,64.92373209
1539,51.90290005,0,1,11.12708939,79.83840357
1540,49.57346722,1,0,17.32428543,66.28830829
1541,32.32916000,0,0,13.98376078,72.01881082
1542,63.16994073,1,0,13.36066621,76.75944617
1543,53.05843808,1,0,16.11516245,62.78579214
1544,58.17508949,0,1,10.78773641,85.17384947
1545,52.55376469,0,1,11.12630757,76.84456895
1546,46.35127595,1,0,14.16212014,63.33534041
1547,62.76709154,0,1,6.20383984,78.93763189
1548,24.19780808,0,1,11.38863219,62.46744073
1549,61.09966403,0,0,10.90184660,77.87436189
1550,24.99403398,0,0,14.62208773,66.03037818
1551,63.10908440,1,1,12.17406453,82.09173803
1552,42.84486620,0,1,10.22261993,67.38535047
1553,43.22641082,0,0,12.74118606,78.10954788
1554,47.63190447,0,1,9.78610648,67.06767471
1555,64.33269859,0,1,8.64645024,79.57962028
1556,35.68253883,1,0,16.31124512,62.47245067
1557,56.90218916,1,1,9.52975513,71.25594593
1558,49.14751626,1,1,13.40736877,68.30862487
1559,44.92283205,1,1,10.56553807,73.50854244
1560,59.08320360,0,0,12.98773036,78.95072946
1561,46.74420330,0,0,9.17911486,80.59665962
1562,44.60548717,1,0,15.67161351,57.20498046
1563,52.86501677,1,0,16.71145584,62.65170776
1564,40.72773094,1,0,15.11497672,49.72590620
1565,33.80195126,0,1,13.63481203,66.85701664
1566,48.50397364,0,0,9.81076490,78.79036871
1567,53.28842271,0,1,9.57486248,84.75829015
1568,28.29096410,0,1,15.50319267,65.93074981
1569,47.86486285,0,1,10.42438243,66.63607426
1570,48.81482367,0,0,14.44159551,65.19600794
1571,66.24490667,1,1,9.56724455,74.52140144
1572,56.13049011,1,0,13.80580637,61.61696173
1573,70.70616886,0,0,12.21990934,74.52151088
1574,36.46834929,0,0,14.22399405,69.90589068
1575,54.38993409,0,0,13.20800781,71.40250793
1576,67.53588450,1,1,12.33105158,79.10576428
1577,45.96382204,0,1,5.60639679,75.43693572
1578,50.79358796,0,0,12.72605548,80.64185124
1579,59.70915238,1,0,12.72021348,71.59056347
1580,70.14671677,0,1,8.17231885,70.02354882
1581,39.42316841,0,0,14.65849634,69.34757496
1582,64.26435900,1,1,10.87642536,69.09165209
1583,35.27490625,1,1,12.91145481,59.10579675
1584,57.44837463,1,0,15.79549207,68.32463549
1585,35.33411616,0,0,13.05375523,60.76008606
1586,51.66209678,0,1,8.61944500,73.87190068
1587,64.74196564,0,1,9.51227094,73.67566486
1588,50.91335140,0,0,12.05002989,71.34554616
1589,75.79519336,0,1,8.77359450,69.25192304
1590,51.79936588,0,0,13.47883945,72.80399383
1591,43.52249678,0,1,13.67801010,58.39085442
1592,56.43081366,1,1,14.13082524,64.66975567
1593,60.12324090,0,0,12.31377989,75.83301150
1594,51.08723457,0,0,11.61798352,76.78889884
1595,49.03990962,0,0,11.44896928,70.44862627
1596,28.94798885,0,0,15.38647071,64.61837854
1597,74.79087846,1,1,9.55979377,78.09038775
1598,51.03977452,0,1,12.50074159,75.47120184
1599,32.05069545,1,0,14.02763356,42.95453875
1600,44.39474591,0,1,11.76763689,75.62757650
1601,49.09593651,0,0,12.62548516,77.22832790
1602,49.74291325,0,1,6.81188091,74.88205355
1603,52.39889944,0,1,9.54359600,86.62580296
1604,59.01549002,0,0,10.37486846,76.72068463
1605,73.26604128,1,1,10.29189294,76.33362881
1606,53.05344121,0,1,9.59457616,74.84135879
1607,61.36111775,0,1,10.03427273,75.86390735
1608,50.33035974,1,1,13.87029995,73.76940743
1609,49.90627400,0,0,13.36328248,71.82976543
1610,49.36894693,1,0,15.92880951,66.92949725
1611,39.65379232,1,1,14.44300421,65.03255183
1612,61.66889256,0,0,11.73452652,77.23212611
1613,72.53770809,1,0,11.08375000,73.87627976
1614,56.04777734,1,0,15.32832842,74.90458821
1615,35.68891657,1,0,16.61418022,62.48732772
1616,67.86673745,0,1,7.10241321,81.52148366
1617,66.25793529,1,1,11.24840563,71.56777994
1618,54.30877195,0,1,10.29519345,77.13809681
1619,58.52551878,1,1,12.65036448,59.94648195
1620,47.01194112,0,0,13.31829360,67.28882476
1621,40.94383091,0,1,10.51797854,68.18865307
1622,39.97694650,1,0,14.05535143,55.81463844
1623,51.17424368,1,1,14.02827214,64.58844572
1624,58.22609956,0,0,10.44349396,72.06248393
1625,61.88791967,1,0,14.91152321,60.26255329
1626,56.69863298,0,0,10.88857478,77.32371170
1627,51.26957780,0,1,10.32532274,75.63052002
1628,58.36406337,0,1,9.05158731,77.08753482
1629,53.52057432,0,1,9.32328995,72.90079823
1630,50.94128842,1,1,12.59613203,76.72919839
1631,44.33428640,1,1,12.10576146,66.67228081
1632,39.45293195,1,1,13.93820315,73.10076437
1633,63.21603042,1,1,12.15645083,76.84472027
1634,50.17976509,0,0,12.49830414,64.10898563
1635,41.69259283,0,0,13.63725676,55.95980964
1636,35.46026043,1,1,14.45708778,67.88742036
1637,32.05227956,0,1,10.50138555,59.16404147
1638,70.97108797,0,1,6.90671002,75.54684609
1639,46.78314068,0,0,13.68034927,60.21263014
1640,40.76301365,1,1,16.95119017,71.40654607
1641,24.39755896,0,0,14.72010338,67.98252194
1642,39.96191318,1,0,16.77340150,73.02365210
1643,46.71950781,1,1,12.41568529,74.84374426
1644,55.07559940,1,0,13.92815417,71.71473385
1645,23.37756252,0,1,13.19576190,73.62640395
1646,35.34708460,0,0,12.26548335,62.69322335
1647,27.73748433,1,0,16.45124418,69.08990157
1648,47.79698495,1,1,9.78004471,77.63451711
1649,59.51804274,0,1,9.06325833,77.90234940
1650,40.00613066,1,0,20.08962828,57.53544966
1651,42.06473687,1,1,13.67424452,65.54389255
1652,51.65424132,1,1,14.02206496,69.43318370
1653,42.88487220,0,1,6.91114212,71.90524676
1654,42.95371374,1,0,14.96087500,67.92805652
1655,54.45712543,0,1,8.92375067,76.65444167
1656,39.98970884,1,1,11.37282276,66.99143673
1657,20.93837492,0,0,14.46889025,49.73015951
1658,47.80302387,1,1,13.96569256,58.90447674
1659,43.36285909,1,0,15.82830723,52.69714116
1660,56.36886708,0,1,7.82699876,85.76917406
1661,44.06445696,0,1,10.23813992,77.32275565
1662,28.14619328,1,1,12.61075514,74.73127503
1663,46.27819420,0,1,10.52748614,72.59256819
1664,47.06889586,0,0,12.47978008,68.93825084
1665,42.04410538,1,0,16.82107419,65.55133567
1666,64.85277460,0,1,10.32939636,72.12406471
1667,63.79216869,0,1,9.07150176,87.96095969
1668,48.90178539,1,1,12.74358858,66.48379638
1669,60.30971702,1,0,14.93052270,63.98390462
1670,37.88029041,1,1,13.03671759,71.16309614
1671,53.23204571,0,0,11.04268659,74.85083949
1672,50.75197842,1,0,15.91520605,80.12883816
1673,42.23878038,0,0,12.77180604,69.01811812
1674,45.24935227,1,1,10.27132531,71.38558009
1675,48.71780853,0,1,11.57138857,74.63145793
1676,44.81727191,0,0,12.70375158,78.34223523
1677,40.95751181,0,0,13.36216067,71.63568829
1678,62.50778796,0,0,10.96212609,74.32036551
1679,47.08837668,0,1,8.55032911,67.72825355
1680,60.90721161,0,1,10.10568005,80.85942619
1681,63.77037043,0,0,8.02914403,68.66296315
1682,57.60271911,0,1,7.20068895,81.91665966
1683,62.86430431,0,1,7.28202471,83.46016794
1684,46.82489905,1,0,13.61014628,52.33029475
1685,59.66016795,0,1,7.98897626,73.36673623
1686,59.51128402,0,0,13.10409206,70.38043439
1687,65.79887441,0,0,10.63369919,73.79913915
1688,51.55750014,1,1,13.37874817,74.24860469
1689,53.64802404,1,0,14.37202786,72.48121886
1690,32.22674698,0,1,11.93720853,64.81973569
1691,42.70300216,0,1,11.92865900,78.08861661
1692,51.51113827,1,0,14.34106545,66.25854223
1693,48.39094954,1,0,14.58308760,76.83944682
1694,39.90421870,0,0,15.04991073,62.96526943
1695,52.22605598,0,0,9.69626804,66.17175581
1696,47.26366147,0,1,10.57732075,80.84105100
1697,44.70812166,1,1,9.95748396,74.95700921
1698,34.41595549,1,1,15.91188743,64.18282894
1699,65.06817587,1,0,15.08995731,69.43498362
1700,50.01157417,0,0,12.89536316,73.03709908
1701,37.02087901,1,0,16.37092616,54.99587421
1702,51.38711934,1,0,14.33002090,69.90226866
1703,37.02867033,0,1,12.29204469,69.96430508
1704,45.23551417,0,0,14.21505070,71.76027050
1705,46.88568447,1,0,18.82476029,57.54467196
1706,48.55610447,1,0,12.17991605,77.14849613
1707,35.38227115,0,0,15.51639279,62.24085110
1708,52.63630489,0,1,9.40320605,67.10683071
1709,53.21202179,0,1,8.06004951,75.13059961
1710,58.37838178,0,1,7.68248400,72.93953620
1711,45.64651231,1,0,18.91775812,60.93709855
1712,46.93653239,0,0,9.38849491,65.13535671
1713,67.24629576,1,1,10.25387538,80.93657692
1714,59.28404838,1,0,12.80923737,75.84097952
1715,44.02480987,1,1,13.09200673,71.73109341
1716,43.73300104,0,1,10.17607590,76.42824414
1717,62.71178547,0,1,10.11755083,76.00876347
1718,44.70255818,1,1,12.48267195,70.00163578
1719,48.39351073,0,0,13.03500099,65.05114974
1720,46.81992339,0,1,10.82227012,64.31044033
1721,46.06346225,0,1,7.68002535,73.65495495
1722,58.04778687,0,1,9.00929580,71.65210076
1723,60.95443207,1,1,11.99156323,79.71274951
1724,50.67753722,1,1,13.67817839,67.13128344
1725,71.34248548,1,0,11.62350544,76.92335483
1726,42.02813951,1,1,12.61918709,69.62235388
1727,47.63140698,1,1,14.51939955,67.90899038
1728,59.67575852,1,1,12.36376579,71.38093709
1729,54.83266356,1,0,14.13016735,71.66862190
1730,52.38597535,1,0,14.39768611,56.94084904
1731,54.76502730,0,0,8.01982980,80.91428448
1732,41.70992381,0,1,10.17744961,67.88112411
1733,56.17937390,1,1,10.41283427,65.35895972
1734,47.23427564,1,0,13.22111311,58.33686050
1735,58.45512142,0,0,13.66254753,77.76175405
1736,55.10722982,0,0,11.69438738,79.57412232
1737,56.39782509,1,1,10.70687810,65.70555749
1738,35.81626230,1,1,12.80300079,67.63318058
1739,43.77142691,1,0,14.21758002,62.73539109
1740,42.63648085,0,0,12.00527136,64.85845254
1741,48.11670951,0,1,10.49470733,66.38421617
1742,47.30203537,0,1,11.96298624,76.23575086
1743,51.68778697,0,1,8.01310125,81.31995150
1744,56.34019056,0,0,10.48215243,77.83888499
1745,69.67557070,0,0,11.49905268,81.29578499
1746,18.73978793,1,1,12.74702358,66.29541943
1747,37.73701190,0,0,14.75840495,59.89251200
1748,37.15861458,0,0,11.72115513,65.31170468
1749,53.90276732,0,1,8.88454978,86.44907113
1750,51.29753328,1,1,13.15285472,70.13964835
1751,59.21528538,0,1,11.00541826,89.08715546
1752,63.11218924,0,1,8.22416665,86.08230909
1753,35.14941255,1,0,17.88104321,58.02896544
1754,42.17218704,1,0,14.48738414,68.14785273
1755,53.34300158,1,1,14.51186289,58.48714090
1756,47.51544599,0,0,10.57226614,64.88253663
1757,64.02060525,0,1,7.18136026,75.36606595
1758,46.13976386,0,0,13.60232472,67.71435225
1759,46.36911089,0,0,12.71410684,61.81331149
1760,70.89116188,0,1,6.52452093,71.61549252
1761,71.69881448,1,0,13.10213825,77.44714928
1762,52.37811413,1,0,16.98624170,63.16947489
1763,56.49678596,1,0,14.14699734,65.53246814
1764,49.77174167,0,1,8.84051735,78.56971888
1765,21.03727218,1,0,17.29930901,61.26350520
1766,55.07789700,1,1,15.39744161,70.64482139
1767,43.80461424,1,0,14.04028527,64.09346206
1768,57.02245806,0,1,9.06919574,74.94064032
1769,63.25996659,1,1,9.92313198,74.15708389
1770,43.76794100,1,0,15.23804475,62.55481664
1771,51.40022321,0,0,10.88143602,74.38564627
1772,64.89678191,0,0,9.02732107,82.91559833
1773,57.99051176,0,0,11.13158186,73.82662136
1774,50.07346391,0,1,7.84466553,74.89966911
1775,39.13123322,1,0,16.08620036,61.40661122
1776,57.23844110,0,0,7.84204603,72.08180817
1777,50.02332612,1,0,14.99738462,74.13377714
1778,28.89805966,0,1,12.62787185,68.96803818
1779,57.87286975,0,0,11.76908992,75.48498794
1780,39.34369834,1,1,10.36293822,69.92503809
1781,49.16249781,1,0,11.85802446,73.64645079
1782,46.16115179,1,1,12.41124095,68.87063968
1783,52.57955967,0,1,7.55876516,65.50731331
1784,37.59252894,1,0,15.40283167,66.65784222
1785,63.72340908,1,1,12.47857508,72.06408693
1786,46.88256053,1,0,12.74499458,77.02937311
1787,41.60150418,1,0,14.55469227,74.10432379
1788,45.49613303,0,1,9.69760147,72.40375336
1789,60.99525274,0,0,10.13602299,72.93443245
1790,47.80805687,0,1,10.09791323,73.08523929
1791,50.41348996,0,1,8.84610237,75.82021616
1792,51.35177035,0,1,9.28983604,77.40629696
1793,36.46328721,0,0,13.28410717,64.81782749
1794,47.21080787,1,1,13.24966436,65.87251174
1795,56.23009030,1,0,16.18138759,66.62225984
1796,36.48587996,0,1,11.22288410,58.97947042
1797,34.98645852,0,0,13.22925619,71.97135375
1798,46.81499101,0,0,10.92727407,67.82786906
1799,39.66006146,0,0,11.60307019,57.88789779
1800,49.73509464,1,1,14.59267705,72.66706990
