person_id,site,baseline_stress,workshop_offer,attended_workshop,wellbeing_after
1,Cedar,38.17296774,0,0,59.00728574
2,Cedar,46.16772883,1,1,66.12432394
3,Cedar,33.71899789,1,1,66.42358048
4,Cedar,50.89559754,1,0,65.02747894
5,Cedar,33.14819549,1,1,72.15798705
6,Cedar,51.22134049,1,1,59.45504814
7,Cedar,48.57534936,1,1,59.76626169
8,Cedar,55.07848736,1,0,60.43637273
9,Cedar,49.91896310,0,0,68.30145379
10,Cedar,42.04135889,1,1,63.94723821
11,Cedar,32.25515402,1,1,70.47403388
12,Cedar,44.87793106,0,0,45.05268264
13,Cedar,48.52677672,1,1,65.24521231
14,Cedar,65.55885372,1,1,57.34185253
15,Cedar,35.53674286,0,0,68.83597685
16,Cedar,48.00717558,0,0,57.80890741
17,Cedar,72.27727557,0,0,52.66468981
18,Cedar,40.98441001,1,0,62.23040855
19,Cedar,42.53142238,1,1,67.70963068
20,Cedar,54.11790169,0,0,56.21471669
21,Cedar,32.23616310,0,0,64.10975526
22,Cedar,55.77977678,1,0,64.37305543
23,Cedar,45.97867237,1,1,64.61468325
24,Cedar,41.14827341,1,0,60.44042518
25,Cedar,40.91425660,1,0,62.54421590
26,Cedar,35.30256309,1,1,83.82026091
27,Cedar,42.52106752,1,0,64.06553215
28,Cedar,46.06771940,0,0,61.98509783
29,Cedar,58.55228270,1,1,58.82084044
30,Cedar,42.50049387,1,1,68.59091212
31,Cedar,47.23268196,0,0,49.94724874
32,Cedar,56.75837484,1,1,57.84058175
33,Cedar,51.57760108,1,0,55.12726414
34,Cedar,33.39758565,0,0,72.21490114
35,Cedar,54.63704128,0,0,43.49313427
36,Cedar,35.10294689,1,1,71.49391144
37,Cedar,46.94764906,0,0,52.03110393
38,Cedar,53.35040059,1,0,54.50290627
39,Cedar,48.40128637,0,0,68.66863601
40,Cedar,46.82253480,1,1,65.02402743
41,Cedar,46.65520242,0,0,72.27158072
42,Cedar,44.14280354,1,0,55.25595684
43,Cedar,50.44926248,0,0,60.34247254
44,Cedar,46.57937824,0,0,66.32149982
45,Cedar,42.78083772,0,0,65.04951590
46,Cedar,38.83580527,0,0,63.08972500
47,Cedar,38.92750747,0,0,60.12417558
48,Cedar,52.45548107,1,1,68.89988017
49,Cedar,37.44054967,1,0,64.17066506
50,Cedar,41.71017986,1,0,65.60653714
51,Cedar,37.18006389,0,0,67.40896704
52,Cedar,59.00642920,0,0,62.63001846
53,Cedar,48.80414213,0,0,68.11387005
54,Cedar,46.37223450,1,0,64.37120800
55,Cedar,36.89402270,1,0,69.94239975
56,Cedar,63.55803855,0,0,60.35051072
57,Cedar,63.65734431,0,0,46.52797019
58,Cedar,49.80478683,1,0,59.69836433
59,Cedar,22.93279130,0,0,70.30018935
60,Cedar,60.59935996,0,0,52.54865031
61,Cedar,66.99294713,1,0,69.33672332
62,Cedar,40.74864534,0,0,67.41219097
63,Cedar,47.10381913,1,1,61.34559280
64,Cedar,56.01781815,0,0,50.21771925
65,Cedar,59.14738857,1,0,63.21154968
66,Cedar,45.79723303,1,0,49.72961081
67,Cedar,43.79843160,1,0,73.20133501
68,Cedar,51.13123284,1,1,63.62645689
69,Cedar,35.45971776,1,1,71.62352367
70,Cedar,49.11733453,1,1,65.01470702
71,Cedar,61.94104915,1,0,58.57715896
72,Cedar,54.37579106,0,0,62.53518823
73,Cedar,56.87506473,0,0,62.15014232
74,Cedar,39.82376241,1,0,65.28530761
75,Cedar,49.51827099,1,0,57.56396446
76,Cedar,45.43866358,1,0,65.17505386
77,Cedar,41.07191540,0,0,58.03271130
78,Cedar,40.53232462,1,1,72.28158750
79,Cedar,51.27096373,0,0,63.57950715
80,Cedar,36.09602015,1,0,60.65516662
81,Cedar,41.49927814,1,0,61.07849733
82,Cedar,30.94546221,0,0,72.88904945
83,Cedar,51.60401590,0,0,60.72152820
84,Cedar,65.49791639,0,0,70.06261689
85,Cedar,53.01041453,0,0,63.18750672
86,Cedar,37.85689982,0,0,70.11089101
87,Cedar,51.61255168,0,0,54.84219025
88,Cedar,39.26603647,1,0,67.79003897
89,Cedar,35.93692100,0,0,66.72120826
90,Cedar,39.99942294,1,0,65.86444959
91,Cedar,50.43642568,0,0,66.13653668
92,Cedar,49.00673997,0,0,58.40716021
93,Cedar,51.97743739,1,0,58.04077546
94,Cedar,49.19739523,0,0,54.75934802
95,Cedar,56.10649509,0,0,53.41005325
96,Cedar,65.16009836,1,0,60.97314098
97,Cedar,31.15027615,1,1,61.43737018
98,Cedar,45.66296489,0,0,62.80782087
99,Cedar,43.42242036,0,0,67.01461624
100,Cedar,40.68640179,0,0,61.80401920
101,Cedar,24.65487562,0,0,69.19928986
102,Cedar,46.98323358,0,0,65.25658822
103,Cedar,35.76362018,1,1,69.53811457
104,Cedar,36.20467125,0,0,66.48319852
105,Cedar,57.06155253,0,0,56.31488010
106,Cedar,42.06177610,1,1,67.35539539
107,Cedar,56.71410021,1,1,65.82893120
108,Cedar,52.89545216,1,1,62.72365377
109,Cedar,38.37739141,0,0,68.63890378
110,Cedar,50.57494701,1,1,52.40158957
111,Cedar,35.00221744,1,0,76.49510557
112,Cedar,57.46297042,0,0,42.13232272
113,Cedar,47.78011602,1,1,67.38411669
114,Cedar,45.45817996,0,0,54.86183355
115,Cedar,66.61110331,0,0,57.39155642
116,Cedar,49.82469680,1,1,54.06061302
117,Cedar,61.45874743,1,0,51.82177544
118,Cedar,44.60881899,0,0,64.10398119
119,Cedar,39.26753254,1,1,70.87910482
120,Cedar,44.84285335,0,0,57.89552188
121,Cedar,62.47547760,0,0,61.07897611
122,Cedar,49.31928206,1,0,63.08625943
123,Cedar,41.43748728,0,0,65.87529689
124,Cedar,53.88536507,0,0,62.67899317
125,Cedar,67.68006314,1,0,61.88326914
126,Cedar,62.43872102,0,0,55.64700445
127,Cedar,69.05587864,0,0,46.56244757
128,Cedar,37.65354940,0,0,62.33992531
129,Cedar,38.79387918,1,1,66.76667413
130,Cedar,39.92203475,1,1,61.04516850
131,Cedar,48.72237225,0,0,56.77366144
132,Cedar,49.77975094,0,0,58.74049685
133,Cedar,37.92802517,1,0,56.19006257
134,Cedar,44.40773373,1,0,67.92462257
135,Cedar,55.25284734,1,0,66.89717335
136,Cedar,42.31986009,0,0,62.93300965
137,Cedar,34.81985015,1,1,74.04321488
138,Cedar,56.99311436,1,0,61.62696709
139,Cedar,50.50440017,1,1,63.00169779
140,Cedar,57.90307562,1,0,63.11397487
141,Cedar,39.41067953,0,0,66.23515415
142,Cedar,34.22714367,0,0,72.34814257
143,Cedar,48.93590374,0,0,55.99218828
144,Cedar,46.87488730,0,0,54.90154556
145,Cedar,53.74453421,0,0,54.06316811
146,Cedar,34.97182258,0,0,75.27236550
147,Cedar,33.49350004,0,0,68.35206139
148,Cedar,45.30686043,0,0,57.85483517
149,Cedar,47.27832643,1,1,55.78469964
150,Cedar,33.26527310,1,1,79.47572389
151,Cedar,44.73951784,0,0,64.23539966
152,Cedar,42.70925406,1,1,58.89571178
153,Cedar,36.30530798,1,0,60.39138143
154,Cedar,35.27377586,0,0,61.92577118
155,Cedar,43.20891360,0,0,64.16237022
156,Cedar,46.53379243,0,0,61.41331513
157,Cedar,37.73489799,0,0,58.94851429
158,Cedar,54.01988327,0,0,47.84251306
159,Cedar,47.54355726,1,1,71.60585855
160,Cedar,42.78076342,0,0,58.23720117
161,Cedar,56.79990917,0,0,60.34650069
162,Cedar,37.62656899,1,1,76.15803422
163,Cedar,61.06481583,1,0,59.23643668
164,Cedar,39.48841946,0,0,77.85013155
165,Cedar,63.22076215,0,0,68.66048369
166,Cedar,48.53306243,0,0,68.06534769
167,Cedar,50.54124642,1,0,63.45753289
168,Cedar,37.94272655,1,1,59.34973547
169,Cedar,63.33155356,1,0,65.72646536
170,Cedar,45.60652747,1,0,73.16690032
171,Cedar,39.40004391,1,1,62.18945718
172,Cedar,42.74367813,0,0,60.89010506
173,Cedar,49.48100831,0,0,63.11459839
174,Cedar,50.06806865,0,0,65.06896889
175,Cedar,25.43558530,0,0,68.32687438
176,Cedar,50.34663919,1,0,63.87999669
177,Cedar,47.12727905,0,0,59.73628805
178,Cedar,50.25181828,0,0,63.81422591
179,Cedar,52.44310572,0,0,61.18864088
180,Cedar,36.45336352,0,0,65.06580838
181,Cedar,48.87571771,0,0,63.05646978
182,Cedar,32.50164559,0,0,72.39329140
183,Cedar,44.18650811,0,0,65.12234548
184,Cedar,40.96522281,0,0,72.71862794
185,Cedar,46.74370420,0,0,54.65697377
186,Cedar,52.57817940,0,0,54.18922578
187,Cedar,54.46551486,0,0,67.09671336
188,Cedar,37.18030830,0,0,62.96959513
189,Cedar,31.91913095,1,0,69.97542155
190,Cedar,50.51316254,1,0,61.94342248
191,Cedar,44.62298765,1,1,67.01451060
192,Cedar,58.36354452,0,0,67.57353630
193,Cedar,54.79890508,1,0,58.47955801
194,Cedar,40.84263103,1,0,61.37303513
195,Cedar,38.54433772,0,0,73.94131756
196,Cedar,55.54313764,0,0,62.04135276
197,Cedar,47.25133038,1,1,71.00884688
198,Cedar,50.46981435,1,0,62.24937782
199,Cedar,54.96396977,0,0,53.44258056
200,Cedar,53.43681962,1,1,62.56720506
201,Cedar,54.83112314,0,0,61.62100315
202,Cedar,33.65191391,1,1,75.81904148
203,Cedar,61.08833647,1,0,61.52559893
204,Cedar,41.37202492,1,1,62.98897939
205,Cedar,41.69485340,0,0,62.70932729
206,Cedar,47.77435069,1,0,67.57722707
207,Cedar,36.67625832,0,0,72.21812316
208,Cedar,50.61406583,0,0,67.22352647
209,Cedar,68.46516999,0,0,46.37863591
210,Cedar,47.96771207,1,1,60.09025516
211,Cedar,39.89723628,0,0,74.06308900
212,Cedar,59.36525725,0,0,61.63803002
213,Cedar,48.87287025,0,0,60.15742225
214,Cedar,47.27283267,1,0,63.71780689
215,Cedar,21.90259607,0,0,60.62724354
216,Cedar,45.01648717,1,1,58.03276566
217,Cedar,45.50363337,1,0,66.20778962
218,Cedar,49.14893706,1,0,64.52049437
219,Cedar,60.92542906,1,0,51.20708634
220,Cedar,63.17742887,0,0,55.72771470
221,Cedar,49.74823974,0,0,62.16250324
222,Cedar,52.18800412,0,0,71.59749062
223,Cedar,35.79085829,0,0,65.19350049
224,Cedar,59.74933708,0,0,61.28649433
225,Cedar,51.15172829,1,0,59.04593656
226,Cedar,49.79166836,1,0,65.20051631
227,Cedar,37.59499762,1,0,62.72399801
228,Cedar,45.68318780,1,0,53.71541943
229,Cedar,50.68650780,1,0,54.44514383
230,Cedar,60.44223588,1,1,61.68221047
231,Cedar,47.46308086,0,0,49.26825855
232,Cedar,40.99708114,0,0,62.03148387
233,Cedar,36.41754704,0,0,66.30141623
234,Cedar,44.36401725,0,0,62.44072219
235,Cedar,67.91996193,1,0,63.03205611
236,Cedar,35.65191726,0,0,65.06970427
237,Cedar,22.11114939,0,0,65.80631876
238,Cedar,37.83974230,0,0,59.07475408
239,Cedar,38.21412824,0,0,62.22503387
240,Cedar,41.90682901,0,0,66.12878544
241,Cedar,45.34914667,0,0,58.69283610
242,Cedar,49.89774814,0,0,63.81929451
243,Cedar,40.36184549,1,0,58.05407835
244,Cedar,45.57143203,1,0,69.46461770
245,Cedar,44.53049425,1,0,68.74025832
246,Cedar,31.73768460,0,0,64.90205611
247,Cedar,41.70814414,0,0,52.62082819
248,Cedar,44.40272455,1,0,57.59873486
249,Cedar,51.41386769,1,1,71.95371137
250,Cedar,56.73531068,1,1,59.82352997
251,Cedar,53.06049231,1,0,63.72596680
252,Cedar,37.49030215,1,0,71.18616647
253,Cedar,49.30111865,1,1,60.55713346
254,Cedar,43.64861482,0,0,61.52397053
255,Cedar,47.44454141,0,0,61.10376666
256,Cedar,49.56732780,1,0,55.54022063
257,Cedar,25.94338024,1,0,66.39683391
258,Cedar,27.65705067,1,1,70.39873591
259,Cedar,56.68014454,1,0,45.58667177
260,Cedar,36.79532485,1,0,71.78990708
261,Cedar,36.77214222,1,0,69.85985098
262,Cedar,41.00011413,1,0,69.63955838
263,Cedar,49.30013152,1,1,77.25299945
264,Cedar,56.26151833,0,0,57.33247635
265,Cedar,67.00289762,1,1,63.73528264
266,Cedar,60.49251302,0,0,64.37332558
267,Cedar,43.93658406,0,0,60.16093006
268,Cedar,58.55498821,1,0,63.82866073
269,Cedar,46.91277347,0,0,63.10337578
270,Cedar,47.39840922,0,0,59.99660292
271,Cedar,63.58322256,0,0,59.26241686
272,Cedar,41.15815749,0,0,71.35662658
273,Cedar,58.36267439,1,0,59.54417712
274,Cedar,43.28935978,0,0,59.19019029
275,Cedar,44.88015042,0,0,55.85663664
276,Cedar,51.81553632,0,0,64.38487347
277,Cedar,48.66427647,0,0,62.29556996
278,Cedar,43.02191894,1,0,64.13189884
279,Cedar,48.50232888,0,0,57.94199266
280,Cedar,39.72223648,0,0,69.61609742
281,Cedar,47.32020492,0,0,68.54014938
282,Cedar,60.86063049,0,0,58.46352731
283,Cedar,45.43251419,0,0,72.79570301
284,Cedar,40.78135620,0,0,60.77318320
285,Cedar,37.37493625,0,0,66.17511430
286,Cedar,31.33597545,1,1,68.07375452
287,Cedar,43.03895245,0,0,72.07638848
288,Cedar,46.78086204,0,0,59.42149328
289,Cedar,52.68085886,0,0,51.09059228
290,Cedar,36.42074764,0,0,74.37077603
291,Cedar,48.31952570,0,0,60.77290036
292,Cedar,38.14928154,0,0,62.28636150
293,Cedar,53.36925863,0,0,65.51341876
294,Cedar,32.45840038,1,1,77.13790919
295,Cedar,59.19170479,0,0,62.99477016
296,Cedar,48.95530971,0,0,51.17417331
297,Cedar,59.98661916,0,0,64.99749028
298,Cedar,28.48427528,1,0,72.19129402
299,Cedar,43.64208461,1,0,67.99766301
300,Cedar,43.71995263,0,0,69.78922277
301,Cedar,52.73695378,0,0,65.60972650
302,Cedar,39.53963029,0,0,70.83045313
303,Cedar,52.68878521,0,0,58.98297815
304,Cedar,47.25550156,0,0,57.48117616
305,Cedar,45.56549119,0,0,63.48057875
306,Cedar,46.08792166,0,0,57.40562450
307,Cedar,42.32896359,0,0,64.75329917
308,Cedar,56.73704879,0,0,61.52928917
309,Cedar,32.96052587,0,0,66.62858811
310,Cedar,49.81815561,0,0,56.38887004
311,Cedar,64.12049958,1,0,75.97142129
312,Cedar,29.34457691,1,0,60.87137930
313,Cedar,49.66477773,0,0,66.62812677
314,Cedar,48.00071371,1,0,62.39088888
315,Cedar,46.77863097,0,0,64.43565002
316,Cedar,45.89604980,0,0,62.32290678
317,Cedar,46.18076958,1,1,67.03134744
318,Cedar,47.40525600,1,0,60.24085636
319,Cedar,34.71393385,1,0,59.83667798
320,Cedar,51.33748366,1,0,57.37391672
321,Cedar,49.11495354,0,0,65.71978742
322,Cedar,45.44313514,0,0,71.01461384
323,Cedar,62.61846750,0,0,63.78466833
324,Cedar,53.77782211,1,0,64.08635018
325,Cedar,44.16243962,1,0,56.78606701
326,Cedar,48.09952054,0,0,63.40278287
327,Cedar,51.02551352,0,0,63.55961335
328,Cedar,31.57480062,0,0,75.18690856
329,Cedar,46.16828061,1,1,53.64733638
330,Cedar,32.79894119,1,0,70.04227661
331,Cedar,61.13768832,0,0,62.58914663
332,Cedar,54.93292972,0,0,57.99587983
333,Cedar,57.06653095,1,0,57.25017373
334,Cedar,45.62526924,1,1,62.54960563
335,Cedar,43.05021941,0,0,73.01051547
336,Cedar,56.47097929,0,0,57.41842838
337,Cedar,37.16934098,0,0,68.87477831
338,Cedar,51.25780964,1,0,62.87496194
339,Cedar,50.83574631,0,0,64.87646590
340,Cedar,54.12766257,0,0,59.79367423
341,Cedar,53.06619573,0,0,54.99265758
342,Cedar,47.63881734,1,0,52.72592081
343,Cedar,53.14402651,0,0,57.14379321
344,Cedar,58.15676185,1,0,59.02156782
345,Cedar,43.30565936,1,0,71.12065600
346,Cedar,54.44449805,1,0,63.58116264
347,Cedar,39.44648611,0,0,56.00666838
348,Cedar,37.82845216,1,1,74.39963996
349,Cedar,65.03200109,0,0,56.11682167
350,Cedar,40.67225410,1,0,57.48888624
351,Cedar,43.31466050,0,0,63.04145544
352,Cedar,50.18596025,0,0,56.58809988
353,Cedar,51.49464938,0,0,57.50979422
354,Cedar,40.81708200,0,0,65.22190425
355,Cedar,41.22189228,0,0,63.83281694
356,Cedar,53.71414652,1,0,63.07496627
357,Cedar,40.68218439,0,0,67.60886183
358,Cedar,36.42455517,0,0,65.78017702
359,Cedar,46.28777953,1,0,60.45557969
360,Cedar,53.86000976,1,0,67.33596721
361,Cedar,62.01468367,1,0,51.55111635
362,Cedar,56.72661994,0,0,58.10222295
363,Cedar,60.79330129,1,0,60.43898422
364,Cedar,55.31242792,0,0,66.90321392
365,Cedar,38.26512641,0,0,64.12296337
366,Cedar,46.89478855,1,0,60.75371657
367,Cedar,43.38615871,1,1,75.19992717
368,Cedar,54.24872576,0,0,60.38306725
369,Cedar,52.71675932,0,0,61.73396474
370,Cedar,50.71866340,1,0,67.28790753
371,Cedar,52.94120147,0,0,66.66952963
372,Cedar,74.11353784,0,0,64.47200635
373,Cedar,41.55675375,1,1,75.81182498
374,Cedar,48.65659341,0,0,60.92800020
375,Cedar,43.70929654,1,0,60.41914028
376,Cedar,43.98833356,0,0,53.49369029
377,Cedar,47.18388633,0,0,67.65772350
378,Cedar,49.49177448,0,0,57.12287082
379,Cedar,38.07814752,0,0,69.03021396
380,Cedar,49.88252881,1,0,56.90988282
381,Cedar,47.21362084,1,0,69.63833876
382,Cedar,47.70783025,0,0,75.17911404
383,Cedar,41.73256488,1,0,62.43489157
384,Cedar,49.58264248,1,0,64.86486573
385,Cedar,43.32949803,0,0,74.88862580
386,Cedar,62.57658157,1,1,67.49096817
387,Cedar,39.64786501,0,0,61.30970825
388,Cedar,53.58984037,1,0,67.20499607
389,Cedar,38.69046479,1,0,72.77854874
390,Cedar,46.16842140,1,0,71.98502910
391,Cedar,48.87175758,1,0,57.74865002
392,Cedar,49.83786026,1,0,57.12742219
393,Cedar,52.34401029,1,0,62.86081271
394,Cedar,42.21087907,0,0,57.73069271
395,Cedar,44.48701953,0,0,65.53423574
396,Cedar,52.62111738,0,0,71.14087048
397,Cedar,54.66854656,0,0,65.49937952
398,Cedar,52.88293159,0,0,60.34135069
399,Cedar,46.91031306,0,0,58.87092912
400,Cedar,31.92421862,1,0,64.69212131
401,Cedar,49.32934164,0,0,66.41479838
402,Cedar,34.94230579,0,0,64.89290420
403,Cedar,34.57742366,1,1,65.70355596
404,Cedar,53.70743541,0,0,61.14200755
405,Cedar,52.30304409,0,0,59.65570213
406,Cedar,51.56919478,0,0,63.33645679
407,Cedar,37.43911760,1,0,66.51080053
408,Cedar,48.02291111,1,0,58.64211366
409,Cedar,31.20433934,1,0,70.00216675
410,Cedar,55.03966670,0,0,60.92856877
411,Cedar,50.34463742,0,0,60.51058233
412,Cedar,39.85831570,1,0,60.08836506
413,Cedar,53.56055113,0,0,60.73779995
414,Cedar,38.67975785,0,0,68.65355388
415,Cedar,51.33789941,0,0,52.96959299
416,Cedar,45.92728599,1,1,66.72196319
417,Cedar,47.56530367,1,1,71.07932823
418,Cedar,30.02090296,0,0,66.27331505
419,Cedar,47.42962989,0,0,67.77172145
420,Cedar,44.30412998,0,0,64.96796829
421,Cedar,39.84308917,1,0,59.61165661
422,Cedar,59.96042731,0,0,64.27865958
423,Cedar,58.36830737,0,0,63.69501758
424,Cedar,58.13136250,0,0,55.80698408
425,Cedar,36.50270163,1,0,75.82317694
426,Cedar,52.44661149,1,0,65.72459665
427,Cedar,35.98381199,1,0,73.49367342
428,Cedar,53.41112849,0,0,60.13759029
429,Cedar,51.54266144,0,0,58.83117832
430,Cedar,45.47930669,0,0,54.55227715
431,Cedar,40.77530566,0,0,71.60966308
432,Cedar,39.73055815,0,0,56.85907057
433,Cedar,52.35325098,0,0,64.91523130
434,Cedar,45.60704012,0,0,62.18187112
435,Cedar,39.89652570,1,0,62.26502970
436,Cedar,49.11399708,1,0,61.93256592
437,Cedar,39.67090204,1,0,67.46125671
438,Cedar,42.85929308,0,0,54.83507533
439,Cedar,39.96861701,0,0,71.31394201
440,Cedar,38.67833496,0,0,63.42374470
441,Cedar,46.31310342,0,0,62.06567274
442,Cedar,26.93002262,0,0,77.76985765
443,Cedar,41.54169014,0,0,69.37630526
444,Cedar,44.98580644,1,0,59.66549151
445,Cedar,31.32995824,1,1,72.65123450
446,Cedar,39.95781732,1,0,66.76355739
447,Cedar,42.01096377,1,0,56.65265834
448,Cedar,46.73370945,1,0,62.49505977
449,Cedar,53.65460747,1,0,61.58513859
450,Cedar,54.57942108,0,0,59.10115295
451,Cedar,59.96099463,1,0,69.54414287
452,Cedar,35.44510840,1,0,55.12331690
453,Cedar,45.95995934,1,0,69.25228470
454,Cedar,51.23592911,0,0,64.12578236
455,Cedar,44.56564368,0,0,65.47002951
456,Cedar,50.49587017,0,0,53.86938991
457,Cedar,48.72065348,0,0,64.06705824
458,Cedar,40.65097704,0,0,64.65227944
459,Cedar,40.09072492,1,0,66.32850648
460,Cedar,44.42732913,0,0,62.04031220
461,Cedar,54.80103171,1,0,53.04805718
462,Cedar,43.46772436,1,1,72.56962269
463,Cedar,42.23104080,0,0,68.46659283
464,Cedar,66.91828421,0,0,55.88820764
465,Cedar,65.28305290,1,1,61.38694623
466,Cedar,55.04215651,1,1,56.75283123
467,Cedar,45.62371377,1,0,62.64384814
468,Cedar,54.79467995,1,1,55.97287827
469,Cedar,49.60541597,0,0,54.75588965
470,Cedar,44.88523590,1,0,74.62527507
471,Cedar,38.28783503,0,0,68.07884091
472,Cedar,57.09959196,0,0,59.38090552
473,Cedar,65.52235283,0,0,57.56198403
474,Cedar,43.37841420,0,0,59.51871830
475,Cedar,57.09405097,1,0,58.27650359
476,Cedar,54.83617279,0,0,62.43128800
477,Cedar,33.05135972,1,1,65.07166201
478,Cedar,47.14099290,0,0,55.69981307
479,Cedar,59.83777453,1,0,59.80675922
480,Cedar,34.95604314,1,0,66.05421350
481,Cedar,46.54684813,1,1,63.08343119
482,Cedar,51.55405443,0,0,62.05830817
483,Cedar,54.09768252,0,0,64.09816913
484,Cedar,37.99946188,0,0,65.17057528
485,Cedar,42.53655142,0,0,71.92464763
486,Cedar,39.42572598,0,0,71.29624912
487,Cedar,39.51959165,0,0,60.97167277
488,Cedar,43.97963793,1,1,67.29147734
489,Cedar,45.25258822,0,0,61.21119494
490,Cedar,42.55243404,0,0,71.43564940
491,Cedar,53.89125989,1,1,60.65699828
492,Cedar,53.92724999,1,0,58.57861076
493,Cedar,30.63274926,0,0,62.06363370
494,Cedar,39.35833771,1,0,61.52027685
495,Cedar,32.31707196,1,0,64.10801559
496,Cedar,49.37886811,0,0,60.67738743
497,Cedar,35.43929624,1,0,66.77493614
498,Cedar,43.35060335,1,1,65.42831007
499,Cedar,39.29430061,1,1,62.75216849
500,Cedar,47.35343166,0,0,62.60893219
501,Cedar,44.13405737,0,0,52.40325219
502,Cedar,53.23828900,0,0,48.06872727
503,Cedar,54.66839009,1,1,62.18795202
504,Cedar,54.37362959,0,0,65.09511286
505,Cedar,40.50497484,1,0,71.39356751
506,Cedar,57.51089639,0,0,64.36213972
507,Cedar,42.91363413,0,0,60.16407850
508,Cedar,49.99692631,1,0,66.92606330
509,Cedar,50.48612768,1,0,61.97863810
510,Cedar,43.29655125,1,1,68.98618171
511,Cedar,45.89320059,0,0,67.02544538
512,Cedar,58.41302637,0,0,55.39760097
513,Cedar,36.75387611,1,1,66.26134711
514,Cedar,61.18721077,1,0,55.07739901
515,Cedar,50.12756485,0,0,59.23668139
516,Cedar,53.81570448,0,0,60.32226098
517,Cedar,29.66494622,0,0,68.77122867
518,Cedar,58.30982137,1,1,62.30460300
519,Cedar,44.50995654,0,0,57.30172294
520,Cedar,37.60813699,1,0,70.00150381
521,Cedar,42.20473759,0,0,63.57451774
522,Cedar,41.11331525,1,1,66.22954882
523,Cedar,35.02161778,0,0,57.82820893
524,Cedar,36.14677798,0,0,66.51857816
525,Cedar,44.08725587,0,0,68.90934604
526,Cedar,55.90477638,1,0,62.66447896
527,Cedar,57.57458256,1,0,69.44508624
528,Cedar,58.84500920,0,0,65.76798771
529,Cedar,54.81751548,0,0,62.27642205
530,Cedar,40.89258633,1,1,71.30087652
531,Cedar,44.87854896,1,0,58.55640254
532,Cedar,59.46852613,1,0,57.55359158
533,Cedar,50.83190885,0,0,59.23338603
534,Cedar,51.48459674,0,0,64.71728482
535,Cedar,45.02408748,0,0,61.69611037
536,Cedar,52.13435058,0,0,58.15695025
537,Cedar,41.94111108,0,0,63.89122142
538,Cedar,51.19487033,0,0,56.49906440
539,Cedar,38.26380463,1,0,69.73872155
540,Cedar,46.36167692,1,0,55.50956514
541,Cedar,48.09789990,1,1,60.25507353
542,Cedar,40.89704807,1,1,64.12950693
543,Cedar,47.69616120,0,0,61.78309757
544,Cedar,56.60404796,0,0,60.26243941
545,Cedar,49.73802110,1,0,57.22689139
546,Cedar,37.69241635,0,0,55.47634603
547,Cedar,55.63113476,0,0,52.13451018
548,Cedar,38.22562181,1,1,75.86377238
549,Cedar,50.31390102,0,0,67.38552027
550,Cedar,44.50640924,1,0,66.68454949
551,Cedar,56.54315744,1,1,65.11184114
552,Cedar,55.41008463,0,0,65.05309419
553,Cedar,65.58937155,0,0,62.80431380
554,Cedar,53.29130082,0,0,71.86749789
555,Cedar,35.38485573,1,1,70.21983225
556,Cedar,74.56185508,0,0,45.10431108
557,Cedar,44.41453729,1,0,66.45736156
558,Cedar,62.90609325,0,0,53.92738802
559,Cedar,36.39817262,0,0,73.81050431
560,Cedar,47.35767177,1,0,63.36686633
561,Cedar,43.99299172,0,0,59.27280633
562,Cedar,51.84169235,1,1,67.76769882
563,Cedar,36.00842358,1,1,76.04466797
564,Cedar,46.33229693,1,1,65.45854963
565,Cedar,43.95191686,0,0,74.36505214
566,Cedar,54.78681769,1,0,54.71249761
567,Cedar,41.19820229,1,0,72.19845548
568,Cedar,31.37221756,1,0,70.63920991
569,Cedar,64.63632412,0,0,54.30540548
570,Cedar,47.31576633,1,0,63.96792642
571,Cedar,51.19750169,1,0,62.55959477
572,Cedar,56.87435407,0,0,56.99465616
573,Cedar,45.44153764,0,0,56.69502481
574,Cedar,57.59577892,1,0,56.16478008
575,Cedar,40.04300521,1,0,74.95828842
576,Cedar,57.94950339,1,0,70.25211511
577,Cedar,48.36256667,1,0,67.23313969
578,Cedar,45.25874417,0,0,55.27262731
579,Cedar,54.18126062,0,0,50.83357541
580,Cedar,36.33120485,1,0,61.25488740
581,Cedar,47.58686137,0,0,71.56431360
582,Cedar,42.57576461,0,0,72.70630296
583,Cedar,46.72364285,1,1,62.46895299
584,Cedar,45.80787016,0,0,62.42312210
585,Cedar,54.28751234,0,0,57.69578495
586,Cedar,49.85226950,0,0,70.10689519
587,Cedar,47.31943434,1,0,68.69313912
588,Cedar,44.60525004,1,0,56.87718422
589,Cedar,57.37850955,1,0,60.18643882
590,Cedar,59.48994997,1,0,63.76839605
591,Cedar,36.47378180,1,1,64.30034834
592,Cedar,41.30580127,0,0,65.09175640
593,Cedar,45.05059998,0,0,65.31258157
594,Cedar,39.13977958,0,0,66.87409816
595,Cedar,53.91025013,0,0,66.66608248
596,Cedar,43.73902626,0,0,58.39402485
597,Cedar,35.42052627,1,0,62.20123493
598,Cedar,56.76528051,0,0,54.98483089
599,Cedar,53.61975412,0,0,51.15109719
600,Cedar,43.70568717,1,0,65.73132001
601,Cedar,46.52829309,0,0,65.40600925
602,Cedar,52.86182916,0,0,65.16352890
603,Cedar,38.41163955,1,1,60.74602366
604,Cedar,31.54461549,1,0,57.43432330
605,Cedar,55.45904472,1,1,56.91735767
606,Cedar,30.04517353,0,0,69.39102294
607,Cedar,50.84485065,1,1,60.52139245
608,Cedar,45.81096016,1,0,69.31158589
609,Cedar,50.17303706,0,0,61.96684779
610,Cedar,43.22604119,0,0,68.56562352
611,Cedar,31.90443139,0,0,62.20715033
612,Cedar,54.96323523,0,0,50.99520962
613,Cedar,42.38202825,1,1,67.54992505
614,Cedar,32.56584740,1,1,73.82945656
615,Cedar,57.38123102,0,0,55.37511837
616,Cedar,31.93337464,0,0,71.89873982
617,Cedar,52.42737153,0,0,61.36039663
618,Cedar,40.50552635,1,0,65.29354744
619,Cedar,43.30588849,1,0,64.55884828
620,Cedar,55.28748012,0,0,59.03891389
621,Cedar,51.41854262,0,0,56.55928216
622,Cedar,48.17893341,0,0,63.73847400
623,Cedar,31.96667236,1,1,64.75177510
624,Cedar,41.43459775,0,0,58.51576436
625,Cedar,53.16218497,0,0,58.37660042
626,Cedar,59.18747544,0,0,55.86440691
627,Cedar,39.83279480,0,0,67.78487308
628,Cedar,56.07998626,1,0,60.30197286
629,Cedar,42.54313050,0,0,64.54612743
630,Cedar,43.17797465,1,0,62.93150714
631,Cedar,49.17876720,0,0,63.62803603
632,Cedar,68.47216534,1,0,53.70517170
633,Cedar,34.78728700,1,0,62.99609744
634,Cedar,34.50732881,1,0,70.29495455
635,Cedar,30.85998879,0,0,60.72082316
636,Cedar,39.10637507,0,0,70.47272971
637,Cedar,32.47297024,0,0,58.79888353
638,Cedar,41.40637697,1,1,68.86413775
639,Cedar,39.84440352,1,0,69.77501590
640,Cedar,50.33278658,0,0,67.59075928
641,Cedar,60.49069498,0,0,57.13108251
642,Cedar,42.28266626,1,0,56.76220307
643,Cedar,55.86543791,0,0,67.08788190
644,Cedar,32.34851189,0,0,63.90164955
645,Cedar,41.07760284,1,1,70.39190031
646,Cedar,30.60580278,0,0,63.99867335
647,Cedar,45.40787053,1,1,66.01664453
648,Cedar,46.78858439,1,1,78.00875824
649,Cedar,31.62636043,0,0,77.05422563
650,Cedar,42.41890519,0,0,61.94481087
651,Cedar,46.79362398,1,1,79.98080653
652,Cedar,58.72559591,1,0,51.69417372
653,Cedar,53.96436882,0,0,57.23127503
654,Cedar,46.06877786,1,1,57.15896735
655,Cedar,35.75927673,0,0,60.58208034
656,Cedar,52.13111423,1,0,57.80387494
657,Cedar,51.52222569,1,0,58.75047005
658,Cedar,52.15499393,0,0,60.98673179
659,Cedar,50.82707263,0,0,61.91754582
660,Cedar,42.05066689,0,0,63.67379597
661,Cedar,55.71755120,0,0,51.78851414
662,Cedar,35.60421573,0,0,68.96190227
663,Cedar,39.29182340,0,0,67.27190262
664,Cedar,49.46493584,0,0,71.02993840
665,Cedar,64.48944108,0,0,60.94555758
666,Cedar,44.52715572,1,0,63.62565805
667,Cedar,45.91389296,1,1,61.53349579
668,Cedar,47.35915651,1,1,69.47947582
669,Cedar,43.71470554,1,1,65.46257895
670,Cedar,36.46959380,1,0,68.63139667
671,Cedar,41.85152530,1,1,64.08573902
672,Cedar,25.50460286,0,0,67.96510850
673,Cedar,46.89179428,1,0,50.79828858
674,Cedar,29.53623497,0,0,67.87267935
675,Cedar,54.46907392,0,0,63.05672395
676,Cedar,38.71278515,1,1,76.43636437
677,Cedar,38.33700269,0,0,69.04654403
678,Cedar,38.96427903,0,0,56.78113197
679,Cedar,49.60444238,1,1,65.86915050
680,Cedar,49.84579742,0,0,74.30738956
681,Cedar,46.30823859,1,0,63.71272372
682,Cedar,44.95217958,1,0,65.85043815
683,Cedar,46.75201692,1,0,66.06112303
684,Cedar,36.31651069,1,1,66.79949202
685,Cedar,44.37932659,0,0,67.10687125
686,Cedar,44.21850160,1,1,65.39165568
687,Cedar,38.61341219,1,0,69.75124572
688,Cedar,48.46283314,1,1,65.79296474
689,Cedar,39.01713301,1,1,71.28937896
690,Cedar,46.47675295,1,0,62.95301597
691,Cedar,50.97607215,1,0,59.81798746
692,Cedar,46.88943342,1,1,61.96535564
693,Cedar,47.65033289,1,0,64.21497429
694,Cedar,43.42703067,1,1,63.77388395
695,Cedar,54.21709461,1,0,60.43137910
696,Cedar,52.81874045,1,0,54.51203632
697,Cedar,44.86557268,1,1,66.23900613
698,Cedar,63.57353673,0,0,56.88947805
699,Cedar,55.82199753,0,0,55.06080770
700,Cedar,49.25506008,0,0,70.48093874
701,Cedar,45.79842676,0,0,64.08197097
702,Cedar,41.97846958,0,0,55.56031034
703,Cedar,55.08768897,0,0,59.04129467
704,Cedar,48.78396182,0,0,63.58914935
705,Cedar,40.62847729,0,0,53.30002878
706,Cedar,35.38065577,0,0,69.87392949
707,Cedar,38.33543028,0,0,62.20021657
708,Cedar,38.88993100,0,0,62.19235465
709,Cedar,51.80574552,0,0,59.16801115
710,Cedar,38.46404436,1,0,67.31438547
711,Cedar,52.22469701,1,0,68.32670374
712,Cedar,51.28256561,0,0,56.68716239
713,Cedar,57.38809404,0,0,55.37650622
714,Cedar,54.72372782,0,0,54.49521167
715,Cedar,35.65755644,0,0,68.28790978
716,Cedar,40.62827238,0,0,63.35867902
717,Cedar,39.18584301,0,0,61.72899234
718,Cedar,60.48900264,0,0,50.11630522
719,Cedar,46.17709131,0,0,51.44794497
720,Cedar,54.46660492,0,0,68.39896229
721,Cedar,42.60418933,0,0,67.50475936
722,Cedar,52.72890611,0,0,66.27325353
723,Cedar,49.28215520,0,0,60.00611346
724,Cedar,50.35758818,0,0,60.31303681
725,Cedar,48.72397962,1,0,58.61817701
726,Cedar,39.88328179,0,0,63.03338849
727,Cedar,57.76308683,1,0,58.88665454
728,Cedar,62.99973858,1,0,50.92009475
729,Cedar,46.59937680,0,0,66.37486138
730,Cedar,41.19151082,1,0,72.55565787
731,Cedar,40.81609832,1,1,67.33673731
732,Cedar,43.99849244,0,0,63.82061362
733,Cedar,41.82502861,1,1,62.48415885
734,Cedar,42.61104680,0,0,74.58454157
735,Cedar,67.24566466,1,0,56.59949374
736,Cedar,40.98232688,1,1,68.67589299
737,Cedar,39.33125113,1,0,70.52877191
738,Cedar,49.57134755,0,0,63.20373953
739,Cedar,44.16398860,0,0,58.91019572
740,Cedar,48.43591917,1,0,66.82344665
741,Cedar,63.17372535,1,1,60.30436540
742,Cedar,33.60479806,1,0,78.69430968
743,Cedar,32.58107562,1,0,65.46994429
744,Cedar,45.48034565,0,0,62.92225383
745,Cedar,48.01674211,0,0,62.14390445
746,Cedar,35.31276180,0,0,71.96061651
747,Cedar,51.01995241,0,0,69.65133876
748,Cedar,39.88372461,1,0,69.71355263
749,Cedar,52.36459666,1,0,53.30669536
750,Cedar,42.39298346,1,1,66.74898721
751,Cedar,53.96914021,0,0,59.13673103
752,Cedar,56.82311660,0,0,58.16529184
753,Cedar,30.13212970,1,0,66.28167324
754,Cedar,72.76458421,0,0,51.25660828
755,Cedar,32.20161650,0,0,66.82661073
756,Cedar,37.44732243,1,1,67.62951315
757,Cedar,70.35081046,1,0,58.08836758
758,Cedar,45.44016547,0,0,65.40930466
759,Cedar,49.16604586,0,0,64.52630740
760,Cedar,56.40901515,0,0,57.56066315
761,Cedar,45.06682191,1,1,63.94938804
762,Cedar,36.54643872,0,0,70.87732086
763,Cedar,34.18738275,0,0,57.90790724
764,Cedar,52.16356326,1,0,59.89085318
765,Cedar,49.13264145,0,0,57.00665948
766,Cedar,54.31361743,1,0,62.31145743
767,Cedar,51.23241712,0,0,67.60636205
768,Cedar,46.36112349,0,0,59.09724578
769,Cedar,50.60141728,0,0,59.15798361
770,Cedar,46.83478053,1,1,63.62023285
771,Cedar,51.44833349,1,1,65.64688084
772,Cedar,48.26992053,1,0,50.92387565
773,Cedar,35.90238017,1,1,67.56834866
774,Cedar,55.45733855,0,0,56.74838757
775,Cedar,51.53111817,0,0,65.55451443
776,Cedar,46.67855580,0,0,64.93472430
777,Cedar,62.46354608,0,0,67.98936905
778,Cedar,53.30568574,1,1,66.49219229
779,Cedar,44.71079763,1,0,58.66412168
780,Cedar,32.31881352,0,0,62.45575104
781,Cedar,48.85836712,1,0,67.25994890
782,Cedar,50.76835441,1,0,64.88819686
783,Cedar,51.89614509,0,0,58.23018664
784,Cedar,48.71466659,1,0,60.37816437
785,Cedar,49.54872479,1,0,64.78596141
786,Cedar,38.74090858,0,0,63.32600517
787,Cedar,39.50711157,1,1,60.71727744
788,Cedar,40.46368422,1,0,65.28697861
789,Cedar,39.94226918,0,0,62.31711232
790,Cedar,44.26359670,1,0,68.69280986
791,Cedar,48.34278755,0,0,57.33855044
792,Cedar,33.12260823,1,1,68.86813597
793,Cedar,49.25215148,0,0,57.84352545
794,Cedar,50.58340358,0,0,67.86350054
795,Cedar,57.96105126,1,1,55.93213031
796,Cedar,40.59259356,1,0,64.02241188
797,Cedar,62.21129131,0,0,62.01568099
798,Cedar,59.47632016,0,0,61.00813649
799,Cedar,36.42576198,0,0,64.68361005
800,Cedar,48.37807437,1,1,57.10774718
801,Cedar,42.90790858,1,1,69.64643450
802,Cedar,59.54455420,1,0,50.90074770
803,Cedar,44.15195080,0,0,65.55284572
804,Cedar,42.50378965,0,0,56.44777981
805,Cedar,43.09875761,1,0,62.09852892
806,Cedar,39.44937397,1,0,64.92786029
807,Cedar,64.98430826,1,0,51.42630626
808,Cedar,57.90685990,1,1,64.14682043
809,Cedar,53.59788536,0,0,62.05298231
810,Cedar,50.69512544,0,0,55.58168250
811,Cedar,57.80127708,0,0,61.56887950
812,Cedar,42.89435574,1,0,66.67638009
813,Cedar,48.58905120,0,0,62.87338546
814,Cedar,47.31071998,1,1,52.39827985
815,Cedar,42.55639876,0,0,66.22860588
816,Cedar,50.07999461,0,0,61.28051468
817,Cedar,44.99346232,1,1,81.39732164
818,Cedar,43.75797009,1,1,57.18905976
819,Cedar,57.18709833,0,0,54.40298870
820,Cedar,27.01353557,1,0,69.69776722
821,Cedar,61.71798324,0,0,61.49968577
822,Cedar,45.48212943,1,0,67.38309901
823,Cedar,34.33800585,0,0,66.20730182
824,Cedar,61.83990385,0,0,62.81742812
825,Cedar,31.95582371,1,0,71.24269708
826,Cedar,43.64442684,0,0,59.32370095
827,Cedar,58.12326538,0,0,64.22453812
828,Cedar,49.90173252,0,0,65.42988672
829,Cedar,47.99305682,1,1,69.45934419
830,Cedar,57.85943133,0,0,52.49415380
831,Cedar,43.18312927,1,0,54.97429764
832,Cedar,50.92482255,1,0,65.14268333
833,Cedar,43.64765637,1,1,64.06936778
834,Cedar,36.47830224,0,0,68.41162053
835,Cedar,38.64426442,1,1,73.40074879
836,Cedar,55.52401557,1,0,59.77162627
837,Cedar,41.37827563,1,1,67.94862842
838,Cedar,55.97039917,1,0,51.73911202
839,Cedar,25.82558764,0,0,77.27608626
840,Cedar,68.70251263,1,1,52.90655235
841,Cedar,55.91514830,0,0,64.69007351
842,Cedar,52.59244467,0,0,58.04206329
843,Cedar,30.49724289,0,0,63.47864983
844,Cedar,36.11684806,0,0,61.76779089
845,Cedar,39.45655773,0,0,56.54209546
846,Cedar,48.74288767,0,0,68.24458764
847,Cedar,35.22260758,1,0,62.42492713
848,Cedar,44.82012067,0,0,67.21083646
849,Cedar,46.56701953,1,0,72.20498480
850,Cedar,47.19477116,0,0,61.17616492
851,Cedar,40.52766971,0,0,61.94014084
852,Cedar,45.01702065,1,1,65.60241876
853,Cedar,58.79848548,1,0,65.23705681
854,Cedar,36.65109892,1,0,62.94687271
855,Cedar,52.07746562,1,0,49.56021230
856,Cedar,57.83002998,0,0,55.67013194
857,Cedar,40.89843225,1,0,56.79987418
858,Cedar,50.57372145,1,0,65.72745626
859,Cedar,43.43819805,0,0,66.21767920
860,Cedar,50.76280696,0,0,56.61782189
861,Cedar,51.42468202,1,0,60.41602382
862,Cedar,48.16571961,1,0,59.25199005
863,Cedar,48.84158330,0,0,60.77744730
864,Cedar,39.56223890,1,0,60.43481195
865,Cedar,51.61987676,0,0,66.50205541
866,Cedar,44.22673380,0,0,65.63604120
867,Cedar,39.58212492,1,0,71.35678049
868,Cedar,40.94546847,1,1,54.66793109
869,Cedar,46.47565859,0,0,64.88125716
870,Cedar,45.17818704,1,1,65.26995234
871,Cedar,51.67058176,0,0,63.74480199
872,Cedar,46.55079589,1,0,56.78729815
873,Cedar,51.71335974,1,1,49.13088576
874,Cedar,38.69333753,1,1,69.52077707
875,Cedar,30.82128396,0,0,64.78820707
876,Cedar,46.19491976,1,0,71.09133982
877,Cedar,29.97597576,0,0,65.75454699
878,Cedar,40.16745084,1,1,57.22914301
879,Cedar,54.77558396,0,0,66.61714431
880,Cedar,47.89296459,1,0,63.15612996
881,Cedar,41.38125952,1,1,71.83170576
882,Cedar,57.99878535,0,0,60.31506816
883,Cedar,42.84792932,1,0,60.80183695
884,Cedar,41.85633247,1,0,69.51241789
885,Cedar,54.05243040,1,1,55.97062650
886,Cedar,44.93314270,1,0,66.43068761
887,Cedar,51.94537452,0,0,64.13740231
888,Cedar,44.00666256,0,0,67.00390259
889,Cedar,31.41578792,1,0,73.15668668
890,Cedar,50.23279732,0,0,58.82802745
891,Cedar,44.28637695,0,0,69.71041946
892,Cedar,37.70646863,0,0,73.06320126
893,Cedar,36.08482750,0,0,69.62219955
894,Cedar,44.53028009,1,0,47.54535091
895,Cedar,31.97114913,1,0,63.23783904
896,Cedar,47.06012357,0,0,59.08346051
897,Cedar,61.89551381,1,0,65.58250497
898,Cedar,32.55060066,1,1,64.20620535
899,Cedar,52.22442407,1,1,66.42592456
900,Cedar,59.14256507,0,0,64.35765732
901,Cedar,50.74487737,0,0,62.45951543
902,Cedar,41.63278391,1,0,67.73786738
903,Cedar,36.77098606,0,0,61.59102826
904,Cedar,27.86037295,1,0,70.76022643
905,Cedar,51.17410269,0,0,57.94181555
906,Cedar,54.50334373,0,0,56.36760829
907,Cedar,42.79974047,0,0,70.62694411
908,Cedar,43.39568398,1,0,54.64505902
909,Cedar,44.94989309,0,0,62.87974572
910,Cedar,54.37069378,0,0,64.26809554
911,Cedar,64.69459679,1,0,64.85371683
912,Cedar,42.02489458,1,1,65.44992843
913,Cedar,47.54399191,0,0,60.94683315
914,Cedar,53.92849003,1,1,59.20519179
915,Cedar,47.91653135,1,0,63.50432760
916,Cedar,24.50085403,0,0,91.84478430
917,Cedar,52.33965537,1,0,64.70291674
918,Cedar,59.97913374,1,0,52.09372282
919,Cedar,52.90786890,0,0,53.35466444
920,Cedar,48.70134248,0,0,64.49521144
921,Cedar,52.79626356,1,1,57.42442896
922,Cedar,59.00097634,1,1,54.91688376
923,Cedar,53.75914260,1,1,64.07824847
924,Cedar,41.18253259,0,0,67.05741729
925,Cedar,49.09244231,1,1,63.82695388
926,Cedar,18.05886812,1,1,76.30942093
927,Cedar,54.24901077,1,0,52.66646983
928,Cedar,28.01956773,0,0,72.99930436
929,Cedar,40.88747438,0,0,51.70871947
930,Cedar,45.99030659,1,0,57.19525574
931,Cedar,54.00595822,0,0,73.87480286
932,Cedar,32.25304605,0,0,64.54009030
933,Cedar,53.33083741,1,0,66.61287461
934,Cedar,33.08317718,1,0,70.36076765
935,Cedar,47.43269961,0,0,56.00683436
936,Cedar,46.76609632,1,0,56.51545484
937,Cedar,55.80217570,0,0,58.66964273
938,Cedar,56.16501549,1,1,57.16418139
939,Cedar,45.17572998,0,0,64.13157070
940,Cedar,32.02408083,1,1,68.53366941
941,Cedar,66.82609476,1,0,59.38704431
942,Cedar,52.63148266,1,0,64.14265116
943,Cedar,61.29374596,1,0,66.57532124
944,Cedar,50.13516846,1,0,60.96657031
945,Cedar,52.33069768,0,0,74.15837082
946,Cedar,25.42969375,1,1,67.59320736
947,Cedar,40.97497561,1,1,74.09404983
948,Cedar,50.03941116,1,1,68.33338449
949,Cedar,59.42608518,0,0,61.48136643
950,Cedar,44.02535676,0,0,68.14202493
951,Cedar,49.30326220,1,0,62.10326370
952,Cedar,58.47819367,0,0,61.04269639
953,Cedar,63.52571706,1,0,58.41921273
954,Cedar,51.11330624,0,0,63.57838805
955,Cedar,47.75231892,0,0,58.65944420
956,Cedar,58.53277625,0,0,62.38824266
957,Cedar,58.85940505,0,0,60.54049112
958,Cedar,50.30473954,0,0,55.23755383
959,Cedar,43.56669443,1,1,79.93427437
960,Cedar,33.45757249,0,0,59.90980112
961,Cedar,56.08232813,0,0,52.92149343
962,Cedar,42.48503474,0,0,69.47935807
963,Cedar,27.61270431,1,0,67.97705286
964,Cedar,36.83990878,0,0,82.54774756
965,Cedar,44.72988272,0,0,74.84373430
966,Cedar,67.11495912,1,0,58.35888526
967,Cedar,53.33988563,1,0,56.26073201
968,Cedar,53.01299354,0,0,63.93517086
969,Cedar,53.06116783,0,0,66.06353773
970,Cedar,45.95977826,0,0,57.25525384
971,Cedar,57.15271939,1,0,61.65624688
972,Cedar,66.63033189,0,0,60.64193949
973,Cedar,44.03042001,1,0,70.69573267
974,Cedar,36.24986067,1,0,74.30646717
975,Cedar,48.28077187,1,0,56.40162300
976,Cedar,42.05030867,0,0,65.15360319
977,Cedar,42.89023402,0,0,58.18165578
978,Cedar,52.93627390,0,0,53.16230852
979,Cedar,59.00644568,1,1,65.01389584
980,Cedar,43.17698553,0,0,60.50424102
981,Cedar,35.43923538,1,0,62.11407434
982,Cedar,56.32010250,0,0,61.95321790
983,Cedar,59.45118575,0,0,59.74016905
984,Cedar,49.09356379,1,1,67.19451743
985,Cedar,69.96702820,0,0,54.64804808
986,Cedar,42.99558358,0,0,56.87492918
987,Cedar,47.08752205,1,1,60.02039505
988,Cedar,38.01154046,0,0,60.16462787
989,Cedar,53.32072289,1,1,66.92819744
990,Cedar,44.03224484,0,0,63.71908042
991,Cedar,41.70259933,0,0,55.52973860
992,Cedar,44.63461904,0,0,73.52441286
993,Cedar,54.35109931,1,0,56.87044380
994,Cedar,47.53300223,0,0,66.31468237
995,Cedar,47.79383915,1,1,62.56399665
996,Cedar,47.59974543,1,0,58.47380794
997,Cedar,53.38026523,0,0,59.76866073
998,Cedar,36.77572300,1,0,68.96746609
999,Cedar,56.35433431,0,0,52.04162494
1000,Cedar,65.72664304,0,0,54.57861985
1001,Cedar,42.04468153,0,0,62.86336458
1002,Cedar,56.19979898,0,0,63.23018463
1003,Cedar,48.79075358,1,1,78.62246977
1004,Cedar,43.46827020,0,0,59.15002520
1005,Cedar,42.19890015,0,0,74.26469343
1006,Cedar,44.88003741,0,0,65.53083370
1007,Cedar,54.52657361,0,0,64.32984412
1008,Cedar,57.45718700,0,0,62.12515293
1009,Cedar,46.91363368,1,1,62.24175138
1010,Cedar,37.28103308,0,0,74.33087566
1011,Cedar,33.89022831,0,0,66.27773646
1012,Cedar,43.86781765,1,0,56.19221612
1013,Cedar,47.66462438,0,0,66.88368998
1014,Cedar,38.18912878,1,1,61.80695498
1015,Cedar,46.61618191,1,0,52.68330061
1016,Cedar,48.78602382,0,0,60.94639711
1017,Cedar,33.96797226,1,1,68.01546581
1018,Cedar,43.03795197,1,0,71.37202527
1019,Cedar,47.63061318,1,1,52.84786196
1020,Cedar,52.78957000,1,0,66.11896561
1021,Cedar,55.08976378,0,0,63.20418290
1022,Cedar,49.01567424,0,0,68.75815408
1023,Cedar,63.64298987,0,0,58.45428916
1024,Cedar,47.59897989,0,0,65.23260937
1025,Cedar,57.69267565,1,0,58.03932219
1026,Cedar,36.51716466,0,0,64.53908094
1027,Cedar,57.34298085,0,0,60.63791748
1028,Cedar,41.40085299,0,0,55.53957508
1029,Cedar,47.47541280,1,0,62.06839498
1030,Cedar,36.49693480,0,0,64.80345568
1031,Cedar,49.10017440,0,0,63.41555710
1032,Cedar,50.17929208,1,0,62.14596997
1033,Cedar,45.20886162,1,0,62.89664738
1034,Cedar,44.76106916,0,0,56.98953339
1035,Cedar,39.30851381,0,0,65.87452144
1036,Cedar,56.74652568,1,0,55.93965471
1037,Cedar,42.00945156,0,0,66.03821219
1038,Cedar,42.95770612,0,0,60.16616297
1039,Cedar,21.90143361,0,0,74.00470084
1040,Cedar,44.52949213,1,0,60.56273331
1041,Cedar,44.65734491,0,0,61.43587595
1042,Cedar,44.18748955,0,0,59.51859245
1043,Cedar,54.22162878,1,0,47.50301193
1044,Cedar,39.23981882,1,0,69.63055117
1045,Cedar,45.45815555,0,0,63.38579786
1046,Cedar,50.30215032,1,0,55.36557473
1047,Cedar,49.60390770,0,0,67.80792900
1048,Cedar,54.14563527,0,0,57.33925091
1049,Cedar,50.72284516,1,1,72.88417589
1050,Cedar,39.84060253,0,0,65.13465607
1051,Cedar,42.04381055,1,1,71.86567590
1052,Cedar,46.87247466,1,0,61.29929985
1053,Cedar,35.98002130,0,0,65.45265159
1054,Cedar,54.63429794,0,0,65.63703434
1055,Cedar,34.79413580,1,1,71.50172085
1056,Cedar,36.44933295,0,0,64.30056092
1057,Cedar,41.98523632,0,0,65.10399314
1058,Cedar,57.06705602,0,0,54.94245055
1059,Cedar,43.96477864,1,1,62.92035167
1060,Cedar,46.91362523,1,0,63.75384280
1061,Cedar,39.78313086,1,0,69.84174326
1062,Cedar,50.90140162,1,0,61.55957688
1063,Cedar,46.70281146,0,0,71.42449508
1064,Cedar,38.22433806,1,0,64.43321627
1065,Cedar,32.61306476,0,0,62.85281089
1066,Cedar,29.35194206,0,0,70.08367314
1067,Cedar,56.28678178,0,0,64.49939745
1068,Cedar,46.67920033,0,0,70.83718806
1069,Cedar,49.48776514,0,0,73.04361015
1070,Cedar,67.45233822,1,0,58.59506847
1071,Cedar,55.60652273,0,0,58.73323742
1072,Cedar,44.91892061,1,1,60.76839952
1073,Cedar,53.34546355,0,0,63.72464094
1074,Cedar,53.35182468,0,0,55.03068181
1075,Cedar,67.76110527,0,0,51.29321237
1076,Cedar,42.54477785,1,0,69.05654044
1077,Cedar,45.28071531,1,0,60.41536006
1078,Cedar,24.86218310,1,0,70.83365254
1079,Cedar,54.60116151,1,1,69.46790840
1080,Cedar,42.19394851,1,0,63.71213277
1081,Cedar,53.52862744,0,0,55.11206138
1082,Cedar,53.40023873,0,0,60.78933149
1083,Cedar,46.21880514,0,0,60.60585595
1084,Cedar,46.15926515,1,0,60.12636041
1085,Cedar,35.96204180,0,0,68.76135535
1086,Cedar,40.26357695,0,0,66.10216327
1087,Cedar,46.28803003,1,0,64.13930803
1088,Cedar,45.44309840,1,1,63.36468986
1089,Cedar,52.66767650,1,0,62.86229316
1090,Cedar,34.07288885,1,1,71.30033954
1091,Cedar,36.01714834,1,1,63.14228112
1092,Cedar,61.30146399,0,0,65.75669602
1093,Cedar,59.78814199,1,0,59.12500106
1094,Cedar,40.04143551,1,0,64.18658528
1095,Cedar,53.26498389,0,0,56.57251057
1096,Cedar,43.81808109,0,0,69.88157068
1097,Cedar,51.82829859,0,0,55.95907806
1098,Cedar,46.63042733,1,1,69.25604587
1099,Cedar,39.26734037,0,0,59.12053370
1100,Cedar,41.68153887,1,1,68.34313672
1101,Cedar,35.93424708,1,0,65.22133085
1102,Cedar,50.39981473,1,0,54.55974331
1103,Cedar,49.69424448,0,0,62.22218648
1104,Cedar,53.54661530,0,0,60.15028491
1105,Cedar,42.39528398,1,0,67.39400119
1106,Cedar,32.00578560,0,0,70.99835735
1107,Cedar,53.73057523,1,0,62.77630788
1108,Cedar,44.29590298,1,0,63.42192579
1109,Cedar,41.07363819,1,1,65.83741589
1110,Cedar,37.12017869,0,0,75.95104413
1111,Cedar,59.92558050,0,0,60.99361045
1112,Cedar,56.99269714,0,0,53.58813957
1113,Cedar,27.84862271,1,1,69.53622839
1114,Cedar,59.57866720,1,0,55.76494832
1115,Cedar,36.08246552,0,0,53.92054001
1116,Cedar,35.86804735,1,1,72.46515454
1117,Cedar,46.79224586,1,0,58.73912327
1118,Cedar,51.37029488,0,0,69.04201575
1119,Cedar,38.83071422,0,0,59.08119671
1120,Cedar,64.79352675,1,0,69.39277860
1121,Cedar,57.00849838,0,0,56.82173755
1122,Cedar,64.25751261,0,0,56.98410640
1123,Cedar,68.08171714,1,0,47.27742610
1124,Cedar,38.56266494,0,0,65.60306097
1125,Cedar,32.79437917,0,0,69.11914744
1126,Cedar,32.06142009,1,0,67.01545487
1127,Cedar,68.50422242,1,0,56.22172149
1128,Cedar,36.91175846,0,0,71.16595525
1129,Cedar,44.95587077,0,0,63.60445281
1130,Cedar,36.30342567,1,0,58.99865643
1131,Cedar,32.82272548,1,0,66.49026964
1132,Cedar,52.33740916,0,0,54.55027191
1133,Cedar,32.02160023,1,0,73.21613262
1134,Cedar,61.48025480,1,1,67.20377572
1135,Cedar,36.82747838,1,0,58.17774108
1136,Cedar,41.07849086,0,0,60.46106931
1137,Cedar,34.66947932,1,0,69.21890390
1138,Cedar,29.52014606,0,0,73.19991851
1139,Cedar,45.87256634,0,0,63.80519473
1140,Cedar,55.33886902,1,0,54.87230475
1141,Cedar,40.53215158,1,1,64.87425680
1142,Cedar,41.37228590,0,0,70.77274138
1143,Cedar,49.80535242,1,1,68.60139019
1144,Cedar,64.46104970,0,0,52.12187662
1145,Cedar,38.33170900,0,0,59.53152292
1146,Cedar,48.02103479,1,1,60.67661970
1147,Cedar,49.50796436,0,0,56.45179444
1148,Cedar,33.98183471,0,0,71.16158502
1149,Cedar,52.17384283,0,0,56.40134025
1150,Cedar,43.81079891,0,0,69.78024591
1151,Cedar,46.10032126,1,0,63.53876801
1152,Cedar,51.66727844,0,0,64.96466080
1153,Cedar,47.58231208,1,1,62.58932758
1154,Cedar,44.86723591,1,1,68.92687539
1155,Cedar,42.92884301,0,0,57.31324988
1156,Cedar,49.97834164,1,1,68.32835869
1157,Cedar,55.68122235,0,0,58.29206825
1158,Cedar,53.92559085,1,0,60.81120510
1159,Cedar,52.74043139,0,0,56.26800728
1160,Cedar,39.46145087,1,1,72.90131877
1161,Cedar,45.80273510,0,0,61.59693394
1162,Cedar,43.84367509,0,0,72.08996357
1163,Cedar,60.03972037,0,0,55.12035608
1164,Cedar,50.06298858,0,0,61.07626759
1165,Cedar,51.51070385,0,0,56.70809377
1166,Cedar,49.74530720,1,1,63.14222971
1167,Cedar,30.42455784,1,0,65.32683571
1168,Cedar,48.33546042,0,0,60.24299172
1169,Cedar,36.92562066,0,0,59.03291049
1170,Cedar,30.38491304,1,1,74.48188214
1171,Cedar,48.32886690,0,0,63.21304955
1172,Cedar,59.24328468,1,0,55.34009521
1173,Cedar,53.74151272,1,0,67.63203311
1174,Cedar,61.76651697,0,0,50.65098267
1175,Cedar,59.25597395,1,0,62.90548871
1176,Cedar,41.90107128,1,0,78.05505415
1177,Cedar,40.84890615,0,0,61.74931671
1178,Cedar,44.98554400,1,1,65.87743089
1179,Cedar,58.47704138,0,0,62.35027084
1180,Cedar,48.36943564,1,0,70.53349067
1181,Cedar,42.69490881,1,1,66.43258548
1182,Cedar,36.00328786,1,0,63.85265648
1183,Cedar,60.26101437,0,0,68.02897327
1184,Cedar,35.35400890,1,1,73.70019004
1185,Cedar,42.28364937,1,0,70.06703027
1186,Cedar,48.12094300,1,1,60.74573474
1187,Cedar,60.09917481,0,0,64.60604746
1188,Cedar,36.25470035,1,1,64.29176155
1189,Cedar,40.37239373,0,0,66.32585094
1190,Cedar,38.74452429,0,0,74.03002705
1191,Cedar,41.67719090,1,1,58.24960706
1192,Cedar,54.49360255,1,0,63.51673954
1193,Cedar,42.80320235,0,0,55.47960762
1194,Cedar,41.87123758,1,0,52.44915790
1195,Cedar,34.06413315,1,0,61.54086888
1196,Cedar,45.94001613,1,0,65.41752644
1197,Cedar,33.43265878,0,0,68.59044629
1198,Cedar,58.67158309,0,0,56.72840720
1199,Cedar,31.45905144,0,0,64.31850505
1200,Cedar,49.36716987,1,0,53.47871307
1201,Lake,50.12355750,1,1,67.38190053
1202,Lake,48.14769617,0,0,63.04816902
1203,Lake,44.14042657,0,0,67.41216261
1204,Lake,49.84064429,1,1,56.52943079
1205,Lake,43.11703665,1,1,65.36660273
1206,Lake,44.80307900,1,0,56.12292853
1207,Lake,53.49156276,0,0,62.07285923
1208,Lake,47.34425852,1,0,67.54930963
1209,Lake,32.07120454,0,0,62.43841408
1210,Lake,47.43044734,0,0,72.01761642
1211,Lake,43.55142195,1,0,66.00506243
1212,Lake,55.88733754,1,1,62.79451946
1213,Lake,52.23728860,1,0,59.96538324
1214,Lake,56.66284579,0,0,60.76119972
1215,Lake,50.82318018,0,0,59.50156239
1216,Lake,51.00806945,0,0,53.62713355
1217,Lake,50.41823480,1,0,56.00538670
1218,Lake,60.71208649,0,0,50.45208499
1219,Lake,47.45316422,0,0,60.25430866
1220,Lake,48.66175263,0,0,53.66033638
1221,Lake,54.10750540,1,0,52.15330540
1222,Lake,58.23795402,1,0,63.96001029
1223,Lake,57.90093990,0,0,54.66119777
1224,Lake,55.97330943,0,0,61.15924374
1225,Lake,31.97118419,0,0,64.80144287
1226,Lake,50.37765274,1,1,62.19061054
1227,Lake,63.75522733,1,1,63.33502804
1228,Lake,47.22473845,1,0,65.02464278
1229,Lake,49.50339014,0,0,57.51931455
1230,Lake,46.64375818,0,0,65.93098319
1231,Lake,41.80332529,1,0,53.18084957
1232,Lake,43.57662175,1,0,66.40109395
1233,Lake,54.02778966,1,1,61.08879419
1234,Lake,61.95248225,0,0,55.21809001
1235,Lake,62.51708200,0,0,49.90550847
1236,Lake,46.57079620,0,0,63.81757126
1237,Lake,35.69994705,0,0,65.95469996
1238,Lake,69.67592451,1,0,56.17191103
1239,Lake,55.52242235,1,1,54.40512950
1240,Lake,47.38391791,0,0,62.91747236
1241,Lake,60.03966747,1,0,55.45106675
1242,Lake,39.51264355,1,1,58.31051307
1243,Lake,56.00531835,0,0,68.10172534
1244,Lake,47.54061024,1,1,71.21441510
1245,Lake,41.77130463,0,0,59.75885000
1246,Lake,42.93159178,0,0,68.07314238
1247,Lake,69.58173522,1,1,53.72934461
1248,Lake,42.94551859,0,0,58.80882779
1249,Lake,40.24907153,1,0,54.17839699
1250,Lake,50.86820226,0,0,63.84641006
1251,Lake,45.05655300,0,0,65.25248380
1252,Lake,44.56403134,1,0,56.49631746
1253,Lake,56.12684832,1,1,56.60082414
1254,Lake,57.15984817,0,0,53.97769380
1255,Lake,45.26981238,0,0,69.52702124
1256,Lake,54.45739161,1,0,62.05996783
1257,Lake,57.70534609,0,0,46.48617402
1258,Lake,60.41596498,1,1,57.96853232
1259,Lake,49.18502152,1,0,65.54263692
1260,Lake,38.59266775,0,0,68.10522879
1261,Lake,37.92170141,1,1,69.06449479
1262,Lake,42.06766126,1,0,71.80739456
1263,Lake,61.78951714,1,1,54.65769873
1264,Lake,53.03678858,0,0,65.62875802
1265,Lake,59.13604659,1,0,50.82314392
1266,Lake,45.82516556,1,0,63.57131440
1267,Lake,59.74224455,1,0,47.19150897
1268,Lake,42.91640209,0,0,63.60613011
1269,Lake,66.30489775,1,0,70.88139822
1270,Lake,59.31683265,0,0,56.57619747
1271,Lake,42.00110359,1,1,70.28930827
1272,Lake,46.20639790,0,0,60.39106134
1273,Lake,40.19731689,1,1,78.49067741
1274,Lake,42.80853284,1,0,62.74161437
1275,Lake,44.72254915,1,1,57.17388236
1276,Lake,38.40043443,1,1,65.36346086
1277,Lake,35.76149372,1,1,75.70460361
1278,Lake,44.55265358,0,0,63.48728238
1279,Lake,48.75737037,1,0,56.99153026
1280,Lake,28.60532916,1,0,71.16068546
1281,Lake,42.43861048,0,0,61.37651355
1282,Lake,55.24691975,1,0,58.19473732
1283,Lake,51.02682024,0,0,69.61468944
1284,Lake,42.22029675,1,0,61.69323808
1285,Lake,41.13833930,1,1,66.51155735
1286,Lake,34.50150516,1,1,55.76370029
1287,Lake,37.83439880,0,0,67.73955815
1288,Lake,62.15154955,1,0,54.75557677
1289,Lake,44.99687291,0,0,60.01814505
1290,Lake,65.10718044,0,0,51.94609321
1291,Lake,53.03664241,0,0,59.22632687
1292,Lake,45.78774780,1,1,64.04963885
1293,Lake,60.19393812,1,1,53.81139457
1294,Lake,41.74648745,0,0,58.33656344
1295,Lake,62.06245541,1,1,65.03253220
1296,Lake,46.08719307,1,1,62.68756503
1297,Lake,44.52991395,0,0,59.48638382
1298,Lake,55.52618207,1,0,57.63953699
1299,Lake,44.82655607,1,1,78.06247353
1300,Lake,52.69942729,0,0,66.92053410
1301,Lake,63.20457439,0,0,56.86389677
1302,Lake,44.26541527,1,1,60.47079413
1303,Lake,34.08530253,0,0,63.22286404
1304,Lake,57.33315788,0,0,59.77482896
1305,Lake,65.17893316,1,1,65.39956100
1306,Lake,47.94355114,0,0,60.03443724
1307,Lake,41.69991598,0,0,65.15211864
1308,Lake,65.64624265,1,0,54.43455122
1309,Lake,60.03003355,1,0,52.27780664
1310,Lake,30.26007026,0,0,67.18717483
1311,Lake,50.91581037,0,0,55.93912615
1312,Lake,57.85014805,0,0,54.38322980
1313,Lake,45.42591672,1,0,61.30373515
1314,Lake,58.64010493,1,1,56.25686503
1315,Lake,55.13563848,1,1,64.74520155
1316,Lake,50.53279481,0,0,61.74875528
1317,Lake,54.41742676,0,0,57.02396699
1318,Lake,44.37098397,1,0,66.91464063
1319,Lake,50.32159852,1,0,60.65601201
1320,Lake,44.39731686,0,0,61.20479725
1321,Lake,59.37182819,0,0,54.70655557
1322,Lake,41.78154714,1,1,67.64086198
1323,Lake,57.29143587,1,0,63.69681637
1324,Lake,33.48715428,0,0,64.44965354
1325,Lake,48.34973918,1,0,56.78484441
1326,Lake,59.52220035,0,0,57.33458053
1327,Lake,60.03008922,0,0,49.47216459
1328,Lake,41.18987403,0,0,51.99750553
1329,Lake,45.85732420,0,0,62.86580859
1330,Lake,53.03963982,0,0,55.87132320
1331,Lake,45.41457586,0,0,61.83707726
1332,Lake,54.16732390,1,1,58.71468553
1333,Lake,51.01480750,1,0,51.01520662
1334,Lake,46.23735267,0,0,56.55548612
1335,Lake,45.60930137,0,0,60.73264084
1336,Lake,55.37929589,1,1,73.61341306
1337,Lake,48.43300095,1,1,59.97129633
1338,Lake,59.23304301,1,1,66.14833254
1339,Lake,55.17492653,1,0,59.81132531
1340,Lake,68.15475006,1,1,59.69324805
1341,Lake,49.45228350,0,0,62.27959166
1342,Lake,49.79614755,1,0,57.80112375
1343,Lake,47.02429156,1,1,67.36977737
1344,Lake,53.18087179,1,1,68.72014730
1345,Lake,64.65498261,1,0,49.02003432
1346,Lake,36.33914687,0,0,64.70586290
1347,Lake,36.86985417,0,0,66.36184754
1348,Lake,52.53131004,1,1,68.59957764
1349,Lake,65.27302426,1,1,62.97727168
1350,Lake,49.87565109,1,1,61.91578497
1351,Lake,50.93055729,0,0,46.12593364
1352,Lake,50.31209328,0,0,50.23385717
1353,Lake,52.16048068,0,0,54.46371111
1354,Lake,68.90743356,0,0,55.38188276
1355,Lake,51.45414177,1,0,55.46973733
1356,Lake,47.49574301,0,0,54.88358325
1357,Lake,46.29156726,1,1,64.60159659
1358,Lake,35.91931873,1,0,77.41284950
1359,Lake,53.62195234,0,0,52.58961203
1360,Lake,48.84327713,0,0,65.50796386
1361,Lake,54.56759487,1,1,64.19919737
1362,Lake,30.40570520,0,0,74.49033233
1363,Lake,59.75941175,0,0,61.62539166
1364,Lake,33.50496181,1,0,73.07620399
1365,Lake,56.72293716,1,1,59.50971800
1366,Lake,40.54121857,0,0,63.75182573
1367,Lake,52.61435829,0,0,65.60417832
1368,Lake,48.65251705,1,0,58.31130741
1369,Lake,47.79156322,1,0,55.38177870
1370,Lake,55.56731894,0,0,49.72079028
1371,Lake,42.01757857,0,0,66.48427257
1372,Lake,62.80948810,0,0,53.55755520
1373,Lake,40.90422258,1,1,68.87127584
1374,Lake,48.29801620,0,0,59.79127639
1375,Lake,61.96858329,1,1,57.04903373
1376,Lake,60.37157698,0,0,62.29881415
1377,Lake,49.98047080,1,0,63.73838505
1378,Lake,51.95865678,1,1,60.20082478
1379,Lake,68.23285014,0,0,55.83329056
1380,Lake,64.69153556,0,0,52.25483668
1381,Lake,56.54493948,0,0,54.20279886
1382,Lake,69.71970694,0,0,48.04037711
1383,Lake,43.28992617,0,0,54.83965769
1384,Lake,49.21319497,1,1,68.11538880
1385,Lake,49.26512436,1,0,60.52850527
1386,Lake,65.35228790,0,0,55.02635348
1387,Lake,54.60201442,1,1,62.99098732
1388,Lake,60.23731869,0,0,53.44592261
1389,Lake,62.32437587,0,0,52.52650903
1390,Lake,57.40148145,1,0,57.05434332
1391,Lake,43.78814622,0,0,71.61673273
1392,Lake,70.09420534,1,0,44.20136317
1393,Lake,32.59434192,1,1,67.65477359
1394,Lake,59.35749049,0,0,66.63826185
1395,Lake,56.92519499,1,0,68.44990964
1396,Lake,49.69157095,0,0,59.66283545
1397,Lake,47.66674261,0,0,67.36272146
1398,Lake,62.37275942,0,0,60.24564964
1399,Lake,53.86367864,1,1,55.40776143
1400,Lake,52.96433460,1,0,48.97053265
1401,Lake,50.29010393,1,1,58.79678880
1402,Lake,40.72530708,1,1,64.98047965
1403,Lake,58.84468390,0,0,62.14804442
1404,Lake,45.74111484,1,0,52.74921255
1405,Lake,52.57440381,0,0,43.04393829
1406,Lake,55.63611912,1,0,63.37122993
1407,Lake,54.50545343,1,1,64.80616813
1408,Lake,65.48619404,1,1,58.99120568
1409,Lake,55.56917947,0,0,50.71590258
1410,Lake,51.86976950,1,0,61.18049132
1411,Lake,59.45935084,1,1,64.29780199
1412,Lake,31.30858647,1,1,68.44618571
1413,Lake,45.43954112,1,1,70.81085374
1414,Lake,54.49177012,1,0,50.27865371
1415,Lake,45.31785390,1,1,67.04374250
1416,Lake,55.51237428,0,0,52.53572736
1417,Lake,62.67500575,1,0,51.73287052
1418,Lake,47.01802165,1,0,54.06277492
1419,Lake,56.46378629,0,0,54.14499534
1420,Lake,59.36387917,1,1,63.67627907
1421,Lake,49.95393343,0,0,60.37649015
1422,Lake,40.18355636,1,1,72.82542615
1423,Lake,44.22466802,0,0,61.00456010
1424,Lake,61.67673675,0,0,58.84067820
1425,Lake,41.45114395,1,0,59.14699937
1426,Lake,34.33430327,0,0,71.93152032
1427,Lake,43.38003305,0,0,61.28824095
1428,Lake,49.96204751,0,0,59.05348432
1429,Lake,54.60999552,0,0,64.25245235
1430,Lake,46.24766049,0,0,56.22308994
1431,Lake,50.79303278,0,0,56.19953607
1432,Lake,59.01965123,1,1,57.13497316
1433,Lake,54.17166668,0,0,51.09824499
1434,Lake,61.22669330,1,1,57.75937204
1435,Lake,40.77044707,1,1,65.45344794
1436,Lake,56.90155167,1,0,51.48500788
1437,Lake,52.80867839,0,0,56.46940749
1438,Lake,71.86287679,1,1,45.53177371
1439,Lake,50.36653460,0,0,56.71989130
1440,Lake,54.92221651,0,0,58.22677472
1441,Lake,54.02655330,0,0,68.93998559
1442,Lake,35.05499038,0,0,59.11866171
1443,Lake,45.19650964,0,0,62.49745504
1444,Lake,59.82587931,0,0,55.65484542
1445,Lake,45.80537082,1,0,60.19718177
1446,Lake,55.55311028,0,0,55.49996309
1447,Lake,38.02875425,0,0,62.03741736
1448,Lake,62.57774605,0,0,64.90022643
1449,Lake,49.66276921,1,0,58.19216070
1450,Lake,59.82342150,0,0,58.85566264
1451,Lake,48.71606076,1,0,52.10969134
1452,Lake,49.99768823,1,1,59.82711704
1453,Lake,62.48094323,0,0,42.66681319
1454,Lake,66.21602965,1,1,68.71557097
1455,Lake,48.03154243,1,1,66.67073611
1456,Lake,55.93868578,0,0,44.53595451
1457,Lake,44.94734287,1,1,66.97673530
1458,Lake,49.52669527,0,0,56.99582849
1459,Lake,48.98282061,0,0,64.23878304
1460,Lake,46.18598201,1,0,55.21893251
1461,Lake,51.64567164,0,0,66.20179781
1462,Lake,59.91301039,1,1,58.89264276
1463,Lake,43.53293644,0,0,55.48106211
1464,Lake,38.89945268,0,0,61.01967142
1465,Lake,51.10748959,0,0,66.79392126
1466,Lake,52.39104634,1,1,61.57946174
1467,Lake,54.93496128,1,1,60.67889057
1468,Lake,55.18543304,0,0,59.95238841
1469,Lake,58.73892026,0,0,61.90954845
1470,Lake,47.24090890,1,1,55.43829949
1471,Lake,44.05131093,1,0,58.21985090
1472,Lake,42.64645976,1,0,60.44301790
1473,Lake,51.09900691,1,0,59.90071626
1474,Lake,34.83050512,0,0,50.66436706
1475,Lake,50.10573136,1,0,54.60254552
1476,Lake,49.67145726,1,1,54.87162898
1477,Lake,46.10804327,0,0,64.08515789
1478,Lake,46.57234610,1,1,60.03453686
1479,Lake,54.01869351,0,0,60.93175335
1480,Lake,57.76223841,1,0,56.70040125
1481,Lake,53.73236271,1,1,69.63604229
1482,Lake,66.79773908,0,0,43.19272648
1483,Lake,35.51519231,1,1,70.58371081
1484,Lake,58.91708194,0,0,60.80686890
1485,Lake,43.42015845,0,0,60.19442269
1486,Lake,51.78176317,1,0,60.44322540
1487,Lake,49.93549767,1,1,62.41641288
1488,Lake,53.47181343,0,0,57.04742866
1489,Lake,42.94202872,0,0,59.82635331
1490,Lake,50.92665515,1,0,59.22091123
1491,Lake,39.56517010,1,0,56.73127344
1492,Lake,36.85803322,0,0,68.04588402
1493,Lake,38.01043088,0,0,70.56695654
1494,Lake,54.60270638,1,0,61.66232302
1495,Lake,65.54451983,1,0,40.25630350
1496,Lake,64.11605953,1,0,54.22451532
1497,Lake,46.01277246,1,1,61.79843954
1498,Lake,55.58601016,0,0,54.55701915
1499,Lake,57.43819658,1,1,59.79044719
1500,Lake,41.12214737,0,0,68.40623544
1501,Lake,65.59180119,1,0,63.95972552
1502,Lake,33.44978940,0,0,64.47697203
1503,Lake,49.33480667,0,0,66.97568171
1504,Lake,34.29333124,0,0,59.59299561
1505,Lake,51.15183326,0,0,63.65832866
1506,Lake,56.31595987,0,0,56.45036999
1507,Lake,52.06493853,1,0,52.15890886
1508,Lake,48.73767700,0,0,62.08955843
1509,Lake,42.45222034,0,0,65.53926246
1510,Lake,62.35161500,0,0,55.84116132
1511,Lake,42.57715896,1,0,58.01738100
1512,Lake,36.64264553,1,1,71.99722873
1513,Lake,63.56617658,0,0,50.33253996
1514,Lake,53.81991303,1,0,61.28492714
1515,Lake,18.08857757,0,0,64.65098949
1516,Lake,44.68307037,1,1,67.25420433
1517,Lake,41.73463691,0,0,48.39087712
1518,Lake,52.43812501,1,1,66.23763527
1519,Lake,32.83030430,0,0,67.18271667
1520,Lake,61.00140648,0,0,55.41246998
1521,Lake,57.85167385,1,1,52.57632036
1522,Lake,54.80583042,1,1,67.80386169
1523,Lake,44.15705077,0,0,66.12550080
1524,Lake,46.24791837,0,0,59.37240642
1525,Lake,42.85131432,0,0,65.63900242
1526,Lake,49.54818715,0,0,61.75941093
1527,Lake,67.94290113,0,0,58.10901252
1528,Lake,55.55546116,1,0,58.46859969
1529,Lake,56.54536104,0,0,55.60813625
1530,Lake,39.91482113,0,0,71.45307732
1531,Lake,46.96582069,1,0,72.78081480
1532,Lake,61.04763845,0,0,52.20647893
1533,Lake,53.99208977,1,0,62.63237870
1534,Lake,41.56765541,1,1,62.26718005
1535,Lake,60.31224544,1,1,57.37024732
1536,Lake,55.53084402,0,0,57.33624985
1537,Lake,54.30627511,1,0,52.51948708
1538,Lake,58.12316553,0,0,54.07116202
1539,Lake,61.05326557,0,0,55.00103573
1540,Lake,52.80910484,0,0,57.66847621
1541,Lake,41.95088077,1,1,67.66046554
1542,Lake,40.84066006,0,0,72.29886489
1543,Lake,45.49484508,1,0,52.31336684
1544,Lake,36.96560768,0,0,71.87803060
1545,Lake,53.30086513,1,0,56.88679157
1546,Lake,30.71273929,0,0,59.15232470
1547,Lake,47.01941075,0,0,65.04182349
1548,Lake,46.30345075,0,0,59.93178100
1549,Lake,37.46869496,0,0,60.06714681
1550,Lake,59.43230363,0,0,50.87824668
1551,Lake,52.23008089,0,0,60.39172681
1552,Lake,53.49922137,0,0,60.77676979
1553,Lake,50.88026726,0,0,61.95773600
1554,Lake,42.53054106,1,0,64.31022429
1555,Lake,43.94495043,0,0,66.15928228
1556,Lake,49.69200185,0,0,55.02682345
1557,Lake,43.35211770,1,0,57.75044250
1558,Lake,33.84149906,1,0,68.61095442
1559,Lake,44.68913767,0,0,54.04684776
1560,Lake,40.13455289,1,1,76.30155324
1561,Lake,42.79741198,1,1,58.25292066
1562,Lake,53.22291346,0,0,54.87681989
1563,Lake,58.71132540,0,0,65.25010578
1564,Lake,49.31534667,0,0,56.98999973
1565,Lake,40.13913150,1,1,64.54493722
1566,Lake,34.09592352,0,0,59.49670280
1567,Lake,62.20129293,0,0,49.66719539
1568,Lake,64.33678652,0,0,54.38030725
1569,Lake,60.76593060,1,0,60.55610518
1570,Lake,59.86955128,1,0,58.31477650
1571,Lake,33.69561210,0,0,68.09980948
1572,Lake,39.16014375,0,0,60.63764144
1573,Lake,48.40566518,1,1,67.25454736
1574,Lake,60.13076122,1,1,59.14911639
1575,Lake,53.04509236,1,1,67.97301687
1576,Lake,41.82506720,1,1,68.07924686
1577,Lake,51.38720847,0,0,65.17382254
1578,Lake,43.17408938,1,0,59.75297829
1579,Lake,61.52999046,0,0,60.23856173
1580,Lake,64.72402919,1,0,57.92638466
1581,Lake,65.29694060,1,0,59.77100647
1582,Lake,58.66431174,0,0,55.79112424
1583,Lake,67.21867053,1,1,53.65447794
1584,Lake,45.38764398,1,1,60.27789838
1585,Lake,52.80981871,1,1,68.74920380
1586,Lake,44.65077525,0,0,65.84424256
1587,Lake,54.94712588,1,0,54.99469491
1588,Lake,54.32289509,0,0,52.17023712
1589,Lake,56.12301127,0,0,58.17146158
1590,Lake,57.17553313,0,0,52.24233378
1591,Lake,48.18706424,0,0,62.54735918
1592,Lake,52.94346153,0,0,64.85502572
1593,Lake,41.45393303,1,0,65.20460901
1594,Lake,63.68538806,0,0,55.35325865
1595,Lake,43.31061639,0,0,57.78292338
1596,Lake,49.92867484,1,0,55.33998804
1597,Lake,48.44992509,1,0,51.96203235
1598,Lake,56.74575842,1,1,56.87080364
1599,Lake,48.63636216,0,0,53.52535205
1600,Lake,45.83333284,1,0,60.43254814
1601,Lake,42.07725651,1,1,69.64628242
1602,Lake,54.33280451,1,1,69.12889994
1603,Lake,45.72343020,0,0,62.94211893
1604,Lake,48.04251600,1,1,68.41641273
1605,Lake,37.81415207,1,1,59.78526895
1606,Lake,59.64174146,1,1,62.77067842
1607,Lake,53.87045551,1,1,53.96292227
1608,Lake,52.51996156,1,1,53.42426397
1609,Lake,59.11703277,0,0,60.95526289
1610,Lake,53.20344183,1,1,67.82034927
1611,Lake,63.89353792,0,0,51.59086887
1612,Lake,65.35771182,0,0,48.71725979
1613,Lake,50.88984034,0,0,63.66731788
1614,Lake,51.41990355,1,1,59.04527791
1615,Lake,45.48653354,0,0,61.51320152
1616,Lake,66.66889710,1,1,61.73154940
1617,Lake,37.58728140,1,1,71.93310840
1618,Lake,60.99091098,0,0,49.86416711
1619,Lake,57.74688776,0,0,64.01643371
1620,Lake,49.73539684,0,0,58.27477132
1621,Lake,55.43639961,0,0,56.95868340
1622,Lake,56.22913757,0,0,59.95203232
1623,Lake,52.28729238,0,0,62.30864118
1624,Lake,44.13186398,1,1,59.48226739
1625,Lake,40.31211206,0,0,65.64441017
1626,Lake,46.27582552,1,0,58.01841243
1627,Lake,62.59879778,0,0,56.49473269
1628,Lake,42.85164911,0,0,72.70679809
1629,Lake,42.82627773,1,0,66.71835893
1630,Lake,44.28216445,0,0,61.83322431
1631,Lake,52.55189022,0,0,54.49150543
1632,Lake,37.65033315,1,1,70.16870211
1633,Lake,47.58938595,1,1,67.78580103
1634,Lake,41.95395356,1,0,53.15435947
1635,Lake,49.56768197,0,0,58.62674268
1636,Lake,76.91392902,1,1,48.97064126
1637,Lake,55.66405250,1,0,58.99537577
1638,Lake,42.07389209,1,0,66.57547639
1639,Lake,45.85448306,1,1,64.35045528
1640,Lake,55.13156161,0,0,57.57099194
1641,Lake,50.74234509,1,0,61.94017382
1642,Lake,73.91925137,1,1,61.42032367
1643,Lake,43.60414434,0,0,62.90851477
1644,Lake,47.11634319,0,0,67.14962498
1645,Lake,51.22122679,1,1,63.07143686
1646,Lake,50.94121178,0,0,58.84956853
1647,Lake,51.24890023,1,1,68.95887146
1648,Lake,52.15788305,1,0,65.30942427
1649,Lake,35.38231147,0,0,63.94038558
1650,Lake,57.73353523,0,0,45.37177336
1651,Lake,55.81428567,0,0,55.44613292
1652,Lake,59.11136714,1,1,63.75983685
1653,Lake,50.24505487,1,1,64.19761680
1654,Lake,59.40736417,0,0,55.01033693
1655,Lake,44.06189766,1,1,64.64125439
1656,Lake,45.62704990,0,0,64.60624019
1657,Lake,45.90938095,1,1,58.57747543
1658,Lake,60.82450055,1,0,56.46144318
1659,Lake,47.26388367,0,0,59.91170727
1660,Lake,52.21229699,1,1,64.82593202
1661,Lake,60.05535305,1,0,66.79121522
1662,Lake,65.36126665,1,0,42.98901919
1663,Lake,53.73196068,0,0,61.43286825
1664,Lake,40.04800624,1,0,49.79239471
1665,Lake,60.70503416,1,1,56.32468894
1666,Lake,41.11879627,1,1,68.11010391
1667,Lake,50.85428766,0,0,69.00282344
1668,Lake,51.88492329,0,0,58.40103205
1669,Lake,64.40666904,1,0,46.99074476
1670,Lake,53.22317366,1,0,60.00181847
1671,Lake,54.44992016,1,1,62.70784779
1672,Lake,50.91854973,0,0,55.74547390
1673,Lake,42.24629241,0,0,70.63698746
1674,Lake,61.59611808,1,1,66.99851989
1675,Lake,38.48890469,0,0,63.64681381
1676,Lake,47.65005263,0,0,62.33396165
1677,Lake,39.14423281,0,0,64.72433900
1678,Lake,44.32800297,0,0,60.69619861
1679,Lake,56.69884714,0,0,54.54976570
1680,Lake,50.45128164,0,0,62.66250023
1681,Lake,57.03926428,1,0,59.26650365
1682,Lake,44.34147738,1,1,59.07523322
1683,Lake,37.70724559,1,1,63.14316131
1684,Lake,48.44611839,0,0,63.39106515
1685,Lake,48.05950354,1,1,63.56313056
1686,Lake,58.02511740,1,0,60.99383718
1687,Lake,50.34380128,0,0,58.09798098
1688,Lake,53.76274595,1,0,54.90598122
1689,Lake,36.91519906,1,0,59.30091672
1690,Lake,40.28493756,0,0,63.67199940
1691,Lake,47.97392899,0,0,66.44644965
1692,Lake,36.53962395,1,1,70.85947049
1693,Lake,40.67241592,0,0,71.52340405
1694,Lake,62.94762655,1,0,65.71895308
1695,Lake,38.05045736,1,1,69.59671556
1696,Lake,48.82913294,1,0,70.15412916
1697,Lake,44.88212382,1,0,59.45756631
1698,Lake,52.80475243,0,0,64.65719623
1699,Lake,49.08942383,1,0,61.90608302
1700,Lake,47.57599459,0,0,56.54136716
1701,Lake,66.67035540,1,0,56.79811904
1702,Lake,36.82510192,0,0,59.18961825
1703,Lake,56.99400950,1,0,51.32645400
1704,Lake,61.32753121,1,0,51.87606001
1705,Lake,37.55984416,0,0,69.16846595
1706,Lake,48.84723034,1,0,68.81529662
1707,Lake,53.12273780,1,0,59.30667292
1708,Lake,47.68372605,1,1,69.68622063
1709,Lake,60.16380823,0,0,57.17556697
1710,Lake,44.63138535,1,0,67.40034887
1711,Lake,50.99042611,1,1,60.22246119
1712,Lake,44.52637520,1,0,63.52404865
1713,Lake,42.91405314,1,0,60.75919732
1714,Lake,43.87352864,0,0,66.12957896
1715,Lake,62.27464754,1,1,55.90286402
1716,Lake,33.82670045,1,1,74.61525688
1717,Lake,50.07589104,0,0,59.79135401
1718,Lake,44.27745244,0,0,52.45691481
1719,Lake,41.07793544,0,0,58.91335249
1720,Lake,60.37738329,1,0,63.51213668
1721,Lake,51.95406501,1,0,60.69267149
1722,Lake,50.57595893,0,0,59.28610625
1723,Lake,36.41033483,1,1,72.61558237
1724,Lake,48.75966292,1,0,63.97379424
1725,Lake,39.85472220,1,0,69.20059327
1726,Lake,41.89091748,1,1,64.12696466
1727,Lake,49.24386020,1,0,68.38493455
1728,Lake,58.23994438,0,0,61.82222740
1729,Lake,62.07747554,1,1,55.89204671
1730,Lake,53.08423889,0,0,58.71283517
1731,Lake,67.28236933,0,0,56.64448011
1732,Lake,61.90660164,1,0,48.59732332
1733,Lake,53.75355950,0,0,56.03731272
1734,Lake,37.35029355,0,0,67.63752566
1735,Lake,60.40859095,1,1,57.31996191
1736,Lake,51.39953711,0,0,68.52361160
1737,Lake,69.47427252,1,1,46.57233139
1738,Lake,47.93041896,1,1,54.41760521
1739,Lake,44.26027447,0,0,55.26547627
1740,Lake,51.00159254,1,1,59.05588256
1741,Lake,44.37563394,0,0,67.40473901
1742,Lake,55.19370163,0,0,55.87580136
1743,Lake,33.91345046,1,1,66.26843696
1744,Lake,50.67011174,0,0,57.59123726
1745,Lake,54.14060534,0,0,48.26815833
1746,Lake,55.61062581,0,0,63.42653726
1747,Lake,34.08756400,1,1,59.96806693
1748,Lake,49.97361712,1,0,64.51740345
1749,Lake,38.49168869,1,0,62.86748320
1750,Lake,55.55844775,0,0,56.92236957
1751,Lake,57.41477760,1,1,56.70027650
1752,Lake,52.29725432,0,0,59.31102062
1753,Lake,48.29904537,0,0,54.32984555
1754,Lake,48.08658251,1,0,62.11471442
1755,Lake,61.10530489,0,0,68.24224883
1756,Lake,57.65642692,1,1,67.02107019
1757,Lake,51.14014951,1,1,63.88635044
1758,Lake,40.08334910,0,0,61.40461066
1759,Lake,44.20482249,1,1,71.66063474
1760,Lake,57.94549143,1,1,60.70495929
1761,Lake,41.40955662,1,0,67.06751932
1762,Lake,60.50448268,1,0,55.99780492
1763,Lake,65.09975950,0,0,57.06147772
1764,Lake,37.70895102,0,0,70.98389217
1765,Lake,42.73435438,0,0,55.01817072
1766,Lake,42.80769194,1,1,67.43149498
1767,Lake,63.58521100,1,0,59.66147246
1768,Lake,42.15177000,1,1,61.09750585
1769,Lake,57.04570524,0,0,64.04063396
1770,Lake,49.15552432,1,0,65.55644070
1771,Lake,44.11211093,1,1,66.79534254
1772,Lake,58.94556672,0,0,58.26709533
1773,Lake,60.23919705,1,0,67.48353171
1774,Lake,35.98633343,1,1,75.95473007
1775,Lake,43.34277015,1,0,65.20447226
1776,Lake,53.52181387,1,1,59.94797350
1777,Lake,63.97677579,1,0,51.86031241
1778,Lake,34.65940367,0,0,71.16451171
1779,Lake,44.37253230,1,1,56.80449257
1780,Lake,50.99847045,0,0,58.66404927
1781,Lake,54.95823964,1,0,51.36119215
1782,Lake,47.28705175,1,0,55.57882732
1783,Lake,51.25310743,1,1,65.60169379
1784,Lake,57.30164430,1,1,61.42867469
1785,Lake,33.33632088,0,0,72.56750267
1786,Lake,63.52119799,1,1,51.85246688
1787,Lake,70.48372557,0,0,44.01134670
1788,Lake,44.41931197,0,0,58.62238776
1789,Lake,52.16287810,0,0,58.72736182
1790,Lake,57.52926567,0,0,56.67497576
1791,Lake,45.27979147,1,1,65.57398868
1792,Lake,43.82589034,0,0,46.38255022
1793,Lake,48.73110374,1,0,62.92895814
1794,Lake,39.82732263,1,0,68.16032870
1795,Lake,46.92729889,0,0,67.33006486
1796,Lake,40.06324237,1,1,57.96609568
1797,Lake,53.78113012,0,0,52.46631760
1798,Lake,38.09261990,1,1,62.50169773
1799,Lake,46.13179582,1,0,56.75724514
1800,Lake,37.78942637,1,1,67.70159537
1801,Lake,62.66522282,1,0,47.92770300
1802,Lake,59.04099163,0,0,55.42323112
1803,Lake,30.82027086,0,0,73.44657981
1804,Lake,55.11547316,0,0,55.53164002
1805,Lake,42.28337663,1,0,72.34349613
1806,Lake,44.48556488,0,0,66.83214089
1807,Lake,35.44204246,1,1,68.52178201
1808,Lake,36.01250190,0,0,60.01944613
1809,Lake,48.09734056,0,0,61.49180767
1810,Lake,59.57163608,0,0,62.85485898
1811,Lake,43.29344910,0,0,60.62236012
1812,Lake,53.20219459,0,0,60.61674624
1813,Lake,37.41560506,0,0,63.03271577
1814,Lake,45.48226618,0,0,68.16952461
1815,Lake,41.58264387,0,0,68.36472737
1816,Lake,42.01149983,1,0,65.78850121
1817,Lake,43.52676299,0,0,53.85565799
1818,Lake,43.59284461,0,0,55.35376594
1819,Lake,45.47884600,0,0,65.42430751
1820,Lake,53.12767243,1,0,57.78251271
1821,Lake,50.09855446,0,0,63.60821174
1822,Lake,56.45987516,0,0,54.00161683
1823,Lake,41.61805310,1,0,62.73056621
1824,Lake,47.13706347,1,1,51.98781419
1825,Lake,65.05185589,1,0,58.64962033
1826,Lake,50.72541821,1,0,63.39110868
1827,Lake,46.66669171,0,0,60.32191701
1828,Lake,41.20183851,1,1,71.20538818
1829,Lake,28.14798966,1,0,73.26757014
1830,Lake,53.19097882,1,1,65.30573457
1831,Lake,45.76138547,0,0,58.68032651
1832,Lake,46.30977101,1,1,61.63471287
1833,Lake,39.67603281,0,0,66.76266530
1834,Lake,68.60289317,1,1,51.24708824
1835,Lake,50.71987395,0,0,60.14827074
1836,Lake,53.11076205,1,0,58.25566368
1837,Lake,60.06673576,1,0,65.46435218
1838,Lake,47.05474322,1,0,58.14424502
1839,Lake,47.63525875,0,0,64.74984088
1840,Lake,51.02104411,1,0,57.75345097
1841,Lake,71.54036997,0,0,47.21099610
1842,Lake,31.45619745,1,1,68.43063813
1843,Lake,50.85668952,1,1,70.20069608
1844,Lake,56.98068007,1,0,56.19547894
1845,Lake,49.62638963,0,0,66.86139326
1846,Lake,53.97310582,1,0,68.50889557
1847,Lake,42.44572756,1,0,59.86301447
1848,Lake,39.09421562,1,0,65.84941005
1849,Lake,43.78045660,0,0,61.29902375
1850,Lake,63.23943533,0,0,55.08924725
1851,Lake,54.94528073,0,0,59.04617427
1852,Lake,63.28629014,0,0,55.20888871
1853,Lake,49.14132525,0,0,56.10741880
1854,Lake,31.59882032,0,0,74.35386222
1855,Lake,58.74601317,0,0,49.98622769
1856,Lake,55.00457429,0,0,41.91271461
1857,Lake,51.99628552,0,0,52.80746370
1858,Lake,47.41910476,0,0,57.54559590
1859,Lake,42.70728568,0,0,73.67484440
1860,Lake,49.12569938,0,0,63.78495484
1861,Lake,44.11880275,1,0,55.22356901
1862,Lake,62.68558798,1,0,62.44868903
1863,Lake,49.24768593,1,0,56.90500868
1864,Lake,67.76505363,0,0,56.75250354
1865,Lake,51.01272572,0,0,63.67252565
1866,Lake,31.79410686,1,1,62.06085262
1867,Lake,48.72547249,0,0,66.61218416
1868,Lake,57.27868268,1,1,63.27682566
1869,Lake,60.05940144,0,0,67.76503270
1870,Lake,57.49313111,1,0,62.09425371
1871,Lake,56.09211044,1,1,58.39755730
1872,Lake,60.18109239,1,0,60.82758954
1873,Lake,63.24516040,1,1,59.93815364
1874,Lake,56.84796452,1,1,62.67634519
1875,Lake,51.04022643,1,0,60.76318643
1876,Lake,49.29740773,1,0,50.11882515
1877,Lake,54.89837177,0,0,59.78466604
1878,Lake,57.17498345,0,0,52.87033017
1879,Lake,55.31582392,0,0,55.70345326
1880,Lake,51.23116400,0,0,55.79396937
1881,Lake,46.26795036,1,0,62.01352164
1882,Lake,29.51974623,1,1,63.14540270
1883,Lake,42.19597714,0,0,78.22387595
1884,Lake,63.80922058,1,0,56.96041594
1885,Lake,55.09575722,0,0,48.00395122
1886,Lake,58.22485647,0,0,55.37318766
1887,Lake,46.42498058,1,1,59.91194992
1888,Lake,32.53816902,1,1,72.67159532
1889,Lake,40.31264278,1,1,66.56402923
1890,Lake,34.66002028,0,0,69.37301876
1891,Lake,42.54887113,1,1,82.56889867
1892,Lake,55.05621108,1,1,69.31380901
1893,Lake,62.91087041,0,0,49.85626100
1894,Lake,50.13326680,1,1,64.62111201
1895,Lake,43.34585050,0,0,56.90561026
1896,Lake,54.31830116,1,1,60.60995451
1897,Lake,53.43474563,0,0,60.23525663
1898,Lake,57.29984226,0,0,62.78783818
1899,Lake,46.88609186,1,0,63.15331622
1900,Lake,54.76011652,1,0,59.14633726
1901,Lake,44.67550707,0,0,66.45850407
1902,Lake,52.08305289,0,0,57.85101457
1903,Lake,60.39577204,0,0,57.23589808
1904,Lake,37.57436210,0,0,68.71670925
1905,Lake,50.10640114,0,0,58.38841736
1906,Lake,53.72859545,0,0,61.24417387
1907,Lake,51.28410699,1,0,62.50718398
1908,Lake,47.45987725,1,1,60.08774058
1909,Lake,61.45535390,1,0,53.98284972
1910,Lake,46.18576124,0,0,51.84483789
1911,Lake,59.01896781,0,0,62.86870237
1912,Lake,44.97521079,1,0,53.31155824
1913,Lake,54.60321416,1,1,65.17775570
1914,Lake,56.47672899,1,0,56.78945865
1915,Lake,69.17029610,0,0,51.33527884
1916,Lake,50.27889888,0,0,68.00973808
1917,Lake,64.20492066,1,0,47.81309878
1918,Lake,53.11716844,0,0,61.39438240
1919,Lake,40.51490038,0,0,72.73040136
1920,Lake,44.21903267,0,0,67.87249009
1921,Ridge,69.16205469,0,0,51.34417242
1922,Ridge,64.87375421,1,1,62.53598396
1923,Ridge,73.40798394,0,0,52.20787915
1924,Ridge,56.42121901,0,0,67.67125880
1925,Ridge,54.94095792,1,1,55.03074066
1926,Ridge,56.70468618,0,0,58.87587060
1927,Ridge,44.06288674,0,0,57.64015360
1928,Ridge,54.64768647,1,1,70.99747966
1929,Ridge,49.08896208,0,0,57.87764228
1930,Ridge,52.72674353,0,0,58.09603715
1931,Ridge,68.18546418,0,0,47.71340267
1932,Ridge,54.47036788,1,0,63.69470407
1933,Ridge,64.89212169,1,1,50.08264101
1934,Ridge,45.03309044,1,1,66.16413896
1935,Ridge,48.27899701,1,1,63.79523001
1936,Ridge,49.51377253,1,0,64.84717742
1937,Ridge,52.97421652,1,1,60.16916460
1938,Ridge,53.37700257,1,1,63.64395099
1939,Ridge,54.62068530,1,1,68.35227099
1940,Ridge,57.96313321,0,0,60.07576908
1941,Ridge,49.57645791,1,0,56.58143072
1942,Ridge,63.80308672,0,0,68.08817985
1943,Ridge,59.79186301,1,1,66.52752895
1944,Ridge,45.55516559,0,0,63.71502598
1945,Ridge,54.72527784,0,0,62.09037292
1946,Ridge,67.78399797,1,1,60.83038628
1947,Ridge,77.73759980,1,0,53.39238797
1948,Ridge,50.89049552,1,1,65.86640108
1949,Ridge,41.52179603,1,1,66.20033027
1950,Ridge,57.91829824,0,0,61.64819921
1951,Ridge,54.44580142,1,1,54.14585243
1952,Ridge,62.09166007,0,0,63.53447348
1953,Ridge,54.44810290,1,0,70.76392806
1954,Ridge,63.81431171,1,1,56.69504731
1955,Ridge,48.03285770,1,0,58.51060512
1956,Ridge,38.19763907,1,0,59.83596716
1957,Ridge,52.21428939,1,0,60.62966940
1958,Ridge,69.18017320,0,0,46.78836756
1959,Ridge,54.83545311,0,0,60.07856608
1960,Ridge,41.61911246,1,1,69.97941954
1961,Ridge,59.18669557,1,1,66.37619018
1962,Ridge,62.31649832,0,0,55.49848374
1963,Ridge,64.72824594,0,0,57.00829872
1964,Ridge,56.34521014,0,0,63.97716224
1965,Ridge,59.57041172,0,0,55.22686995
1966,Ridge,45.96184624,1,0,60.61056616
1967,Ridge,44.68913636,0,0,67.11443425
1968,Ridge,62.18740254,0,0,59.99661465
1969,Ridge,45.33691178,1,1,71.17691346
1970,Ridge,57.44189739,1,1,57.75364146
1971,Ridge,50.53170807,1,1,62.16852035
1972,Ridge,64.56335527,0,0,46.41950301
1973,Ridge,53.43215263,1,0,67.90485243
1974,Ridge,45.04769262,0,0,58.42541292
1975,Ridge,48.04888186,1,1,67.17538441
1976,Ridge,38.76406123,1,1,67.36825466
1977,Ridge,51.40231142,1,1,65.90666448
1978,Ridge,45.61873836,1,0,62.79457477
1979,Ridge,50.84976163,1,1,55.02059527
1980,Ridge,57.98183463,0,0,47.73004874
1981,Ridge,44.44696507,0,0,52.03251968
1982,Ridge,53.28307996,1,1,62.30053274
1983,Ridge,45.81659487,1,1,64.90994352
1984,Ridge,44.29140215,0,0,73.16478660
1985,Ridge,65.27033155,1,1,61.53726172
1986,Ridge,42.84410782,1,1,63.55940796
1987,Ridge,44.49410868,1,1,60.19753323
1988,Ridge,58.07025575,0,0,61.86940158
1989,Ridge,69.76049795,0,0,46.12734053
1990,Ridge,47.68954287,0,0,60.10894226
1991,Ridge,46.26189195,1,0,63.77196382
1992,Ridge,46.70941438,1,1,56.21378492
1993,Ridge,66.11973841,1,0,54.86709715
1994,Ridge,34.38904199,1,1,70.72325377
1995,Ridge,60.46292099,1,1,59.52982352
1996,Ridge,45.65786346,1,1,70.55504016
1997,Ridge,48.17190091,0,0,58.80531335
1998,Ridge,41.67576584,0,0,64.00493605
1999,Ridge,51.21570418,0,0,66.88065144
2000,Ridge,38.52010792,0,0,70.48042349
2001,Ridge,47.74496090,0,0,65.21660829
2002,Ridge,61.75072794,1,1,59.66063077
2003,Ridge,51.72017209,0,0,57.12553477
2004,Ridge,51.21438025,1,1,65.88886346
2005,Ridge,49.97169881,1,1,73.92847600
2006,Ridge,59.67991083,0,0,54.99047717
2007,Ridge,52.98195244,1,1,66.02055292
2008,Ridge,42.47418907,1,1,58.24668313
2009,Ridge,49.03917830,1,1,60.22067058
2010,Ridge,49.93621678,1,0,57.55743797
2011,Ridge,64.70529663,0,0,43.40357643
2012,Ridge,57.69406768,0,0,57.23927680
2013,Ridge,59.38394680,0,0,51.73099072
2014,Ridge,56.16000492,0,0,62.14471619
2015,Ridge,53.91834607,0,0,64.15913240
2016,Ridge,55.74086760,1,0,63.53332337
2017,Ridge,51.17106052,0,0,51.08366858
2018,Ridge,65.01103160,1,1,43.55870258
2019,Ridge,43.17241675,1,1,63.43019635
2020,Ridge,54.19308427,1,0,53.87133873
2021,Ridge,63.01535277,1,1,65.62420081
2022,Ridge,52.52939149,1,0,64.33902650
2023,Ridge,43.40343413,0,0,68.68579619
2024,Ridge,43.42729705,1,0,60.23921978
2025,Ridge,63.63210678,1,1,55.13902177
2026,Ridge,52.64677560,0,0,59.07003463
2027,Ridge,70.42666141,1,1,49.90467312
2028,Ridge,57.40798646,0,0,48.10039563
2029,Ridge,37.51811016,1,1,71.64622356
2030,Ridge,63.11680153,1,1,52.77285323
2031,Ridge,72.01292357,1,1,58.65704164
2032,Ridge,36.15150442,1,0,59.98144678
2033,Ridge,40.00400585,1,1,61.69202871
2034,Ridge,54.69766730,1,0,58.09137862
2035,Ridge,48.74080231,0,0,61.06668671
2036,Ridge,54.26708889,0,0,44.12105936
2037,Ridge,57.79788026,0,0,59.57013627
2038,Ridge,55.65034770,1,1,66.86396069
2039,Ridge,66.30442906,1,0,50.35607794
2040,Ridge,45.94357377,0,0,56.91967755
2041,Ridge,53.99993007,0,0,57.59625158
2042,Ridge,66.88509299,0,0,44.58033745
2043,Ridge,51.24169510,0,0,54.22338336
2044,Ridge,55.47093863,1,1,61.13835201
2045,Ridge,54.95952046,0,0,50.53281226
2046,Ridge,67.39083236,0,0,52.12725566
2047,Ridge,48.56838212,1,1,68.44713712
2048,Ridge,57.53260047,1,0,49.55642468
2049,Ridge,49.98799064,0,0,56.13356775
2050,Ridge,51.10034955,1,1,63.73273887
2051,Ridge,46.98600574,0,0,53.48364136
2052,Ridge,50.92243706,0,0,58.67886022
2053,Ridge,53.68306495,1,1,63.98649086
2054,Ridge,58.68535730,1,0,56.27114867
2055,Ridge,69.30992786,1,1,57.61312456
2056,Ridge,69.37926103,0,0,42.19503703
2057,Ridge,46.83606717,0,0,58.63739119
2058,Ridge,56.55246509,0,0,61.65041243
2059,Ridge,52.67704675,1,0,54.15497183
2060,Ridge,61.24729793,1,1,61.62555234
2061,Ridge,59.23274631,0,0,48.00177264
2062,Ridge,48.50480564,0,0,56.56748109
2063,Ridge,61.85595433,1,1,65.44518781
2064,Ridge,34.35523506,0,0,59.87183663
2065,Ridge,52.77421353,1,1,52.06613177
2066,Ridge,41.48289333,1,0,63.11460284
2067,Ridge,44.21586387,0,0,62.69812967
2068,Ridge,56.62520622,0,0,52.79163141
2069,Ridge,59.75814223,0,0,49.15747661
2070,Ridge,62.60321378,0,0,52.85426343
2071,Ridge,70.43282572,1,1,47.85061937
2072,Ridge,38.48707257,0,0,73.45783073
2073,Ridge,64.50508556,0,0,52.89189019
2074,Ridge,47.99151280,0,0,62.25553116
2075,Ridge,67.45916437,0,0,54.16850251
2076,Ridge,64.74609238,0,0,50.03604980
2077,Ridge,51.44418613,1,1,62.62790665
2078,Ridge,44.44664577,1,1,75.79646610
2079,Ridge,60.48908844,0,0,56.10903609
2080,Ridge,62.97192360,1,0,49.85947777
2081,Ridge,61.56004204,0,0,55.37071835
2082,Ridge,37.17235366,1,0,59.53086667
2083,Ridge,62.62118992,0,0,51.29742345
2084,Ridge,42.73776911,0,0,65.50025186
2085,Ridge,55.40602387,1,1,72.47105588
2086,Ridge,50.13306684,1,0,59.47722619
2087,Ridge,42.37459303,1,0,61.15885414
2088,Ridge,54.48101426,0,0,60.66883069
2089,Ridge,49.56943468,0,0,57.50195969
2090,Ridge,47.73279314,0,0,50.81093325
2091,Ridge,45.27130235,1,1,66.16076244
2092,Ridge,58.99444114,1,1,67.46684121
2093,Ridge,65.24310481,0,0,45.42161559
2094,Ridge,45.14898170,0,0,54.30376432
2095,Ridge,56.02274551,1,1,64.71614265
2096,Ridge,51.41929482,0,0,59.10486400
2097,Ridge,38.42373423,0,0,69.60766437
2098,Ridge,57.18386872,0,0,61.02893005
2099,Ridge,58.12656280,0,0,56.50527866
2100,Ridge,64.11202256,1,1,48.50437841
2101,Ridge,56.01402370,0,0,48.44128043
2102,Ridge,55.85836031,1,1,65.48315574
2103,Ridge,47.06334041,0,0,62.99832518
2104,Ridge,64.28600675,1,1,58.32568078
2105,Ridge,38.23144549,0,0,71.67597000
2106,Ridge,59.10921517,1,0,53.79215462
2107,Ridge,58.27587124,0,0,61.69794006
2108,Ridge,53.58947941,1,0,55.29219639
2109,Ridge,59.18688430,1,0,56.23361698
2110,Ridge,53.72598219,0,0,70.01647234
2111,Ridge,49.75164987,0,0,60.11547567
2112,Ridge,56.66872710,0,0,55.51130520
2113,Ridge,70.44181185,0,0,46.27568164
2114,Ridge,46.40482844,1,1,71.27190166
2115,Ridge,56.58483737,0,0,55.51869561
2116,Ridge,50.72374641,1,1,63.30647032
2117,Ridge,57.10080953,0,0,54.53930872
2118,Ridge,48.41953355,0,0,59.66618525
2119,Ridge,50.31068702,1,1,70.36826322
2120,Ridge,62.66377378,0,0,58.36972149
2121,Ridge,63.43884349,1,0,56.11107723
2122,Ridge,53.23213916,1,0,50.15336086
2123,Ridge,51.56700405,1,1,66.71120600
2124,Ridge,64.79066616,1,1,58.29440918
2125,Ridge,58.28692642,1,0,45.81268347
2126,Ridge,53.40015601,1,1,58.78251916
2127,Ridge,75.72757828,0,0,53.12090111
2128,Ridge,62.71818987,1,1,58.80909694
2129,Ridge,58.44833229,1,1,60.10477575
2130,Ridge,60.86511939,1,1,64.63699947
2131,Ridge,40.84739347,1,1,66.13762692
2132,Ridge,53.47143817,1,1,66.03064323
2133,Ridge,60.10024988,1,1,63.91475854
2134,Ridge,48.48016307,0,0,58.28879306
2135,Ridge,72.74695207,0,0,37.73421070
2136,Ridge,62.32154492,1,1,57.17370052
2137,Ridge,58.59279307,1,1,68.69083488
2138,Ridge,60.83929995,1,1,62.16752453
2139,Ridge,75.11077952,0,0,52.82132340
2140,Ridge,42.70303703,1,1,61.29630064
2141,Ridge,47.22254089,1,1,62.84473361
2142,Ridge,71.16149640,0,0,57.97275564
2143,Ridge,55.85848965,1,1,61.95395013
2144,Ridge,42.90289752,1,1,64.60476354
2145,Ridge,37.42535227,0,0,64.44054655
2146,Ridge,71.38630683,0,0,44.48034963
2147,Ridge,46.64337637,1,1,62.80785916
2148,Ridge,52.80189712,1,1,69.39780576
2149,Ridge,50.04736442,1,0,57.45348647
2150,Ridge,43.49815607,1,1,75.16433885
2151,Ridge,50.97051455,1,0,56.20910872
2152,Ridge,46.93398968,1,1,47.91488493
2153,Ridge,44.56924005,1,1,67.38291652
2154,Ridge,30.98555585,0,0,55.29517988
2155,Ridge,51.58275175,0,0,62.81430166
2156,Ridge,67.61757384,0,0,53.10195438
2157,Ridge,57.16570635,0,0,63.46193221
2158,Ridge,60.61167759,1,1,63.73419613
2159,Ridge,64.62962087,1,0,58.12715755
2160,Ridge,68.50232303,0,0,55.50398365
2161,Ridge,42.14837127,0,0,66.93008931
2162,Ridge,45.33438026,1,0,60.37260702
2163,Ridge,47.30647475,1,1,57.48001899
2164,Ridge,54.05642606,0,0,56.68696456
2165,Ridge,59.19666137,1,1,59.80989626
2166,Ridge,49.50709979,0,0,60.63822093
2167,Ridge,56.99091926,0,0,66.71186161
2168,Ridge,67.32419238,0,0,45.65607252
2169,Ridge,50.20800541,1,0,58.08032881
2170,Ridge,47.07626025,0,0,64.72401772
2171,Ridge,60.69969544,0,0,51.92823870
2172,Ridge,50.68259795,1,0,44.97190520
2173,Ridge,49.29226110,0,0,63.14123528
2174,Ridge,51.31068449,1,1,60.86583261
2175,Ridge,54.69018812,0,0,58.98088892
2176,Ridge,59.18166231,0,0,56.29104002
2177,Ridge,52.91553648,1,0,51.16547231
2178,Ridge,49.21473555,1,1,59.18052760
2179,Ridge,56.92036420,0,0,64.10776369
2180,Ridge,54.59179011,0,0,53.44442867
2181,Ridge,48.49460945,0,0,67.80406847
2182,Ridge,53.14741391,1,1,62.82220034
2183,Ridge,48.95905200,1,1,57.57022972
2184,Ridge,56.64373266,0,0,57.48614950
2185,Ridge,59.18423857,0,0,50.71576435
2186,Ridge,53.39667558,1,0,47.09524595
2187,Ridge,45.00950572,1,1,64.95287778
2188,Ridge,57.46056943,0,0,57.48286965
2189,Ridge,51.33560304,0,0,57.47409955
2190,Ridge,56.97152975,0,0,55.74078533
2191,Ridge,58.18440764,0,0,54.09020008
2192,Ridge,55.94721790,1,1,66.28584107
2193,Ridge,54.04080701,1,1,70.76969275
2194,Ridge,53.15069378,1,1,64.19026869
2195,Ridge,57.34620450,0,0,61.33619807
2196,Ridge,56.25177730,0,0,55.78433702
2197,Ridge,44.02547256,1,0,52.96140763
2198,Ridge,65.28700334,0,0,55.04441684
2199,Ridge,42.28105376,1,1,60.68886516
2200,Ridge,40.40242275,0,0,59.12976233
2201,Ridge,50.22233670,0,0,60.56855844
2202,Ridge,43.99415531,0,0,71.43740905
2203,Ridge,50.97229910,1,0,62.07192429
2204,Ridge,32.79586097,0,0,58.53816488
2205,Ridge,62.75459682,0,0,56.10111189
2206,Ridge,47.71349101,0,0,57.78808879
2207,Ridge,67.42664798,0,0,52.65084657
2208,Ridge,49.47620555,1,1,68.92251145
2209,Ridge,69.54872899,1,0,44.07273765
2210,Ridge,61.03324976,1,1,54.64035763
2211,Ridge,44.35224649,0,0,55.60879319
2212,Ridge,51.76627069,0,0,58.20172682
2213,Ridge,52.35636881,0,0,64.38663328
2214,Ridge,52.40111399,1,1,69.23753355
2215,Ridge,51.89387570,1,1,59.57437791
2216,Ridge,55.46528014,0,0,56.94488062
2217,Ridge,43.57466756,1,1,66.14331281
2218,Ridge,36.88195516,0,0,59.44906253
2219,Ridge,54.68088888,1,1,69.34409793
2220,Ridge,45.77145828,1,1,57.48912081
2221,Ridge,54.50164550,1,1,57.67844873
2222,Ridge,69.25225301,0,0,50.11491082
2223,Ridge,55.59452504,0,0,55.05796612
2224,Ridge,42.90357468,1,1,56.50678868
2225,Ridge,33.76464405,1,1,65.50088642
2226,Ridge,56.86807012,0,0,58.96236005
2227,Ridge,51.47094150,1,1,65.33083439
2228,Ridge,33.75946470,1,1,75.53522590
2229,Ridge,53.56014818,0,0,58.72734177
2230,Ridge,48.75003231,0,0,65.57727292
2231,Ridge,44.34066875,1,1,59.74841992
2232,Ridge,51.82729025,1,1,76.82725568
2233,Ridge,55.30643675,0,0,65.05384625
2234,Ridge,37.39825050,1,1,64.86083510
2235,Ridge,46.89184442,0,0,61.88073893
2236,Ridge,60.38551842,1,1,53.67214476
2237,Ridge,75.27029926,1,0,47.38681863
2238,Ridge,68.92832081,1,0,52.43423704
2239,Ridge,64.49731900,1,1,61.48278913
2240,Ridge,63.35998258,1,1,62.31087065
2241,Ridge,47.31991193,1,1,62.40900567
2242,Ridge,60.86372684,1,1,48.42638473
2243,Ridge,63.58366174,1,0,62.05847619
2244,Ridge,45.42831106,1,1,66.48625412
2245,Ridge,52.43636522,0,0,49.20161200
2246,Ridge,49.73351176,0,0,63.52056983
2247,Ridge,45.51687704,0,0,66.50170068
2248,Ridge,55.59874395,1,1,68.86982882
2249,Ridge,47.28258494,1,1,69.37909579
2250,Ridge,41.79263565,1,1,61.81425261
2251,Ridge,45.39691971,1,1,68.90187088
2252,Ridge,57.52113409,0,0,53.79918769
2253,Ridge,49.64881054,1,1,66.18744327
2254,Ridge,53.62342590,1,1,61.73244408
2255,Ridge,49.35575416,0,0,63.29179599
2256,Ridge,41.22239827,1,0,70.29572321
2257,Ridge,54.01471043,0,0,50.58800106
2258,Ridge,56.14129637,0,0,54.16839336
2259,Ridge,64.41689617,0,0,63.56414974
2260,Ridge,45.51152860,1,0,68.29830829
2261,Ridge,66.08887207,0,0,59.26790264
2262,Ridge,51.82335188,1,0,54.96934692
2263,Ridge,46.21048773,0,0,61.87307402
2264,Ridge,52.91947606,1,1,53.50688977
2265,Ridge,50.20406524,1,1,64.27395028
2266,Ridge,42.33230083,1,1,71.56665616
2267,Ridge,48.16348384,0,0,55.80915184
2268,Ridge,48.41357534,1,1,67.91893196
2269,Ridge,63.81975714,1,0,60.35559092
2270,Ridge,52.62432511,0,0,59.09442330
2271,Ridge,59.08803985,1,0,53.30203839
2272,Ridge,51.35080167,1,0,61.09007807
2273,Ridge,51.86578953,0,0,53.41912268
2274,Ridge,67.89273070,1,1,48.99319191
2275,Ridge,47.88190283,1,1,64.25390946
2276,Ridge,47.82965989,1,1,71.10989889
2277,Ridge,45.13149965,1,1,71.99758212
2278,Ridge,66.51172232,1,1,58.50330528
2279,Ridge,57.68197596,0,0,56.80873653
2280,Ridge,61.70575213,0,0,58.15897521
2281,Ridge,68.60622210,1,1,62.86485250
2282,Ridge,52.81980752,1,1,62.29880316
2283,Ridge,60.28571018,1,1,61.70171967
2284,Ridge,55.73472065,1,1,71.81024805
2285,Ridge,59.32137464,1,0,57.75770022
2286,Ridge,58.56526284,1,1,61.21400369
2287,Ridge,61.77517931,1,1,60.39101445
2288,Ridge,49.20268996,0,0,60.63959438
2289,Ridge,67.20917439,1,1,58.66884354
2290,Ridge,67.18131442,1,1,52.75902354
2291,Ridge,72.54983184,1,1,58.16927334
2292,Ridge,54.62177847,0,0,51.82936403
2293,Ridge,67.72750314,0,0,68.85940362
2294,Ridge,64.47785697,1,0,64.11963473
2295,Ridge,39.80552371,1,1,67.38630420
2296,Ridge,55.35769997,1,0,66.92517008
2297,Ridge,68.82063530,1,0,50.39507798
2298,Ridge,58.07810681,0,0,54.21718262
2299,Ridge,71.97634470,0,0,52.46630688
2300,Ridge,47.79069388,1,0,56.55507826
2301,Ridge,61.57702129,0,0,56.39472231
2302,Ridge,43.18256578,1,1,74.24026280
2303,Ridge,59.79654384,1,1,65.20051803
2304,Ridge,51.37120294,1,1,69.68202796
2305,Ridge,69.51914501,0,0,41.45521799
2306,Ridge,67.14743039,1,1,36.32496290
2307,Ridge,56.52823564,0,0,45.97412179
2308,Ridge,57.23615889,0,0,68.58390559
2309,Ridge,49.69976250,0,0,61.94391706
2310,Ridge,67.06739434,1,0,58.63908973
2311,Ridge,65.01796045,0,0,47.90485703
2312,Ridge,49.21065113,0,0,68.91688771
2313,Ridge,47.58054041,1,1,58.60941007
2314,Ridge,66.92517226,0,0,51.98475250
2315,Ridge,58.08530353,1,0,58.26798868
2316,Ridge,52.48322087,1,1,59.21384733
2317,Ridge,50.06593964,1,1,61.09624350
2318,Ridge,68.90944127,0,0,44.83146429
2319,Ridge,55.68356072,0,0,53.74402122
2320,Ridge,53.48472381,0,0,50.98127862
2321,Ridge,78.71143349,1,0,63.30602979
2322,Ridge,62.28430204,1,1,70.56795327
2323,Ridge,43.33169229,1,1,60.99392102
2324,Ridge,64.04984728,0,0,63.61702470
2325,Ridge,44.03622152,0,0,53.95479711
2326,Ridge,54.09491263,0,0,51.58688706
2327,Ridge,54.42179346,0,0,65.39935521
2328,Ridge,71.39706942,1,1,61.74537919
2329,Ridge,52.81147466,1,1,61.80811013
2330,Ridge,62.51323698,0,0,55.92230336
2331,Ridge,66.81337690,1,1,58.17223707
2332,Ridge,74.11566758,0,0,50.64365498
2333,Ridge,60.05662046,1,1,61.53224458
2334,Ridge,58.59873994,0,0,46.75787251
2335,Ridge,54.95566468,0,0,57.72425424
2336,Ridge,56.29705135,0,0,60.78771128
2337,Ridge,58.07142538,0,0,55.55907262
2338,Ridge,50.92226600,0,0,54.02443262
2339,Ridge,50.75623397,0,0,59.00699787
2340,Ridge,49.50507588,0,0,52.11542938
2341,Ridge,63.20161095,1,0,49.50308606
2342,Ridge,30.10713185,0,0,66.87120540
2343,Ridge,56.39800660,0,0,60.78988988
2344,Ridge,55.24221548,1,0,51.55536151
2345,Ridge,51.77073452,1,1,66.79466177
2346,Ridge,60.87819799,1,1,56.07038596
2347,Ridge,59.02972838,1,1,66.80116583
2348,Ridge,62.61713028,1,1,61.41311618
2349,Ridge,47.79529802,1,1,66.43599885
2350,Ridge,49.44943513,1,1,64.84586546
2351,Ridge,57.73049255,1,1,60.18671180
2352,Ridge,65.19877932,0,0,43.98833851
2353,Ridge,38.15537268,1,0,63.12391449
2354,Ridge,42.27046495,0,0,62.49184246
2355,Ridge,54.31796881,1,1,58.09153117
2356,Ridge,57.37819536,1,1,63.61708826
2357,Ridge,48.77028081,0,0,65.44247026
2358,Ridge,58.53620476,1,1,70.07610969
2359,Ridge,49.10690422,0,0,45.51641558
2360,Ridge,72.69986454,1,1,59.08284284
2361,Ridge,49.19722551,1,1,65.85599850
2362,Ridge,55.97478171,0,0,67.02363598
2363,Ridge,50.59769979,0,0,67.39775806
2364,Ridge,46.72494296,1,1,66.77288638
2365,Ridge,37.12806258,1,0,69.29672893
2366,Ridge,47.03519144,0,0,51.96848190
2367,Ridge,48.81556397,1,1,74.69597522
2368,Ridge,66.40404932,1,0,51.16024768
2369,Ridge,52.54089417,1,1,67.26196618
2370,Ridge,55.71773858,0,0,68.83633553
2371,Ridge,52.38722174,1,1,75.21485263
2372,Ridge,36.03188549,1,1,67.64842095
2373,Ridge,54.75935090,1,1,61.81822061
2374,Ridge,55.99073238,1,1,78.87796342
2375,Ridge,53.49286887,0,0,65.74773418
2376,Ridge,55.68872301,1,0,55.33412328
2377,Ridge,66.28360154,0,0,52.83595896
2378,Ridge,53.18726075,0,0,59.03768470
2379,Ridge,48.64638212,0,0,53.10849438
2380,Ridge,63.37359013,1,1,60.82550532
2381,Ridge,55.33600239,0,0,52.53537976
2382,Ridge,63.58154402,1,1,60.58852893
2383,Ridge,54.20325313,1,0,45.55398459
2384,Ridge,60.53384625,1,1,60.70034687
2385,Ridge,58.12037680,0,0,52.84171951
2386,Ridge,46.69341966,0,0,60.76579531
2387,Ridge,42.47756364,0,0,64.53927520
2388,Ridge,46.10192711,1,1,60.14793454
2389,Ridge,56.09248565,1,0,53.51767849
2390,Ridge,57.34219564,0,0,58.75792191
2391,Ridge,54.02730014,1,1,58.79630572
2392,Ridge,63.34736514,1,0,56.76296467
2393,Ridge,47.68674711,0,0,65.41222886
2394,Ridge,42.31396196,0,0,58.34637225
2395,Ridge,45.23070622,1,1,57.95187948
2396,Ridge,50.27040655,0,0,58.48318125
2397,Ridge,44.21364070,0,0,63.58791220
2398,Ridge,59.99104031,1,1,61.34643376
2399,Ridge,50.79854379,1,1,67.04632773
2400,Ridge,53.78228937,1,0,54.33742787
